,,,,,,,,,,,,,,,,,,,
,,,,,,,,,,,,,,,,,,,
Service Type,Service Name,Cost Centre Code,Cost Centre Code Desc,Cost type,Subjective Code Desc,Year/Month,Actual / Forecast,Unit type,Units,Total cost,Per unit cost,Assignment number,Specialty (standardised),Site / Location,Directorate / Division,Staff group,Pay type,WTE equivalent,Cost per hour
,Integrated Emergency and Medical Pathways,257505,UEC HCG MANAGEMENT,Pay,Admin & Clerical,2023-11,,WTE,-0.10,-£614.81,,,Integrated Emergency and Medical Pathways,,Integrated Emergency and Medical Pathways,Admin & Clerical Staff,Bank,-0.10,
,Integrated Emergency and Medical Pathways,257505,UEC HCG MANAGEMENT,Pay,Admin & Clerical,2023-11,,WTE,-4.96,"-£15,414.37",,,Integrated Emergency and Medical Pathways,,Integrated Emergency and Medical Pathways,Admin & Clerical Staff,Substantive,-4.96,
,Integrated Emergency and Medical Pathways,257505,UEC HCG MANAGEMENT,Pay,Admin & Clerical,2023-12,,WTE,-0.05,£417.27,,,Integrated Emergency and Medical Pathways,,Integrated Emergency and Medical Pathways,Admin & Clerical Staff,Bank,-0.05,
,Integrated Emergency and Medical Pathways,257505,UEC HCG MANAGEMENT,Pay,Admin & Clerical,2023-12,,WTE,-5.16,"-£16,887.07",,,Integrated Emergency and Medical Pathways,,Integrated Emergency and Medical Pathways,Admin & Clerical Staff,Substantive,-5.16,
,Integrated Emergency and Medical Pathways,257505,UEC HCG MANAGEMENT,Pay,Admin & Clerical,2024-01,,WTE,-0.16,"-£1,057.37",,,Integrated Emergency and Medical Pathways,,Integrated Emergency and Medical Pathways,Admin & Clerical Staff,Bank,-0.16,
,Integrated Emergency and Medical Pathways,257505,UEC HCG MANAGEMENT,Pay,Admin & Clerical,2024-01,,WTE,-5.16,"-£16,887.07",,,Integrated Emergency and Medical Pathways,,Integrated Emergency and Medical Pathways,Admin & Clerical Staff,Substantive,-5.16,
,Integrated Emergency and Medical Pathways,257505,UEC HCG MANAGEMENT,Pay,Admin & Clerical,2024-02,,WTE,-0.15,"-£1,122.76",,,Integrated Emergency and Medical Pathways,,Integrated Emergency and Medical Pathways,Admin & Clerical Staff,Bank,-0.15,
,Integrated Emergency and Medical Pathways,257505,UEC HCG MANAGEMENT,Pay,Admin & Clerical,2024-02,,WTE,-4.11,"-£13,001.53",,,Integrated Emergency and Medical Pathways,,Integrated Emergency and Medical Pathways,Admin & Clerical Staff,Substantive,-4.11,
,Integrated Emergency and Medical Pathways,257505,UEC HCG MANAGEMENT,Pay,Admin & Clerical,2024-03,,WTE,0.00,-£0.04,,,Integrated Emergency and Medical Pathways,,Integrated Emergency and Medical Pathways,Admin & Clerical Staff,Bank,0.00,
,Integrated Emergency and Medical Pathways,257505,UEC HCG MANAGEMENT,Pay,Admin & Clerical,2024-03,,WTE,-6.04,"-£20,095.67",,,Integrated Emergency and Medical Pathways,,Integrated Emergency and Medical Pathways,Admin & Clerical Staff,Substantive,-6.04,
,Integrated Emergency and Medical Pathways,257505,UEC HCG MANAGEMENT,Pay,Medical,2023-11,,WTE,-1.00,"-£14,373.23",,,Integrated Emergency and Medical Pathways,,Integrated Emergency and Medical Pathways,Medical Staff,Substantive,-1.00,
,Integrated Emergency and Medical Pathways,257505,UEC HCG MANAGEMENT,Pay,Medical,2023-12,,WTE,-1.00,"-£12,935.23",,,Integrated Emergency and Medical Pathways,,Integrated Emergency and Medical Pathways,Medical Staff,Substantive,-1.00,
,Integrated Emergency and Medical Pathways,257505,UEC HCG MANAGEMENT,Pay,Medical,2024-01,,WTE,0.00,"-£10,599.00",,,Integrated Emergency and Medical Pathways,,Integrated Emergency and Medical Pathways,Medical Staff,Bank,0.00,
,Integrated Emergency and Medical Pathways,257505,UEC HCG MANAGEMENT,Pay,Medical,2024-01,,WTE,-1.00,"-£14,013.73",,,Integrated Emergency and Medical Pathways,,Integrated Emergency and Medical Pathways,Medical Staff,Substantive,-1.00,
,Integrated Emergency and Medical Pathways,257505,UEC HCG MANAGEMENT,Pay,Medical,2024-02,,WTE,0.00,-£635.94,,,Integrated Emergency and Medical Pathways,,Integrated Emergency and Medical Pathways,Medical Staff,Bank,0.00,
,Integrated Emergency and Medical Pathways,257505,UEC HCG MANAGEMENT,Pay,Medical,2024-02,,WTE,-1.00,"-£13,778.90",,,Integrated Emergency and Medical Pathways,,Integrated Emergency and Medical Pathways,Medical Staff,Substantive,-1.00,
,Integrated Emergency and Medical Pathways,257505,UEC HCG MANAGEMENT,Pay,Medical,2024-03,,WTE,0.00,£635.94,,,Integrated Emergency and Medical Pathways,,Integrated Emergency and Medical Pathways,Medical Staff,Bank,0.00,
,Integrated Emergency and Medical Pathways,257505,UEC HCG MANAGEMENT,Pay,Medical,2024-03,,WTE,-1.00,"-£40,583.15",,,Integrated Emergency and Medical Pathways,,Integrated Emergency and Medical Pathways,Medical Staff,Substantive,-1.00,
,Integrated Emergency and Medical Pathways,257505,UEC HCG MANAGEMENT,Pay,Nursing,2023-11,,WTE,-7.80,"-£44,169.70",,,Integrated Emergency and Medical Pathways,,Integrated Emergency and Medical Pathways,Nursing & Midwifery Staff,Substantive,-7.80,
,Integrated Emergency and Medical Pathways,257505,UEC HCG MANAGEMENT,Pay,Nursing,2023-12,,WTE,-7.80,"-£48,631.28",,,Integrated Emergency and Medical Pathways,,Integrated Emergency and Medical Pathways,Nursing & Midwifery Staff,Substantive,-7.80,
,Integrated Emergency and Medical Pathways,257505,UEC HCG MANAGEMENT,Pay,Nursing,2024-01,,WTE,-6.80,"-£69,164.56",,,Integrated Emergency and Medical Pathways,,Integrated Emergency and Medical Pathways,Nursing & Midwifery Staff,Substantive,-6.80,
,Integrated Emergency and Medical Pathways,257505,UEC HCG MANAGEMENT,Pay,Nursing,2024-02,,WTE,0.00,£12.51,,,Integrated Emergency and Medical Pathways,,Integrated Emergency and Medical Pathways,Nursing & Midwifery Staff,Agency,0.00,
,Integrated Emergency and Medical Pathways,257505,UEC HCG MANAGEMENT,Pay,Nursing,2024-02,,WTE,-8.80,"-£53,849.52",,,Integrated Emergency and Medical Pathways,,Integrated Emergency and Medical Pathways,Nursing & Midwifery Staff,Substantive,-8.80,
,Integrated Emergency and Medical Pathways,257505,UEC HCG MANAGEMENT,Pay,Nursing,2024-03,,WTE,-8.80,"-£53,114.51",,,Integrated Emergency and Medical Pathways,,Integrated Emergency and Medical Pathways,Nursing & Midwifery Staff,Substantive,-8.80,
,Integrated Emergency and Medical Pathways,257505,UEC HCG MANAGEMENT,Pay,Snr Managers,2023-11,,WTE,-7.00,"-£44,184.05",,,Integrated Emergency and Medical Pathways,,Integrated Emergency and Medical Pathways,Senior Managers,Substantive,-7.00,
,Integrated Emergency and Medical Pathways,257505,UEC HCG MANAGEMENT,Pay,Snr Managers,2023-12,,WTE,-6.10,"-£45,316.09",,,Integrated Emergency and Medical Pathways,,Integrated Emergency and Medical Pathways,Senior Managers,Substantive,-6.10,
,Integrated Emergency and Medical Pathways,257505,UEC HCG MANAGEMENT,Pay,Snr Managers,2024-01,,WTE,-5.00,"-£30,247.66",,,Integrated Emergency and Medical Pathways,,Integrated Emergency and Medical Pathways,Senior Managers,Substantive,-5.00,
,Integrated Emergency and Medical Pathways,257505,UEC HCG MANAGEMENT,Pay,Snr Managers,2024-02,,WTE,-5.62,"-£39,210.50",,,Integrated Emergency and Medical Pathways,,Integrated Emergency and Medical Pathways,Senior Managers,Substantive,-5.62,
,Integrated Emergency and Medical Pathways,257505,UEC HCG MANAGEMENT,Pay,Snr Managers,2024-03,,WTE,-7.38,"-£48,961.55",,,Integrated Emergency and Medical Pathways,,Integrated Emergency and Medical Pathways,Senior Managers,Substantive,-7.38,
,Integrated Emergency and Medical Pathways,257506,COVID 19 - URGENT & EMERGENCY,Pay,Admin & Clerical,2023-12,,WTE,0.00,£58.63,,,Integrated Emergency and Medical Pathways,,Integrated Emergency and Medical Pathways,Admin & Clerical Staff,Bank,0.00,
,Integrated Emergency and Medical Pathways,257506,COVID 19 - URGENT & EMERGENCY,Pay,Medical,2023-11,,WTE,0.00,£54.00,,,Integrated Emergency and Medical Pathways,,Integrated Emergency and Medical Pathways,Medical Staff,Agency,0.00,
,Integrated Emergency and Medical Pathways,257506,COVID 19 - URGENT & EMERGENCY,Pay,Nursing,2023-11,,WTE,0.00,-£54.00,,,Integrated Emergency and Medical Pathways,,Integrated Emergency and Medical Pathways,Nursing & Midwifery Staff,Bank,0.00,
,Integrated Emergency and Medical Pathways,257506,COVID 19 - URGENT & EMERGENCY,Pay,Nursing,2023-12,,WTE,0.00,£117.15,,,Integrated Emergency and Medical Pathways,,Integrated Emergency and Medical Pathways,Nursing & Midwifery Staff,Bank,0.00,
,Urgent and Emergency Care,257510,MEDICAL STAFF - EMERGENCY DEPT,Pay,Medical,2023-11,,WTE,-8.53,"-£141,478.00",,,Adult ED,,Integrated Emergency and Medical Pathways,Medical Staff,Agency,-8.53,
,Urgent and Emergency Care,257510,MEDICAL STAFF - EMERGENCY DEPT,Pay,Medical,2023-11,,WTE,-2.96,"-£103,145.05",,,Adult ED,,Integrated Emergency and Medical Pathways,Medical Staff,Bank,-2.96,
,Urgent and Emergency Care,257510,MEDICAL STAFF - EMERGENCY DEPT,Pay,Medical,2023-11,,WTE,-63.61,"-£530,672.40",,,Adult ED,,Integrated Emergency and Medical Pathways,Medical Staff,Substantive,-63.61,
,Urgent and Emergency Care,257510,MEDICAL STAFF - EMERGENCY DEPT,Pay,Medical,2023-12,,WTE,-10.89,"-£181,534.74",,,Adult ED,,Integrated Emergency and Medical Pathways,Medical Staff,Agency,-10.89,
,Urgent and Emergency Care,257510,MEDICAL STAFF - EMERGENCY DEPT,Pay,Medical,2023-12,,WTE,-6.96,"-£113,315.76",,,Adult ED,,Integrated Emergency and Medical Pathways,Medical Staff,Bank,-6.96,
,Urgent and Emergency Care,257510,MEDICAL STAFF - EMERGENCY DEPT,Pay,Medical,2023-12,,WTE,-64.46,"-£601,962.66",,,Adult ED,,Integrated Emergency and Medical Pathways,Medical Staff,Substantive,-64.46,
,Urgent and Emergency Care,257510,MEDICAL STAFF - EMERGENCY DEPT,Pay,Medical,2024-01,,WTE,-7.51,"-£123,495.92",,,Adult ED,,Integrated Emergency and Medical Pathways,Medical Staff,Agency,-7.51,
,Urgent and Emergency Care,257510,MEDICAL STAFF - EMERGENCY DEPT,Pay,Medical,2024-01,,WTE,-6.41,"-£100,348.00",,,Adult ED,,Integrated Emergency and Medical Pathways,Medical Staff,Bank,-6.41,
,Urgent and Emergency Care,257510,MEDICAL STAFF - EMERGENCY DEPT,Pay,Medical,2024-01,,WTE,-61.18,"-£586,809.25",,,Adult ED,,Integrated Emergency and Medical Pathways,Medical Staff,Substantive,-61.18,
,Urgent and Emergency Care,257510,MEDICAL STAFF - EMERGENCY DEPT,Pay,Medical,2024-02,,WTE,-7.54,"-£117,889.88",,,Adult ED,,Integrated Emergency and Medical Pathways,Medical Staff,Agency,-7.54,
,Urgent and Emergency Care,257510,MEDICAL STAFF - EMERGENCY DEPT,Pay,Medical,2024-02,,WTE,-6.90,"-£107,304.46",,,Adult ED,,Integrated Emergency and Medical Pathways,Medical Staff,Bank,-6.90,
,Urgent and Emergency Care,257510,MEDICAL STAFF - EMERGENCY DEPT,Pay,Medical,2024-02,,WTE,-58.56,"-£625,485.52",,,Adult ED,,Integrated Emergency and Medical Pathways,Medical Staff,Substantive,-58.56,
,Urgent and Emergency Care,257510,MEDICAL STAFF - EMERGENCY DEPT,Pay,Medical,2024-03,,WTE,-6.85,"-£112,812.71",,,Adult ED,,Integrated Emergency and Medical Pathways,Medical Staff,Agency,-6.85,
,Urgent and Emergency Care,257510,MEDICAL STAFF - EMERGENCY DEPT,Pay,Medical,2024-03,,WTE,-6.56,"-£23,624.24",,,Adult ED,,Integrated Emergency and Medical Pathways,Medical Staff,Bank,-6.56,
,Urgent and Emergency Care,257510,MEDICAL STAFF - EMERGENCY DEPT,Pay,Medical,2024-03,,WTE,-58.60,"-£575,802.47",,,Adult ED,,Integrated Emergency and Medical Pathways,Medical Staff,Substantive,-58.60,
,Urgent and Emergency Care,257510,MEDICAL STAFF - EMERGENCY DEPT,Pay,Nursing,2023-11,,WTE,-0.44,"-£4,278.35",,,Adult ED,,Integrated Emergency and Medical Pathways,Nursing & Midwifery Staff,Bank,-0.44,
,Urgent and Emergency Care,257510,MEDICAL STAFF - EMERGENCY DEPT,Pay,Nursing,2023-11,,WTE,-6.55,"-£38,851.77",,,Adult ED,,Integrated Emergency and Medical Pathways,Nursing & Midwifery Staff,Substantive,-6.55,
,Urgent and Emergency Care,257510,MEDICAL STAFF - EMERGENCY DEPT,Pay,Nursing,2023-12,,WTE,-0.27,"-£2,360.43",,,Adult ED,,Integrated Emergency and Medical Pathways,Nursing & Midwifery Staff,Bank,-0.27,
,Urgent and Emergency Care,257510,MEDICAL STAFF - EMERGENCY DEPT,Pay,Nursing,2023-12,,WTE,-6.35,"-£38,495.20",,,Adult ED,,Integrated Emergency and Medical Pathways,Nursing & Midwifery Staff,Substantive,-6.35,
,Urgent and Emergency Care,257510,MEDICAL STAFF - EMERGENCY DEPT,Pay,Nursing,2024-01,,WTE,-0.14,"-£1,393.26",,,Adult ED,,Integrated Emergency and Medical Pathways,Nursing & Midwifery Staff,Bank,-0.14,
,Urgent and Emergency Care,257510,MEDICAL STAFF - EMERGENCY DEPT,Pay,Nursing,2024-01,,WTE,-6.35,"-£39,273.30",,,Adult ED,,Integrated Emergency and Medical Pathways,Nursing & Midwifery Staff,Substantive,-6.35,
,Urgent and Emergency Care,257510,MEDICAL STAFF - EMERGENCY DEPT,Pay,Nursing,2024-02,,WTE,-0.25,"-£2,142.84",,,Adult ED,,Integrated Emergency and Medical Pathways,Nursing & Midwifery Staff,Bank,-0.25,
,Urgent and Emergency Care,257510,MEDICAL STAFF - EMERGENCY DEPT,Pay,Nursing,2024-02,,WTE,-6.35,"-£38,884.83",,,Adult ED,,Integrated Emergency and Medical Pathways,Nursing & Midwifery Staff,Substantive,-6.35,
,Urgent and Emergency Care,257510,MEDICAL STAFF - EMERGENCY DEPT,Pay,Nursing,2024-03,,WTE,-0.51,"-£4,653.55",,,Adult ED,,Integrated Emergency and Medical Pathways,Nursing & Midwifery Staff,Bank,-0.51,
,Urgent and Emergency Care,257510,MEDICAL STAFF - EMERGENCY DEPT,Pay,Nursing,2024-03,,WTE,-6.35,"-£38,112.09",,,Adult ED,,Integrated Emergency and Medical Pathways,Nursing & Midwifery Staff,Substantive,-6.35,
,Urgent and Emergency Care,257510,MEDICAL STAFF - EMERGENCY DEPT,Pay,"Scientific, Therapeutic & Tech",2023-11,,WTE,-0.53,"-£2,630.31",,,Adult ED,,Integrated Emergency and Medical Pathways,"Scientific, Therapeutic & Technical Staff",Substantive,-0.53,
,Urgent and Emergency Care,257510,MEDICAL STAFF - EMERGENCY DEPT,Pay,"Scientific, Therapeutic & Tech",2023-12,,WTE,-0.53,"-£2,630.31",,,Adult ED,,Integrated Emergency and Medical Pathways,"Scientific, Therapeutic & Technical Staff",Substantive,-0.53,
,Urgent and Emergency Care,257510,MEDICAL STAFF - EMERGENCY DEPT,Pay,"Scientific, Therapeutic & Tech",2024-01,,WTE,-0.53,"-£2,630.31",,,Adult ED,,Integrated Emergency and Medical Pathways,"Scientific, Therapeutic & Technical Staff",Substantive,-0.53,
,Urgent and Emergency Care,257510,MEDICAL STAFF - EMERGENCY DEPT,Pay,"Scientific, Therapeutic & Tech",2024-02,,WTE,-0.53,"-£2,630.31",,,Adult ED,,Integrated Emergency and Medical Pathways,"Scientific, Therapeutic & Technical Staff",Substantive,-0.53,
,Urgent and Emergency Care,257510,MEDICAL STAFF - EMERGENCY DEPT,Pay,"Scientific, Therapeutic & Tech",2024-03,,WTE,-0.53,"-£2,630.31",,,Adult ED,,Integrated Emergency and Medical Pathways,"Scientific, Therapeutic & Technical Staff",Substantive,-0.53,
,Urgent and Emergency Care,257511,MEDICAL STAFF ACUTE MEDICINE,Pay,Medical,2023-11,,WTE,-8.75,"-£133,006.96",,,Acute Medicine,,Integrated Emergency and Medical Pathways,Medical Staff,Agency,-8.75,
,Urgent and Emergency Care,257511,MEDICAL STAFF ACUTE MEDICINE,Pay,Medical,2023-11,,WTE,-1.80,"-£62,202.14",,,Acute Medicine,,Integrated Emergency and Medical Pathways,Medical Staff,Bank,-1.80,
,Urgent and Emergency Care,257511,MEDICAL STAFF ACUTE MEDICINE,Pay,Medical,2023-11,,WTE,-42.40,"-£260,176.30",,,Acute Medicine,,Integrated Emergency and Medical Pathways,Medical Staff,Substantive,-42.40,
,Urgent and Emergency Care,257511,MEDICAL STAFF ACUTE MEDICINE,Pay,Medical,2023-12,,WTE,-10.55,"-£141,816.11",,,Acute Medicine,,Integrated Emergency and Medical Pathways,Medical Staff,Agency,-10.55,
,Urgent and Emergency Care,257511,MEDICAL STAFF ACUTE MEDICINE,Pay,Medical,2023-12,,WTE,-1.45,"-£16,538.01",,,Acute Medicine,,Integrated Emergency and Medical Pathways,Medical Staff,Bank,-1.45,
,Urgent and Emergency Care,257511,MEDICAL STAFF ACUTE MEDICINE,Pay,Medical,2023-12,,WTE,-45.80,"-£262,346.45",,,Acute Medicine,,Integrated Emergency and Medical Pathways,Medical Staff,Substantive,-45.80,
,Urgent and Emergency Care,257511,MEDICAL STAFF ACUTE MEDICINE,Pay,Medical,2024-01,,WTE,-10.72,"-£134,085.37",,,Acute Medicine,,Integrated Emergency and Medical Pathways,Medical Staff,Agency,-10.72,
,Urgent and Emergency Care,257511,MEDICAL STAFF ACUTE MEDICINE,Pay,Medical,2024-01,,WTE,-1.85,"-£50,054.18",,,Acute Medicine,,Integrated Emergency and Medical Pathways,Medical Staff,Bank,-1.85,
,Urgent and Emergency Care,257511,MEDICAL STAFF ACUTE MEDICINE,Pay,Medical,2024-01,,WTE,-49.12,"-£311,341.77",,,Acute Medicine,,Integrated Emergency and Medical Pathways,Medical Staff,Substantive,-49.12,
,Urgent and Emergency Care,257511,MEDICAL STAFF ACUTE MEDICINE,Pay,Medical,2024-02,,WTE,-5.73,"-£79,164.01",,,Acute Medicine,,Integrated Emergency and Medical Pathways,Medical Staff,Agency,-5.73,
,Urgent and Emergency Care,257511,MEDICAL STAFF ACUTE MEDICINE,Pay,Medical,2024-02,,WTE,-1.92,"-£41,949.63",,,Acute Medicine,,Integrated Emergency and Medical Pathways,Medical Staff,Bank,-1.92,
,Urgent and Emergency Care,257511,MEDICAL STAFF ACUTE MEDICINE,Pay,Medical,2024-02,,WTE,-47.92,"-£307,047.26",,,Acute Medicine,,Integrated Emergency and Medical Pathways,Medical Staff,Substantive,-47.92,
,Urgent and Emergency Care,257511,MEDICAL STAFF ACUTE MEDICINE,Pay,Medical,2024-03,,WTE,-4.27,"-£46,777.77",,,Acute Medicine,,Integrated Emergency and Medical Pathways,Medical Staff,Agency,-4.27,
,Urgent and Emergency Care,257511,MEDICAL STAFF ACUTE MEDICINE,Pay,Medical,2024-03,,WTE,-1.61,"£4,947.23",,,Acute Medicine,,Integrated Emergency and Medical Pathways,Medical Staff,Bank,-1.61,
,Urgent and Emergency Care,257511,MEDICAL STAFF ACUTE MEDICINE,Pay,Medical,2024-03,,WTE,-47.81,"-£322,994.27",,,Acute Medicine,,Integrated Emergency and Medical Pathways,Medical Staff,Substantive,-47.81,
,Urgent and Emergency Care,257511,MEDICAL STAFF ACUTE MEDICINE,Pay,Nursing,2023-11,,WTE,-6.76,"-£38,943.87",,,Acute Medicine,,Integrated Emergency and Medical Pathways,Nursing & Midwifery Staff,Substantive,-6.76,
,Urgent and Emergency Care,257511,MEDICAL STAFF ACUTE MEDICINE,Pay,Nursing,2023-12,,WTE,-6.76,"-£39,068.02",,,Acute Medicine,,Integrated Emergency and Medical Pathways,Nursing & Midwifery Staff,Substantive,-6.76,
,Urgent and Emergency Care,257511,MEDICAL STAFF ACUTE MEDICINE,Pay,Nursing,2024-01,,WTE,-6.76,"-£40,574.51",,,Acute Medicine,,Integrated Emergency and Medical Pathways,Nursing & Midwifery Staff,Substantive,-6.76,
,Urgent and Emergency Care,257511,MEDICAL STAFF ACUTE MEDICINE,Pay,Nursing,2024-02,,WTE,-6.76,"-£40,288.98",,,Acute Medicine,,Integrated Emergency and Medical Pathways,Nursing & Midwifery Staff,Substantive,-6.76,
,Urgent and Emergency Care,257511,MEDICAL STAFF ACUTE MEDICINE,Pay,Nursing,2024-03,,WTE,-6.76,"-£39,481.61",,,Acute Medicine,,Integrated Emergency and Medical Pathways,Nursing & Midwifery Staff,Substantive,-6.76,
,Urgent and Emergency Care,257511,MEDICAL STAFF ACUTE MEDICINE,Pay,"Scientific, Therapeutic & Tech",2023-11,,WTE,-1.79,"-£8,522.55",,,Acute Medicine,,Integrated Emergency and Medical Pathways,"Scientific, Therapeutic & Technical Staff",Substantive,-1.79,
,Urgent and Emergency Care,257511,MEDICAL STAFF ACUTE MEDICINE,Pay,"Scientific, Therapeutic & Tech",2023-12,,WTE,-1.79,"-£8,522.55",,,Acute Medicine,,Integrated Emergency and Medical Pathways,"Scientific, Therapeutic & Technical Staff",Substantive,-1.79,
,Urgent and Emergency Care,257511,MEDICAL STAFF ACUTE MEDICINE,Pay,"Scientific, Therapeutic & Tech",2024-01,,WTE,-1.79,"-£8,522.55",,,Acute Medicine,,Integrated Emergency and Medical Pathways,"Scientific, Therapeutic & Technical Staff",Substantive,-1.79,
,Urgent and Emergency Care,257511,MEDICAL STAFF ACUTE MEDICINE,Pay,"Scientific, Therapeutic & Tech",2024-02,,WTE,-1.79,"-£8,522.55",,,Acute Medicine,,Integrated Emergency and Medical Pathways,"Scientific, Therapeutic & Technical Staff",Substantive,-1.79,
,Urgent and Emergency Care,257511,MEDICAL STAFF ACUTE MEDICINE,Pay,"Scientific, Therapeutic & Tech",2024-03,,WTE,-1.79,"-£8,522.55",,,Acute Medicine,,Integrated Emergency and Medical Pathways,"Scientific, Therapeutic & Technical Staff",Substantive,-1.79,
,Urgent and Emergency Care,257515,EMERGENCY DEPARTMENT,Pay,Medical,2023-11,,WTE,0.00,"£2,220.99",,,Adult ED,,Integrated Emergency and Medical Pathways,Medical Staff,Bank,0.00,
,Urgent and Emergency Care,257515,EMERGENCY DEPARTMENT,Pay,Medical,2023-11,,WTE,0.00,-£4.08,,,Adult ED,,Integrated Emergency and Medical Pathways,Medical Staff,Substantive,0.00,
,Urgent and Emergency Care,257515,EMERGENCY DEPARTMENT,Pay,Medical,2023-12,,WTE,0.00,"£6,169.41",,,Adult ED,,Integrated Emergency and Medical Pathways,Medical Staff,Bank,0.00,
,Urgent and Emergency Care,257515,EMERGENCY DEPARTMENT,Pay,Medical,2023-12,,WTE,-2.40,£0.00,,,Adult ED,,Integrated Emergency and Medical Pathways,Medical Staff,Substantive,-2.40,
,Urgent and Emergency Care,257515,EMERGENCY DEPARTMENT,Pay,Medical,2024-01,,WTE,0.00,-£392.96,,,Adult ED,,Integrated Emergency and Medical Pathways,Medical Staff,Bank,0.00,
,Urgent and Emergency Care,257515,EMERGENCY DEPARTMENT,Pay,Medical,2024-01,,WTE,-2.26,£0.00,,,Adult ED,,Integrated Emergency and Medical Pathways,Medical Staff,Substantive,-2.26,
,Urgent and Emergency Care,257515,EMERGENCY DEPARTMENT,Pay,Medical,2024-02,,WTE,0.00,£392.96,,,Adult ED,,Integrated Emergency and Medical Pathways,Medical Staff,Bank,0.00,
,Urgent and Emergency Care,257515,EMERGENCY DEPARTMENT,Pay,Medical,2024-02,,WTE,-2.24,£0.00,,,Adult ED,,Integrated Emergency and Medical Pathways,Medical Staff,Substantive,-2.24,
,Urgent and Emergency Care,257515,EMERGENCY DEPARTMENT,Pay,Nursing,2023-11,,WTE,-4.22,"-£27,160.74",,,Adult ED,,Integrated Emergency and Medical Pathways,Nursing & Midwifery Staff,Agency,-4.22,
,Urgent and Emergency Care,257515,EMERGENCY DEPARTMENT,Pay,Nursing,2023-11,,WTE,-21.99,"-£141,216.23",,,Adult ED,,Integrated Emergency and Medical Pathways,Nursing & Midwifery Staff,Bank,-21.99,
,Urgent and Emergency Care,257515,EMERGENCY DEPARTMENT,Pay,Nursing,2023-11,,WTE,-107.51,"-£420,214.10",,,Adult ED,,Integrated Emergency and Medical Pathways,Nursing & Midwifery Staff,Substantive,-107.51,
,Urgent and Emergency Care,257515,EMERGENCY DEPARTMENT,Pay,Nursing,2023-12,,WTE,-4.70,"-£22,849.45",,,Adult ED,,Integrated Emergency and Medical Pathways,Nursing & Midwifery Staff,Agency,-4.70,
,Urgent and Emergency Care,257515,EMERGENCY DEPARTMENT,Pay,Nursing,2023-12,,WTE,-26.38,"-£139,569.01",,,Adult ED,,Integrated Emergency and Medical Pathways,Nursing & Midwifery Staff,Bank,-26.38,
,Urgent and Emergency Care,257515,EMERGENCY DEPARTMENT,Pay,Nursing,2023-12,,WTE,-110.03,"-£425,191.80",,,Adult ED,,Integrated Emergency and Medical Pathways,Nursing & Midwifery Staff,Substantive,-110.03,
,Urgent and Emergency Care,257515,EMERGENCY DEPARTMENT,Pay,Nursing,2024-01,,WTE,-2.28,"-£11,258.33",,,Adult ED,,Integrated Emergency and Medical Pathways,Nursing & Midwifery Staff,Agency,-2.28,
,Urgent and Emergency Care,257515,EMERGENCY DEPARTMENT,Pay,Nursing,2024-01,,WTE,-32.34,"-£160,399.96",,,Adult ED,,Integrated Emergency and Medical Pathways,Nursing & Midwifery Staff,Bank,-32.34,
,Urgent and Emergency Care,257515,EMERGENCY DEPARTMENT,Pay,Nursing,2024-01,,WTE,-109.36,"-£428,608.48",,,Adult ED,,Integrated Emergency and Medical Pathways,Nursing & Midwifery Staff,Substantive,-109.36,
,Urgent and Emergency Care,257515,EMERGENCY DEPARTMENT,Pay,Nursing,2024-02,,WTE,-1.93,"-£11,095.85",,,Adult ED,,Integrated Emergency and Medical Pathways,Nursing & Midwifery Staff,Agency,-1.93,
,Urgent and Emergency Care,257515,EMERGENCY DEPARTMENT,Pay,Nursing,2024-02,,WTE,-31.27,"-£163,371.61",,,Adult ED,,Integrated Emergency and Medical Pathways,Nursing & Midwifery Staff,Bank,-31.27,
,Urgent and Emergency Care,257515,EMERGENCY DEPARTMENT,Pay,Nursing,2024-02,,WTE,-111.36,"-£435,726.06",,,Adult ED,,Integrated Emergency and Medical Pathways,Nursing & Midwifery Staff,Substantive,-111.36,
,Urgent and Emergency Care,257515,EMERGENCY DEPARTMENT,Pay,Nursing,2024-03,,WTE,-2.51,"-£14,119.19",,,Adult ED,,Integrated Emergency and Medical Pathways,Nursing & Midwifery Staff,Agency,-2.51,
,Urgent and Emergency Care,257515,EMERGENCY DEPARTMENT,Pay,Nursing,2024-03,,WTE,-31.55,"-£167,379.93",,,Adult ED,,Integrated Emergency and Medical Pathways,Nursing & Midwifery Staff,Bank,-31.55,
,Urgent and Emergency Care,257515,EMERGENCY DEPARTMENT,Pay,Nursing,2024-03,,WTE,-114.89,"-£581,816.25",,,Adult ED,,Integrated Emergency and Medical Pathways,Nursing & Midwifery Staff,Substantive,-114.89,
,Urgent and Emergency Care,257515,EMERGENCY DEPARTMENT,Pay,"Scientific, Therapeutic & Tech",2023-11,,WTE,-0.18,"-£2,562.51",,,Adult ED,,Integrated Emergency and Medical Pathways,"Scientific, Therapeutic & Technical Staff",Bank,-0.18,
,Urgent and Emergency Care,257515,EMERGENCY DEPARTMENT,Pay,"Scientific, Therapeutic & Tech",2023-11,,WTE,-1.64,"-£8,775.97",,,Adult ED,,Integrated Emergency and Medical Pathways,"Scientific, Therapeutic & Technical Staff",Substantive,-1.64,
,Urgent and Emergency Care,257515,EMERGENCY DEPARTMENT,Pay,"Scientific, Therapeutic & Tech",2023-12,,WTE,-0.07,-£502.67,,,Adult ED,,Integrated Emergency and Medical Pathways,"Scientific, Therapeutic & Technical Staff",Bank,-0.07,
,Urgent and Emergency Care,257515,EMERGENCY DEPARTMENT,Pay,"Scientific, Therapeutic & Tech",2023-12,,WTE,-1.64,"-£8,995.61",,,Adult ED,,Integrated Emergency and Medical Pathways,"Scientific, Therapeutic & Technical Staff",Substantive,-1.64,
,Urgent and Emergency Care,257515,EMERGENCY DEPARTMENT,Pay,"Scientific, Therapeutic & Tech",2024-01,,WTE,0.00,£0.01,,,Adult ED,,Integrated Emergency and Medical Pathways,"Scientific, Therapeutic & Technical Staff",Bank,0.00,
,Urgent and Emergency Care,257515,EMERGENCY DEPARTMENT,Pay,"Scientific, Therapeutic & Tech",2024-01,,WTE,-1.64,"-£8,807.33",,,Adult ED,,Integrated Emergency and Medical Pathways,"Scientific, Therapeutic & Technical Staff",Substantive,-1.64,
,Urgent and Emergency Care,257515,EMERGENCY DEPARTMENT,Pay,"Scientific, Therapeutic & Tech",2024-02,,WTE,-0.35,"-£2,742.73",,,Adult ED,,Integrated Emergency and Medical Pathways,"Scientific, Therapeutic & Technical Staff",Bank,-0.35,
,Urgent and Emergency Care,257515,EMERGENCY DEPARTMENT,Pay,"Scientific, Therapeutic & Tech",2024-02,,WTE,-1.64,"-£8,945.47",,,Adult ED,,Integrated Emergency and Medical Pathways,"Scientific, Therapeutic & Technical Staff",Substantive,-1.64,
,Urgent and Emergency Care,257515,EMERGENCY DEPARTMENT,Pay,"Scientific, Therapeutic & Tech",2024-03,,WTE,-0.21,"-£1,623.68",,,Adult ED,,Integrated Emergency and Medical Pathways,"Scientific, Therapeutic & Technical Staff",Bank,-0.21,
,Urgent and Emergency Care,257515,EMERGENCY DEPARTMENT,Pay,"Scientific, Therapeutic & Tech",2024-03,,WTE,-1.64,"-£9,053.48",,,Adult ED,,Integrated Emergency and Medical Pathways,"Scientific, Therapeutic & Technical Staff",Substantive,-1.64,
,Urgent and Emergency Care,257516,ED RECEPTION,Pay,Admin & Clerical,2023-11,,WTE,-1.03,"-£5,630.70",,,Adult ED,,Integrated Emergency and Medical Pathways,Admin & Clerical Staff,Bank,-1.03,
,Urgent and Emergency Care,257516,ED RECEPTION,Pay,Admin & Clerical,2023-11,,WTE,-25.07,"-£71,329.19",,,Adult ED,,Integrated Emergency and Medical Pathways,Admin & Clerical Staff,Substantive,-25.07,
,Urgent and Emergency Care,257516,ED RECEPTION,Pay,Admin & Clerical,2023-12,,WTE,-1.71,"-£6,639.75",,,Adult ED,,Integrated Emergency and Medical Pathways,Admin & Clerical Staff,Bank,-1.71,
,Urgent and Emergency Care,257516,ED RECEPTION,Pay,Admin & Clerical,2023-12,,WTE,-21.54,"-£64,318.99",,,Adult ED,,Integrated Emergency and Medical Pathways,Admin & Clerical Staff,Substantive,-21.54,
,Urgent and Emergency Care,257516,ED RECEPTION,Pay,Admin & Clerical,2024-01,,WTE,-1.49,"-£5,843.69",,,Adult ED,,Integrated Emergency and Medical Pathways,Admin & Clerical Staff,Bank,-1.49,
,Urgent and Emergency Care,257516,ED RECEPTION,Pay,Admin & Clerical,2024-01,,WTE,-21.15,"-£62,551.10",,,Adult ED,,Integrated Emergency and Medical Pathways,Admin & Clerical Staff,Substantive,-21.15,
,Urgent and Emergency Care,257516,ED RECEPTION,Pay,Admin & Clerical,2024-02,,WTE,-1.39,"-£4,974.73",,,Adult ED,,Integrated Emergency and Medical Pathways,Admin & Clerical Staff,Bank,-1.39,
,Urgent and Emergency Care,257516,ED RECEPTION,Pay,Admin & Clerical,2024-02,,WTE,-21.33,"-£64,760.35",,,Adult ED,,Integrated Emergency and Medical Pathways,Admin & Clerical Staff,Substantive,-21.33,
,Urgent and Emergency Care,257516,ED RECEPTION,Pay,Admin & Clerical,2024-03,,WTE,-1.52,"-£5,919.13",,,Adult ED,,Integrated Emergency and Medical Pathways,Admin & Clerical Staff,Bank,-1.52,
,Urgent and Emergency Care,257516,ED RECEPTION,Pay,Admin & Clerical,2024-03,,WTE,-21.15,"-£63,160.85",,,Adult ED,,Integrated Emergency and Medical Pathways,Admin & Clerical Staff,Substantive,-21.15,
,Urgent and Emergency Care,257517,ENP SERVICE,Pay,Nursing,2023-11,,WTE,-5.36,"-£33,170.13",,,Adult ED,,Integrated Emergency and Medical Pathways,Nursing & Midwifery Staff,Substantive,-5.36,
,Urgent and Emergency Care,257517,ENP SERVICE,Pay,Nursing,2023-12,,WTE,-0.14,-£783.23,,,Adult ED,,Integrated Emergency and Medical Pathways,Nursing & Midwifery Staff,Bank,-0.14,
,Urgent and Emergency Care,257517,ENP SERVICE,Pay,Nursing,2023-12,,WTE,-4.78,"-£29,689.49",,,Adult ED,,Integrated Emergency and Medical Pathways,Nursing & Midwifery Staff,Substantive,-4.78,
,Urgent and Emergency Care,257517,ENP SERVICE,Pay,Nursing,2024-01,,WTE,-0.15,"-£1,088.07",,,Adult ED,,Integrated Emergency and Medical Pathways,Nursing & Midwifery Staff,Bank,-0.15,
,Urgent and Emergency Care,257517,ENP SERVICE,Pay,Nursing,2024-01,,WTE,-5.27,"-£33,337.25",,,Adult ED,,Integrated Emergency and Medical Pathways,Nursing & Midwifery Staff,Substantive,-5.27,
,Urgent and Emergency Care,257517,ENP SERVICE,Pay,Nursing,2024-02,,WTE,-0.21,"-£1,972.10",,,Adult ED,,Integrated Emergency and Medical Pathways,Nursing & Midwifery Staff,Bank,-0.21,
,Urgent and Emergency Care,257517,ENP SERVICE,Pay,Nursing,2024-02,,WTE,-5.72,"-£35,070.19",,,Adult ED,,Integrated Emergency and Medical Pathways,Nursing & Midwifery Staff,Substantive,-5.72,
,Urgent and Emergency Care,257517,ENP SERVICE,Pay,Nursing,2024-03,,WTE,-0.55,"-£4,930.72",,,Adult ED,,Integrated Emergency and Medical Pathways,Nursing & Midwifery Staff,Bank,-0.55,
,Urgent and Emergency Care,257517,ENP SERVICE,Pay,Nursing,2024-03,,WTE,-5.72,"-£34,283.19",,,Adult ED,,Integrated Emergency and Medical Pathways,Nursing & Midwifery Staff,Substantive,-5.72,
,Urgent and Emergency Care,257517,ENP SERVICE,Pay,"Scientific, Therapeutic & Tech",2023-11,,WTE,-1.00,"-£5,973.77",,,Adult ED,,Integrated Emergency and Medical Pathways,"Scientific, Therapeutic & Technical Staff",Substantive,-1.00,
,Urgent and Emergency Care,257517,ENP SERVICE,Pay,"Scientific, Therapeutic & Tech",2023-12,,WTE,-1.00,"-£5,869.42",,,Adult ED,,Integrated Emergency and Medical Pathways,"Scientific, Therapeutic & Technical Staff",Substantive,-1.00,
,Urgent and Emergency Care,257517,ENP SERVICE,Pay,"Scientific, Therapeutic & Tech",2024-01,,WTE,-1.00,"-£6,277.10",,,Adult ED,,Integrated Emergency and Medical Pathways,"Scientific, Therapeutic & Technical Staff",Substantive,-1.00,
,Urgent and Emergency Care,257517,ENP SERVICE,Pay,"Scientific, Therapeutic & Tech",2024-02,,WTE,-1.00,"-£5,972.38",,,Adult ED,,Integrated Emergency and Medical Pathways,"Scientific, Therapeutic & Technical Staff",Substantive,-1.00,
,Urgent and Emergency Care,257517,ENP SERVICE,Pay,"Scientific, Therapeutic & Tech",2024-03,,WTE,-1.00,"-£12,591.10",,,Adult ED,,Integrated Emergency and Medical Pathways,"Scientific, Therapeutic & Technical Staff",Substantive,-1.00,
,Urgent and Emergency Care,257525,ADULT ASSESSMENT UNIT,Pay,Admin & Clerical,2023-11,,WTE,-0.59,"-£2,652.06",,,Acute Medicine,,Integrated Emergency and Medical Pathways,Admin & Clerical Staff,Bank,-0.59,
,Urgent and Emergency Care,257525,ADULT ASSESSMENT UNIT,Pay,Admin & Clerical,2023-11,,WTE,-11.00,"-£29,989.47",,,Acute Medicine,,Integrated Emergency and Medical Pathways,Admin & Clerical Staff,Substantive,-11.00,
,Urgent and Emergency Care,257525,ADULT ASSESSMENT UNIT,Pay,Admin & Clerical,2023-12,,WTE,-0.51,"-£2,373.78",,,Acute Medicine,,Integrated Emergency and Medical Pathways,Admin & Clerical Staff,Bank,-0.51,
,Urgent and Emergency Care,257525,ADULT ASSESSMENT UNIT,Pay,Admin & Clerical,2023-12,,WTE,-10.91,"-£29,803.73",,,Acute Medicine,,Integrated Emergency and Medical Pathways,Admin & Clerical Staff,Substantive,-10.91,
,Urgent and Emergency Care,257525,ADULT ASSESSMENT UNIT,Pay,Admin & Clerical,2024-01,,WTE,-0.45,"-£2,557.63",,,Acute Medicine,,Integrated Emergency and Medical Pathways,Admin & Clerical Staff,Bank,-0.45,
,Urgent and Emergency Care,257525,ADULT ASSESSMENT UNIT,Pay,Admin & Clerical,2024-01,,WTE,-12.45,"-£35,097.34",,,Acute Medicine,,Integrated Emergency and Medical Pathways,Admin & Clerical Staff,Substantive,-12.45,
,Urgent and Emergency Care,257525,ADULT ASSESSMENT UNIT,Pay,Admin & Clerical,2024-02,,WTE,-0.13,-£615.22,,,Acute Medicine,,Integrated Emergency and Medical Pathways,Admin & Clerical Staff,Bank,-0.13,
,Urgent and Emergency Care,257525,ADULT ASSESSMENT UNIT,Pay,Admin & Clerical,2024-02,,WTE,-12.00,"-£32,973.17",,,Acute Medicine,,Integrated Emergency and Medical Pathways,Admin & Clerical Staff,Substantive,-12.00,
,Urgent and Emergency Care,257525,ADULT ASSESSMENT UNIT,Pay,Admin & Clerical,2024-03,,WTE,-0.18,-£872.78,,,Acute Medicine,,Integrated Emergency and Medical Pathways,Admin & Clerical Staff,Bank,-0.18,
,Urgent and Emergency Care,257525,ADULT ASSESSMENT UNIT,Pay,Admin & Clerical,2024-03,,WTE,-11.00,"-£30,388.08",,,Acute Medicine,,Integrated Emergency and Medical Pathways,Admin & Clerical Staff,Substantive,-11.00,
,Urgent and Emergency Care,257525,ADULT ASSESSMENT UNIT,Pay,Nursing,2023-11,,WTE,-3.19,"-£24,285.98",,,Acute Medicine,,Integrated Emergency and Medical Pathways,Nursing & Midwifery Staff,Agency,-3.19,
,Urgent and Emergency Care,257525,ADULT ASSESSMENT UNIT,Pay,Nursing,2023-11,,WTE,-8.15,"-£48,266.40",,,Acute Medicine,,Integrated Emergency and Medical Pathways,Nursing & Midwifery Staff,Bank,-8.15,
,Urgent and Emergency Care,257525,ADULT ASSESSMENT UNIT,Pay,Nursing,2023-11,,WTE,-50.55,"-£188,892.56",,,Acute Medicine,,Integrated Emergency and Medical Pathways,Nursing & Midwifery Staff,Substantive,-50.55,
,Urgent and Emergency Care,257525,ADULT ASSESSMENT UNIT,Pay,Nursing,2023-12,,WTE,-4.49,"-£21,816.97",,,Acute Medicine,,Integrated Emergency and Medical Pathways,Nursing & Midwifery Staff,Agency,-4.49,
,Urgent and Emergency Care,257525,ADULT ASSESSMENT UNIT,Pay,Nursing,2023-12,,WTE,-10.15,"-£47,444.95",,,Acute Medicine,,Integrated Emergency and Medical Pathways,Nursing & Midwifery Staff,Bank,-10.15,
,Urgent and Emergency Care,257525,ADULT ASSESSMENT UNIT,Pay,Nursing,2023-12,,WTE,-46.28,"-£180,585.08",,,Acute Medicine,,Integrated Emergency and Medical Pathways,Nursing & Midwifery Staff,Substantive,-46.28,
,Urgent and Emergency Care,257525,ADULT ASSESSMENT UNIT,Pay,Nursing,2024-01,,WTE,-3.31,"-£18,240.21",,,Acute Medicine,,Integrated Emergency and Medical Pathways,Nursing & Midwifery Staff,Agency,-3.31,
,Urgent and Emergency Care,257525,ADULT ASSESSMENT UNIT,Pay,Nursing,2024-01,,WTE,-10.67,"-£52,908.42",,,Acute Medicine,,Integrated Emergency and Medical Pathways,Nursing & Midwifery Staff,Bank,-10.67,
,Urgent and Emergency Care,257525,ADULT ASSESSMENT UNIT,Pay,Nursing,2024-01,,WTE,-43.78,"-£184,676.94",,,Acute Medicine,,Integrated Emergency and Medical Pathways,Nursing & Midwifery Staff,Substantive,-43.78,
,Urgent and Emergency Care,257525,ADULT ASSESSMENT UNIT,Pay,Nursing,2024-02,,WTE,-3.92,"-£17,984.46",,,Acute Medicine,,Integrated Emergency and Medical Pathways,Nursing & Midwifery Staff,Agency,-3.92,
,Urgent and Emergency Care,257525,ADULT ASSESSMENT UNIT,Pay,Nursing,2024-02,,WTE,-10.17,"-£53,756.75",,,Acute Medicine,,Integrated Emergency and Medical Pathways,Nursing & Midwifery Staff,Bank,-10.17,
,Urgent and Emergency Care,257525,ADULT ASSESSMENT UNIT,Pay,Nursing,2024-02,,WTE,-46.87,"-£185,657.62",,,Acute Medicine,,Integrated Emergency and Medical Pathways,Nursing & Midwifery Staff,Substantive,-46.87,
,Urgent and Emergency Care,257525,ADULT ASSESSMENT UNIT,Pay,Nursing,2024-03,,WTE,-3.22,"-£15,752.13",,,Acute Medicine,,Integrated Emergency and Medical Pathways,Nursing & Midwifery Staff,Agency,-3.22,
,Urgent and Emergency Care,257525,ADULT ASSESSMENT UNIT,Pay,Nursing,2024-03,,WTE,-13.58,"-£66,456.22",,,Acute Medicine,,Integrated Emergency and Medical Pathways,Nursing & Midwifery Staff,Bank,-13.58,
,Urgent and Emergency Care,257525,ADULT ASSESSMENT UNIT,Pay,Nursing,2024-03,,WTE,-44.89,"-£217,733.17",,,Acute Medicine,,Integrated Emergency and Medical Pathways,Nursing & Midwifery Staff,Substantive,-44.89,
,Urgent and Emergency Care,257526,SHORT STAY WARD,Pay,Admin & Clerical,2023-11,,WTE,-1.00,"-£2,728.57",,,Acute Medicine,,Integrated Emergency and Medical Pathways,Admin & Clerical Staff,Substantive,-1.00,
,Urgent and Emergency Care,257526,SHORT STAY WARD,Pay,Admin & Clerical,2023-12,,WTE,-1.00,"-£2,521.93",,,Acute Medicine,,Integrated Emergency and Medical Pathways,Admin & Clerical Staff,Substantive,-1.00,
,Urgent and Emergency Care,257526,SHORT STAY WARD,Pay,Admin & Clerical,2024-01,,WTE,-1.00,"-£2,757.02",,,Acute Medicine,,Integrated Emergency and Medical Pathways,Admin & Clerical Staff,Substantive,-1.00,
,Urgent and Emergency Care,257526,SHORT STAY WARD,Pay,Admin & Clerical,2024-02,,WTE,-1.00,"-£2,665.06",,,Acute Medicine,,Integrated Emergency and Medical Pathways,Admin & Clerical Staff,Substantive,-1.00,
,Urgent and Emergency Care,257526,SHORT STAY WARD,Pay,Admin & Clerical,2024-03,,WTE,-1.00,"-£2,488.63",,,Acute Medicine,,Integrated Emergency and Medical Pathways,Admin & Clerical Staff,Substantive,-1.00,
,Urgent and Emergency Care,257526,SHORT STAY WARD,Pay,Nursing,2023-11,,WTE,-1.93,"-£11,975.35",,,Acute Medicine,,Integrated Emergency and Medical Pathways,Nursing & Midwifery Staff,Agency,-1.93,
,Urgent and Emergency Care,257526,SHORT STAY WARD,Pay,Nursing,2023-11,,WTE,-7.11,"-£37,127.11",,,Acute Medicine,,Integrated Emergency and Medical Pathways,Nursing & Midwifery Staff,Bank,-7.11,
,Urgent and Emergency Care,257526,SHORT STAY WARD,Pay,Nursing,2023-11,,WTE,-31.23,"-£119,588.55",,,Acute Medicine,,Integrated Emergency and Medical Pathways,Nursing & Midwifery Staff,Substantive,-31.23,
,Urgent and Emergency Care,257526,SHORT STAY WARD,Pay,Nursing,2023-12,,WTE,-2.02,"-£9,948.73",,,Acute Medicine,,Integrated Emergency and Medical Pathways,Nursing & Midwifery Staff,Agency,-2.02,
,Urgent and Emergency Care,257526,SHORT STAY WARD,Pay,Nursing,2023-12,,WTE,-10.20,"-£43,030.30",,,Acute Medicine,,Integrated Emergency and Medical Pathways,Nursing & Midwifery Staff,Bank,-10.20,
,Urgent and Emergency Care,257526,SHORT STAY WARD,Pay,Nursing,2023-12,,WTE,-31.83,"-£122,820.79",,,Acute Medicine,,Integrated Emergency and Medical Pathways,Nursing & Midwifery Staff,Substantive,-31.83,
,Urgent and Emergency Care,257526,SHORT STAY WARD,Pay,Nursing,2024-01,,WTE,-3.06,"-£16,564.38",,,Acute Medicine,,Integrated Emergency and Medical Pathways,Nursing & Midwifery Staff,Agency,-3.06,
,Urgent and Emergency Care,257526,SHORT STAY WARD,Pay,Nursing,2024-01,,WTE,-9.20,"-£39,423.05",,,Acute Medicine,,Integrated Emergency and Medical Pathways,Nursing & Midwifery Staff,Bank,-9.20,
,Urgent and Emergency Care,257526,SHORT STAY WARD,Pay,Nursing,2024-01,,WTE,-33.25,"-£146,537.92",,,Acute Medicine,,Integrated Emergency and Medical Pathways,Nursing & Midwifery Staff,Substantive,-33.25,
,Urgent and Emergency Care,257526,SHORT STAY WARD,Pay,Nursing,2024-02,,WTE,-2.49,"-£12,646.85",,,Acute Medicine,,Integrated Emergency and Medical Pathways,Nursing & Midwifery Staff,Agency,-2.49,
,Urgent and Emergency Care,257526,SHORT STAY WARD,Pay,Nursing,2024-02,,WTE,-8.82,"-£36,302.48",,,Acute Medicine,,Integrated Emergency and Medical Pathways,Nursing & Midwifery Staff,Bank,-8.82,
,Urgent and Emergency Care,257526,SHORT STAY WARD,Pay,Nursing,2024-02,,WTE,-33.20,"-£131,003.42",,,Acute Medicine,,Integrated Emergency and Medical Pathways,Nursing & Midwifery Staff,Substantive,-33.20,
,Urgent and Emergency Care,257526,SHORT STAY WARD,Pay,Nursing,2024-03,,WTE,-1.05,"-£5,203.74",,,Acute Medicine,,Integrated Emergency and Medical Pathways,Nursing & Midwifery Staff,Agency,-1.05,
,Urgent and Emergency Care,257526,SHORT STAY WARD,Pay,Nursing,2024-03,,WTE,-12.95,"-£54,367.39",,,Acute Medicine,,Integrated Emergency and Medical Pathways,Nursing & Midwifery Staff,Bank,-12.95,
,Urgent and Emergency Care,257526,SHORT STAY WARD,Pay,Nursing,2024-03,,WTE,-32.78,"-£153,496.99",,,Acute Medicine,,Integrated Emergency and Medical Pathways,Nursing & Midwifery Staff,Substantive,-32.78,
,Urgent and Emergency Care,257527,SAME DAY EMERGENCY CARE,Pay,Admin & Clerical,2024-01,,WTE,0.00,"-£11,523.13",,,Acute Medicine,,Integrated Emergency and Medical Pathways,Admin & Clerical Staff,Substantive,0.00,
,Urgent and Emergency Care,257527,SAME DAY EMERGENCY CARE,Pay,Admin & Clerical,2024-02,,WTE,-0.07,£0.00,,,Acute Medicine,,Integrated Emergency and Medical Pathways,Admin & Clerical Staff,Bank,-0.07,
,Urgent and Emergency Care,257527,SAME DAY EMERGENCY CARE,Pay,Nursing,2023-11,,WTE,-1.73,"-£7,995.74",,,Acute Medicine,,Integrated Emergency and Medical Pathways,Nursing & Midwifery Staff,Bank,-1.73,
,Urgent and Emergency Care,257527,SAME DAY EMERGENCY CARE,Pay,Nursing,2023-11,,WTE,-21.60,"-£76,125.54",,,Acute Medicine,,Integrated Emergency and Medical Pathways,Nursing & Midwifery Staff,Substantive,-21.60,
,Urgent and Emergency Care,257527,SAME DAY EMERGENCY CARE,Pay,Nursing,2023-12,,WTE,-3.30,"-£14,638.78",,,Acute Medicine,,Integrated Emergency and Medical Pathways,Nursing & Midwifery Staff,Bank,-3.30,
,Urgent and Emergency Care,257527,SAME DAY EMERGENCY CARE,Pay,Nursing,2023-12,,WTE,-21.12,"-£73,845.91",,,Acute Medicine,,Integrated Emergency and Medical Pathways,Nursing & Midwifery Staff,Substantive,-21.12,
,Urgent and Emergency Care,257527,SAME DAY EMERGENCY CARE,Pay,Nursing,2024-01,,WTE,-2.91,"-£12,832.31",,,Acute Medicine,,Integrated Emergency and Medical Pathways,Nursing & Midwifery Staff,Bank,-2.91,
,Urgent and Emergency Care,257527,SAME DAY EMERGENCY CARE,Pay,Nursing,2024-01,,WTE,-17.95,"-£76,206.85",,,Acute Medicine,,Integrated Emergency and Medical Pathways,Nursing & Midwifery Staff,Substantive,-17.95,
,Urgent and Emergency Care,257527,SAME DAY EMERGENCY CARE,Pay,Nursing,2024-02,,WTE,-2.72,"-£13,761.39",,,Acute Medicine,,Integrated Emergency and Medical Pathways,Nursing & Midwifery Staff,Bank,-2.72,
,Urgent and Emergency Care,257527,SAME DAY EMERGENCY CARE,Pay,Nursing,2024-02,,WTE,-24.15,"-£82,396.83",,,Acute Medicine,,Integrated Emergency and Medical Pathways,Nursing & Midwifery Staff,Substantive,-24.15,
,Urgent and Emergency Care,257527,SAME DAY EMERGENCY CARE,Pay,Nursing,2024-03,,WTE,-4.49,"-£19,878.49",,,Acute Medicine,,Integrated Emergency and Medical Pathways,Nursing & Midwifery Staff,Bank,-4.49,
,Urgent and Emergency Care,257527,SAME DAY EMERGENCY CARE,Pay,Nursing,2024-03,,WTE,-20.73,"-£93,324.56",,,Acute Medicine,,Integrated Emergency and Medical Pathways,Nursing & Midwifery Staff,Substantive,-20.73,
,Urgent and Emergency Care,257528,Patient at Home,Pay,Medical,2024-03,,WTE,0.00,£4.80,,,Acute Medicine,,Integrated Emergency and Medical Pathways,Medical Staff,Bank,0.00,
,Integrated Emergency and Medical Pathways,257710,MEDICINE HCG MANAGEMENT,Pay,Admin & Clerical,2023-11,,WTE,-0.75,"-£3,971.09",,,Integrated Emergency and Medical Pathways,,Integrated Emergency and Medical Pathways,Admin & Clerical Staff,Bank,-0.75,
,Integrated Emergency and Medical Pathways,257710,MEDICINE HCG MANAGEMENT,Pay,Admin & Clerical,2023-11,,WTE,-12.45,"-£51,185.37",,,Integrated Emergency and Medical Pathways,,Integrated Emergency and Medical Pathways,Admin & Clerical Staff,Substantive,-12.45,
,Integrated Emergency and Medical Pathways,257710,MEDICINE HCG MANAGEMENT,Pay,Admin & Clerical,2023-12,,WTE,-0.68,"-£4,289.67",,,Integrated Emergency and Medical Pathways,,Integrated Emergency and Medical Pathways,Admin & Clerical Staff,Bank,-0.68,
,Integrated Emergency and Medical Pathways,257710,MEDICINE HCG MANAGEMENT,Pay,Admin & Clerical,2023-12,,WTE,-13.31,"-£59,443.63",,,Integrated Emergency and Medical Pathways,,Integrated Emergency and Medical Pathways,Admin & Clerical Staff,Substantive,-13.31,
,Integrated Emergency and Medical Pathways,257710,MEDICINE HCG MANAGEMENT,Pay,Admin & Clerical,2024-01,,WTE,-1.27,"-£6,329.38",,,Integrated Emergency and Medical Pathways,,Integrated Emergency and Medical Pathways,Admin & Clerical Staff,Bank,-1.27,
,Integrated Emergency and Medical Pathways,257710,MEDICINE HCG MANAGEMENT,Pay,Admin & Clerical,2024-01,,WTE,-13.56,"-£68,075.55",,,Integrated Emergency and Medical Pathways,,Integrated Emergency and Medical Pathways,Admin & Clerical Staff,Substantive,-13.56,
,Integrated Emergency and Medical Pathways,257710,MEDICINE HCG MANAGEMENT,Pay,Admin & Clerical,2024-02,,WTE,-1.13,"-£5,340.70",,,Integrated Emergency and Medical Pathways,,Integrated Emergency and Medical Pathways,Admin & Clerical Staff,Bank,-1.13,
,Integrated Emergency and Medical Pathways,257710,MEDICINE HCG MANAGEMENT,Pay,Admin & Clerical,2024-02,,WTE,-13.76,"-£54,778.28",,,Integrated Emergency and Medical Pathways,,Integrated Emergency and Medical Pathways,Admin & Clerical Staff,Substantive,-13.76,
,Integrated Emergency and Medical Pathways,257710,MEDICINE HCG MANAGEMENT,Pay,Admin & Clerical,2024-03,,WTE,-1.15,"-£5,898.70",,,Integrated Emergency and Medical Pathways,,Integrated Emergency and Medical Pathways,Admin & Clerical Staff,Bank,-1.15,
,Integrated Emergency and Medical Pathways,257710,MEDICINE HCG MANAGEMENT,Pay,Admin & Clerical,2024-03,,WTE,-14.15,"-£56,873.19",,,Integrated Emergency and Medical Pathways,,Integrated Emergency and Medical Pathways,Admin & Clerical Staff,Substantive,-14.15,
,Integrated Emergency and Medical Pathways,257710,MEDICINE HCG MANAGEMENT,Pay,Medical,2023-11,,WTE,-1.06,"-£9,008.39",,,Integrated Emergency and Medical Pathways,,Integrated Emergency and Medical Pathways,Medical Staff,Agency,-1.06,
,Integrated Emergency and Medical Pathways,257710,MEDICINE HCG MANAGEMENT,Pay,Medical,2023-11,,WTE,-1.00,"-£17,019.93",,,Integrated Emergency and Medical Pathways,,Integrated Emergency and Medical Pathways,Medical Staff,Substantive,-1.00,
,Integrated Emergency and Medical Pathways,257710,MEDICINE HCG MANAGEMENT,Pay,Medical,2023-12,,WTE,-0.85,"-£8,544.56",,,Integrated Emergency and Medical Pathways,,Integrated Emergency and Medical Pathways,Medical Staff,Agency,-0.85,
,Integrated Emergency and Medical Pathways,257710,MEDICINE HCG MANAGEMENT,Pay,Medical,2023-12,,WTE,-1.00,"-£17,019.93",,,Integrated Emergency and Medical Pathways,,Integrated Emergency and Medical Pathways,Medical Staff,Substantive,-1.00,
,Integrated Emergency and Medical Pathways,257710,MEDICINE HCG MANAGEMENT,Pay,Medical,2024-01,,WTE,-0.76,"-£6,557.89",,,Integrated Emergency and Medical Pathways,,Integrated Emergency and Medical Pathways,Medical Staff,Agency,-0.76,
,Integrated Emergency and Medical Pathways,257710,MEDICINE HCG MANAGEMENT,Pay,Medical,2024-01,,WTE,-0.10,"-£2,578.80",,,Integrated Emergency and Medical Pathways,,Integrated Emergency and Medical Pathways,Medical Staff,Bank,-0.10,
,Integrated Emergency and Medical Pathways,257710,MEDICINE HCG MANAGEMENT,Pay,Medical,2024-01,,WTE,-1.00,"-£17,019.93",,,Integrated Emergency and Medical Pathways,,Integrated Emergency and Medical Pathways,Medical Staff,Substantive,-1.00,
,Integrated Emergency and Medical Pathways,257710,MEDICINE HCG MANAGEMENT,Pay,Medical,2024-02,,WTE,-0.36,"-£4,137.20",,,Integrated Emergency and Medical Pathways,,Integrated Emergency and Medical Pathways,Medical Staff,Agency,-0.36,
,Integrated Emergency and Medical Pathways,257710,MEDICINE HCG MANAGEMENT,Pay,Medical,2024-02,,WTE,-0.96,"-£13,836.99",,,Integrated Emergency and Medical Pathways,,Integrated Emergency and Medical Pathways,Medical Staff,Bank,-0.96,
,Integrated Emergency and Medical Pathways,257710,MEDICINE HCG MANAGEMENT,Pay,Medical,2024-02,,WTE,-1.00,"-£17,019.93",,,Integrated Emergency and Medical Pathways,,Integrated Emergency and Medical Pathways,Medical Staff,Substantive,-1.00,
,Integrated Emergency and Medical Pathways,257710,MEDICINE HCG MANAGEMENT,Pay,Medical,2024-03,,WTE,-0.99,"-£9,719.07",,,Integrated Emergency and Medical Pathways,,Integrated Emergency and Medical Pathways,Medical Staff,Agency,-0.99,
,Integrated Emergency and Medical Pathways,257710,MEDICINE HCG MANAGEMENT,Pay,Medical,2024-03,,WTE,-0.94,"-£11,804.08",,,Integrated Emergency and Medical Pathways,,Integrated Emergency and Medical Pathways,Medical Staff,Bank,-0.94,
,Integrated Emergency and Medical Pathways,257710,MEDICINE HCG MANAGEMENT,Pay,Medical,2024-03,,WTE,-1.00,"-£23,041.32",,,Integrated Emergency and Medical Pathways,,Integrated Emergency and Medical Pathways,Medical Staff,Substantive,-1.00,
,Integrated Emergency and Medical Pathways,257710,MEDICINE HCG MANAGEMENT,Pay,Nursing,2023-11,,WTE,-0.09,-£971.68,,,Integrated Emergency and Medical Pathways,,Integrated Emergency and Medical Pathways,Nursing & Midwifery Staff,Bank,-0.09,
,Integrated Emergency and Medical Pathways,257710,MEDICINE HCG MANAGEMENT,Pay,Nursing,2023-11,,WTE,-7.77,"-£46,794.22",,,Integrated Emergency and Medical Pathways,,Integrated Emergency and Medical Pathways,Nursing & Midwifery Staff,Substantive,-7.77,
,Integrated Emergency and Medical Pathways,257710,MEDICINE HCG MANAGEMENT,Pay,Nursing,2023-12,,WTE,-0.10,-£652.20,,,Integrated Emergency and Medical Pathways,,Integrated Emergency and Medical Pathways,Nursing & Midwifery Staff,Bank,-0.10,
,Integrated Emergency and Medical Pathways,257710,MEDICINE HCG MANAGEMENT,Pay,Nursing,2023-12,,WTE,-7.89,"-£52,565.99",,,Integrated Emergency and Medical Pathways,,Integrated Emergency and Medical Pathways,Nursing & Midwifery Staff,Substantive,-7.89,
,Integrated Emergency and Medical Pathways,257710,MEDICINE HCG MANAGEMENT,Pay,Nursing,2024-01,,WTE,-0.02,-£144.95,,,Integrated Emergency and Medical Pathways,,Integrated Emergency and Medical Pathways,Nursing & Midwifery Staff,Bank,-0.02,
,Integrated Emergency and Medical Pathways,257710,MEDICINE HCG MANAGEMENT,Pay,Nursing,2024-01,,WTE,-7.69,"-£49,499.31",,,Integrated Emergency and Medical Pathways,,Integrated Emergency and Medical Pathways,Nursing & Midwifery Staff,Substantive,-7.69,
,Integrated Emergency and Medical Pathways,257710,MEDICINE HCG MANAGEMENT,Pay,Nursing,2024-02,,WTE,-7.69,"-£49,676.28",,,Integrated Emergency and Medical Pathways,,Integrated Emergency and Medical Pathways,Nursing & Midwifery Staff,Substantive,-7.69,
,Integrated Emergency and Medical Pathways,257710,MEDICINE HCG MANAGEMENT,Pay,Nursing,2024-03,,WTE,-0.13,-£784.96,,,Integrated Emergency and Medical Pathways,,Integrated Emergency and Medical Pathways,Nursing & Midwifery Staff,Bank,-0.13,
,Integrated Emergency and Medical Pathways,257710,MEDICINE HCG MANAGEMENT,Pay,Nursing,2024-03,,WTE,-7.79,"-£50,991.91",,,Integrated Emergency and Medical Pathways,,Integrated Emergency and Medical Pathways,Nursing & Midwifery Staff,Substantive,-7.79,
,Integrated Emergency and Medical Pathways,257710,MEDICINE HCG MANAGEMENT,Pay,Snr Managers,2023-11,,WTE,-2.00,"-£16,229.90",,,Integrated Emergency and Medical Pathways,,Integrated Emergency and Medical Pathways,Senior Managers,Substantive,-2.00,
,Integrated Emergency and Medical Pathways,257710,MEDICINE HCG MANAGEMENT,Pay,Snr Managers,2023-12,,WTE,-2.00,"-£15,375.19",,,Integrated Emergency and Medical Pathways,,Integrated Emergency and Medical Pathways,Senior Managers,Substantive,-2.00,
,Integrated Emergency and Medical Pathways,257710,MEDICINE HCG MANAGEMENT,Pay,Snr Managers,2024-01,,WTE,-2.00,"-£15,362.96",,,Integrated Emergency and Medical Pathways,,Integrated Emergency and Medical Pathways,Senior Managers,Substantive,-2.00,
,Integrated Emergency and Medical Pathways,257710,MEDICINE HCG MANAGEMENT,Pay,Snr Managers,2024-02,,WTE,-2.00,"-£15,138.68",,,Integrated Emergency and Medical Pathways,,Integrated Emergency and Medical Pathways,Senior Managers,Substantive,-2.00,
,Integrated Emergency and Medical Pathways,257710,MEDICINE HCG MANAGEMENT,Pay,Snr Managers,2024-03,,WTE,-2.00,"-£15,146.89",,,Integrated Emergency and Medical Pathways,,Integrated Emergency and Medical Pathways,Senior Managers,Substantive,-2.00,
,Frailty and General Medicine,257711,RESILIENCE - MEDICINE,Pay,Medical,2023-11,,WTE,-5.59,"-£66,257.27",,,General Medicine,,Integrated Emergency and Medical Pathways,Medical Staff,Agency,-5.59,
,Frailty and General Medicine,257711,RESILIENCE - MEDICINE,Pay,Medical,2023-11,,WTE,0.00,-£182.21,,,General Medicine,,Integrated Emergency and Medical Pathways,Medical Staff,Bank,0.00,
,Frailty and General Medicine,257711,RESILIENCE - MEDICINE,Pay,Medical,2023-11,,WTE,-0.42,"-£2,165.05",,,General Medicine,,Integrated Emergency and Medical Pathways,Medical Staff,Substantive,-0.42,
,Frailty and General Medicine,257711,RESILIENCE - MEDICINE,Pay,Medical,2023-12,,WTE,-5.79,"-£76,639.71",,,General Medicine,,Integrated Emergency and Medical Pathways,Medical Staff,Agency,-5.79,
,Frailty and General Medicine,257711,RESILIENCE - MEDICINE,Pay,Medical,2023-12,,WTE,-1.51,"-£53,403.37",,,General Medicine,,Integrated Emergency and Medical Pathways,Medical Staff,Bank,-1.51,
,Frailty and General Medicine,257711,RESILIENCE - MEDICINE,Pay,Medical,2023-12,,WTE,-1.14,"-£6,085.37",,,General Medicine,,Integrated Emergency and Medical Pathways,Medical Staff,Substantive,-1.14,
,Frailty and General Medicine,257711,RESILIENCE - MEDICINE,Pay,Medical,2024-01,,WTE,-5.74,"-£75,625.24",,,General Medicine,,Integrated Emergency and Medical Pathways,Medical Staff,Agency,-5.74,
,Frailty and General Medicine,257711,RESILIENCE - MEDICINE,Pay,Medical,2024-01,,WTE,-0.22,"-£10,514.18",,,General Medicine,,Integrated Emergency and Medical Pathways,Medical Staff,Bank,-0.22,
,Frailty and General Medicine,257711,RESILIENCE - MEDICINE,Pay,Medical,2024-01,,WTE,-7.65,"-£68,221.26",,,General Medicine,,Integrated Emergency and Medical Pathways,Medical Staff,Substantive,-7.65,
,Frailty and General Medicine,257711,RESILIENCE - MEDICINE,Pay,Medical,2024-02,,WTE,-3.35,"-£50,094.70",,,General Medicine,,Integrated Emergency and Medical Pathways,Medical Staff,Agency,-3.35,
,Frailty and General Medicine,257711,RESILIENCE - MEDICINE,Pay,Medical,2024-02,,WTE,-0.94,"-£43,452.53",,,General Medicine,,Integrated Emergency and Medical Pathways,Medical Staff,Bank,-0.94,
,Frailty and General Medicine,257711,RESILIENCE - MEDICINE,Pay,Medical,2024-02,,WTE,-7.02,"-£51,270.17",,,General Medicine,,Integrated Emergency and Medical Pathways,Medical Staff,Substantive,-7.02,
,Frailty and General Medicine,257711,RESILIENCE - MEDICINE,Pay,Medical,2024-03,,WTE,-2.91,"-£33,355.49",,,General Medicine,,Integrated Emergency and Medical Pathways,Medical Staff,Agency,-2.91,
,Frailty and General Medicine,257711,RESILIENCE - MEDICINE,Pay,Medical,2024-03,,WTE,-0.70,"£5,198.61",,,General Medicine,,Integrated Emergency and Medical Pathways,Medical Staff,Bank,-0.70,
,Frailty and General Medicine,257711,RESILIENCE - MEDICINE,Pay,Medical,2024-03,,WTE,-7.19,"-£40,959.26",,,General Medicine,,Integrated Emergency and Medical Pathways,Medical Staff,Substantive,-7.19,
,Frailty and General Medicine,257712,RESPIRATORY ISOLATION WARD,Pay,Admin & Clerical,2023-11,,WTE,0.00,-£371.39,,,General Medicine,,Integrated Emergency and Medical Pathways,Admin & Clerical Staff,Bank,0.00,
,Frailty and General Medicine,257712,RESPIRATORY ISOLATION WARD,Pay,Admin & Clerical,2023-11,,WTE,-1.00,"-£2,413.60",,,General Medicine,,Integrated Emergency and Medical Pathways,Admin & Clerical Staff,Substantive,-1.00,
,Frailty and General Medicine,257712,RESPIRATORY ISOLATION WARD,Pay,Admin & Clerical,2023-12,,WTE,-0.15,"-£1,216.18",,,General Medicine,,Integrated Emergency and Medical Pathways,Admin & Clerical Staff,Bank,-0.15,
,Frailty and General Medicine,257712,RESPIRATORY ISOLATION WARD,Pay,Admin & Clerical,2023-12,,WTE,-0.68,"-£2,048.13",,,General Medicine,,Integrated Emergency and Medical Pathways,Admin & Clerical Staff,Substantive,-0.68,
,Frailty and General Medicine,257712,RESPIRATORY ISOLATION WARD,Pay,Admin & Clerical,2024-01,,WTE,-0.02,-£709.16,,,General Medicine,,Integrated Emergency and Medical Pathways,Admin & Clerical Staff,Bank,-0.02,
,Frailty and General Medicine,257712,RESPIRATORY ISOLATION WARD,Pay,Admin & Clerical,2024-01,,WTE,-1.27,"-£2,724.26",,,General Medicine,,Integrated Emergency and Medical Pathways,Admin & Clerical Staff,Substantive,-1.27,
,Frailty and General Medicine,257712,RESPIRATORY ISOLATION WARD,Pay,Admin & Clerical,2024-02,,WTE,-0.19,"-£1,636.56",,,General Medicine,,Integrated Emergency and Medical Pathways,Admin & Clerical Staff,Bank,-0.19,
,Frailty and General Medicine,257712,RESPIRATORY ISOLATION WARD,Pay,Admin & Clerical,2024-02,,WTE,-1.00,"-£2,413.60",,,General Medicine,,Integrated Emergency and Medical Pathways,Admin & Clerical Staff,Substantive,-1.00,
,Frailty and General Medicine,257712,RESPIRATORY ISOLATION WARD,Pay,Admin & Clerical,2024-03,,WTE,-0.23,"-£1,100.90",,,General Medicine,,Integrated Emergency and Medical Pathways,Admin & Clerical Staff,Bank,-0.23,
,Frailty and General Medicine,257712,RESPIRATORY ISOLATION WARD,Pay,Admin & Clerical,2024-03,,WTE,-0.97,"-£2,336.50",,,General Medicine,,Integrated Emergency and Medical Pathways,Admin & Clerical Staff,Substantive,-0.97,
,Frailty and General Medicine,257712,RESPIRATORY ISOLATION WARD,Pay,Nursing,2023-11,,WTE,-3.82,"-£23,891.14",,,General Medicine,,Integrated Emergency and Medical Pathways,Nursing & Midwifery Staff,Agency,-3.82,
,Frailty and General Medicine,257712,RESPIRATORY ISOLATION WARD,Pay,Nursing,2023-11,,WTE,-11.65,"-£57,154.08",,,General Medicine,,Integrated Emergency and Medical Pathways,Nursing & Midwifery Staff,Bank,-11.65,
,Frailty and General Medicine,257712,RESPIRATORY ISOLATION WARD,Pay,Nursing,2023-11,,WTE,-35.40,"-£131,935.14",,,General Medicine,,Integrated Emergency and Medical Pathways,Nursing & Midwifery Staff,Substantive,-35.40,
,Frailty and General Medicine,257712,RESPIRATORY ISOLATION WARD,Pay,Nursing,2023-12,,WTE,-3.84,"-£17,530.04",,,General Medicine,,Integrated Emergency and Medical Pathways,Nursing & Midwifery Staff,Agency,-3.84,
,Frailty and General Medicine,257712,RESPIRATORY ISOLATION WARD,Pay,Nursing,2023-12,,WTE,-15.69,"-£66,193.56",,,General Medicine,,Integrated Emergency and Medical Pathways,Nursing & Midwifery Staff,Bank,-15.69,
,Frailty and General Medicine,257712,RESPIRATORY ISOLATION WARD,Pay,Nursing,2023-12,,WTE,-35.07,"-£125,601.24",,,General Medicine,,Integrated Emergency and Medical Pathways,Nursing & Midwifery Staff,Substantive,-35.07,
,Frailty and General Medicine,257712,RESPIRATORY ISOLATION WARD,Pay,Nursing,2024-01,,WTE,-1.36,"-£7,141.04",,,General Medicine,,Integrated Emergency and Medical Pathways,Nursing & Midwifery Staff,Agency,-1.36,
,Frailty and General Medicine,257712,RESPIRATORY ISOLATION WARD,Pay,Nursing,2024-01,,WTE,-14.08,"-£56,507.59",,,General Medicine,,Integrated Emergency and Medical Pathways,Nursing & Midwifery Staff,Bank,-14.08,
,Frailty and General Medicine,257712,RESPIRATORY ISOLATION WARD,Pay,Nursing,2024-01,,WTE,-37.42,"-£139,518.83",,,General Medicine,,Integrated Emergency and Medical Pathways,Nursing & Midwifery Staff,Substantive,-37.42,
,Frailty and General Medicine,257712,RESPIRATORY ISOLATION WARD,Pay,Nursing,2024-02,,WTE,-2.04,"-£9,648.99",,,General Medicine,,Integrated Emergency and Medical Pathways,Nursing & Midwifery Staff,Agency,-2.04,
,Frailty and General Medicine,257712,RESPIRATORY ISOLATION WARD,Pay,Nursing,2024-02,,WTE,-12.42,"-£49,170.03",,,General Medicine,,Integrated Emergency and Medical Pathways,Nursing & Midwifery Staff,Bank,-12.42,
,Frailty and General Medicine,257712,RESPIRATORY ISOLATION WARD,Pay,Nursing,2024-02,,WTE,-39.22,"-£146,030.19",,,General Medicine,,Integrated Emergency and Medical Pathways,Nursing & Midwifery Staff,Substantive,-39.22,
,Frailty and General Medicine,257712,RESPIRATORY ISOLATION WARD,Pay,Nursing,2024-03,,WTE,-2.04,"-£10,065.21",,,General Medicine,,Integrated Emergency and Medical Pathways,Nursing & Midwifery Staff,Agency,-2.04,
,Frailty and General Medicine,257712,RESPIRATORY ISOLATION WARD,Pay,Nursing,2024-03,,WTE,-17.58,"-£70,899.20",,,General Medicine,,Integrated Emergency and Medical Pathways,Nursing & Midwifery Staff,Bank,-17.58,
,Frailty and General Medicine,257712,RESPIRATORY ISOLATION WARD,Pay,Nursing,2024-03,,WTE,-40.65,"-£207,204.24",,,General Medicine,,Integrated Emergency and Medical Pathways,Nursing & Midwifery Staff,Substantive,-40.65,
,Frailty and General Medicine,257713,ENABLEMENT WARD,Pay,Admin & Clerical,2023-11,,WTE,-0.16,-£604.90,,,General Medicine,,Integrated Emergency and Medical Pathways,Admin & Clerical Staff,Bank,-0.16,
,Frailty and General Medicine,257713,ENABLEMENT WARD,Pay,Admin & Clerical,2023-12,,WTE,-0.15,"-£1,007.69",,,General Medicine,,Integrated Emergency and Medical Pathways,Admin & Clerical Staff,Bank,-0.15,
,Frailty and General Medicine,257713,ENABLEMENT WARD,Pay,Admin & Clerical,2024-01,,WTE,-0.35,"-£1,399.57",,,General Medicine,,Integrated Emergency and Medical Pathways,Admin & Clerical Staff,Bank,-0.35,
,Frailty and General Medicine,257713,ENABLEMENT WARD,Pay,Admin & Clerical,2024-02,,WTE,-0.75,"-£2,650.52",,,General Medicine,,Integrated Emergency and Medical Pathways,Admin & Clerical Staff,Bank,-0.75,
,Frailty and General Medicine,257713,ENABLEMENT WARD,Pay,Admin & Clerical,2024-03,,WTE,-0.36,"-£1,510.21",,,General Medicine,,Integrated Emergency and Medical Pathways,Admin & Clerical Staff,Bank,-0.36,
,Frailty and General Medicine,257713,ENABLEMENT WARD,Pay,Ancillary,2023-12,,WTE,-1.00,"-£4,570.00",,,General Medicine,,Integrated Emergency and Medical Pathways,"HCA, Other Support & Ancillary Staff",Substantive,-1.00,
,Frailty and General Medicine,257713,ENABLEMENT WARD,Pay,Ancillary,2024-01,,WTE,-1.00,"-£6,855.00",,,General Medicine,,Integrated Emergency and Medical Pathways,"HCA, Other Support & Ancillary Staff",Substantive,-1.00,
,Frailty and General Medicine,257713,ENABLEMENT WARD,Pay,Ancillary,2024-02,,WTE,-1.00,"-£9,140.00",,,General Medicine,,Integrated Emergency and Medical Pathways,"HCA, Other Support & Ancillary Staff",Substantive,-1.00,
,Frailty and General Medicine,257713,ENABLEMENT WARD,Pay,Ancillary,2024-03,,WTE,-1.00,"£9,140.00",,,General Medicine,,Integrated Emergency and Medical Pathways,"HCA, Other Support & Ancillary Staff",Substantive,-1.00,
,Frailty and General Medicine,257713,ENABLEMENT WARD,Pay,Medical,2023-11,,WTE,-2.60,"-£41,410.32",,,General Medicine,,Integrated Emergency and Medical Pathways,Medical Staff,Agency,-2.60,
,Frailty and General Medicine,257713,ENABLEMENT WARD,Pay,Medical,2023-12,,WTE,-2.80,"-£49,447.29",,,General Medicine,,Integrated Emergency and Medical Pathways,Medical Staff,Agency,-2.80,
,Frailty and General Medicine,257713,ENABLEMENT WARD,Pay,Medical,2024-01,,WTE,-2.05,"-£32,754.81",,,General Medicine,,Integrated Emergency and Medical Pathways,Medical Staff,Agency,-2.05,
,Frailty and General Medicine,257713,ENABLEMENT WARD,Pay,Medical,2024-01,,WTE,-0.99,"-£11,945.04",,,General Medicine,,Integrated Emergency and Medical Pathways,Medical Staff,Bank,-0.99,
,Frailty and General Medicine,257713,ENABLEMENT WARD,Pay,Medical,2024-02,,WTE,-2.15,"-£36,355.43",,,General Medicine,,Integrated Emergency and Medical Pathways,Medical Staff,Agency,-2.15,
,Frailty and General Medicine,257713,ENABLEMENT WARD,Pay,Medical,2024-02,,WTE,0.00,"£11,945.04",,,General Medicine,,Integrated Emergency and Medical Pathways,Medical Staff,Bank,0.00,
,Frailty and General Medicine,257713,ENABLEMENT WARD,Pay,Medical,2024-03,,WTE,-1.95,"-£26,779.51",,,General Medicine,,Integrated Emergency and Medical Pathways,Medical Staff,Agency,-1.95,
,Frailty and General Medicine,257713,ENABLEMENT WARD,Pay,Nursing,2023-11,,WTE,-0.30,-£958.00,,,General Medicine,,Integrated Emergency and Medical Pathways,Nursing & Midwifery Staff,Agency,-0.30,
,Frailty and General Medicine,257713,ENABLEMENT WARD,Pay,Nursing,2023-11,,WTE,-7.73,"-£34,110.08",,,General Medicine,,Integrated Emergency and Medical Pathways,Nursing & Midwifery Staff,Bank,-7.73,
,Frailty and General Medicine,257713,ENABLEMENT WARD,Pay,Nursing,2023-11,,WTE,-6.53,"-£25,201.44",,,General Medicine,,Integrated Emergency and Medical Pathways,Nursing & Midwifery Staff,Substantive,-6.53,
,Frailty and General Medicine,257713,ENABLEMENT WARD,Pay,Nursing,2023-12,,WTE,-0.14,-£931.60,,,General Medicine,,Integrated Emergency and Medical Pathways,Nursing & Midwifery Staff,Agency,-0.14,
,Frailty and General Medicine,257713,ENABLEMENT WARD,Pay,Nursing,2023-12,,WTE,-9.37,"-£36,779.58",,,General Medicine,,Integrated Emergency and Medical Pathways,Nursing & Midwifery Staff,Bank,-9.37,
,Frailty and General Medicine,257713,ENABLEMENT WARD,Pay,Nursing,2023-12,,WTE,-8.56,"-£22,244.48",,,General Medicine,,Integrated Emergency and Medical Pathways,Nursing & Midwifery Staff,Substantive,-8.56,
,Frailty and General Medicine,257713,ENABLEMENT WARD,Pay,Nursing,2024-01,,WTE,-0.21,"-£1,053.20",,,General Medicine,,Integrated Emergency and Medical Pathways,Nursing & Midwifery Staff,Agency,-0.21,
,Frailty and General Medicine,257713,ENABLEMENT WARD,Pay,Nursing,2024-01,,WTE,-9.19,"-£37,806.80",,,General Medicine,,Integrated Emergency and Medical Pathways,Nursing & Midwifery Staff,Bank,-9.19,
,Frailty and General Medicine,257713,ENABLEMENT WARD,Pay,Nursing,2024-01,,WTE,-9.00,"-£35,917.16",,,General Medicine,,Integrated Emergency and Medical Pathways,Nursing & Midwifery Staff,Substantive,-9.00,
,Frailty and General Medicine,257713,ENABLEMENT WARD,Pay,Nursing,2024-02,,WTE,-0.07,-£356.40,,,General Medicine,,Integrated Emergency and Medical Pathways,Nursing & Midwifery Staff,Agency,-0.07,
,Frailty and General Medicine,257713,ENABLEMENT WARD,Pay,Nursing,2024-02,,WTE,-8.70,"-£36,469.51",,,General Medicine,,Integrated Emergency and Medical Pathways,Nursing & Midwifery Staff,Bank,-8.70,
,Frailty and General Medicine,257713,ENABLEMENT WARD,Pay,Nursing,2024-02,,WTE,-8.80,"-£33,156.05",,,General Medicine,,Integrated Emergency and Medical Pathways,Nursing & Midwifery Staff,Substantive,-8.80,
,Frailty and General Medicine,257713,ENABLEMENT WARD,Pay,Nursing,2024-03,,WTE,-0.07,-£619.65,,,General Medicine,,Integrated Emergency and Medical Pathways,Nursing & Midwifery Staff,Agency,-0.07,
,Frailty and General Medicine,257713,ENABLEMENT WARD,Pay,Nursing,2024-03,,WTE,-10.62,"-£44,214.67",,,General Medicine,,Integrated Emergency and Medical Pathways,Nursing & Midwifery Staff,Bank,-10.62,
,Frailty and General Medicine,257713,ENABLEMENT WARD,Pay,Nursing,2024-03,,WTE,-7.93,"-£43,054.96",,,General Medicine,,Integrated Emergency and Medical Pathways,Nursing & Midwifery Staff,Substantive,-7.93,
,Frailty and General Medicine,257713,ENABLEMENT WARD,Pay,"Scientific, Therapeutic & Tech",2023-12,,WTE,-2.00,"-£14,532.00",,,General Medicine,,Integrated Emergency and Medical Pathways,"Scientific, Therapeutic & Technical Staff",Substantive,-2.00,
,Frailty and General Medicine,257713,ENABLEMENT WARD,Pay,"Scientific, Therapeutic & Tech",2024-01,,WTE,-2.00,"-£21,798.00",,,General Medicine,,Integrated Emergency and Medical Pathways,"Scientific, Therapeutic & Technical Staff",Substantive,-2.00,
,Frailty and General Medicine,257713,ENABLEMENT WARD,Pay,"Scientific, Therapeutic & Tech",2024-02,,WTE,-2.00,"-£29,064.00",,,General Medicine,,Integrated Emergency and Medical Pathways,"Scientific, Therapeutic & Technical Staff",Substantive,-2.00,
,Frailty and General Medicine,257713,ENABLEMENT WARD,Pay,"Scientific, Therapeutic & Tech",2024-03,,WTE,-2.00,"£29,064.00",,,General Medicine,,Integrated Emergency and Medical Pathways,"Scientific, Therapeutic & Technical Staff",Substantive,-2.00,
,Frailty and General Medicine,257714,COVID 19 - MEDICINE,Pay,Admin & Clerical,2023-12,,WTE,0.00,£9.24,,,General Medicine,,Integrated Emergency and Medical Pathways,Admin & Clerical Staff,Bank,0.00,
,Frailty and General Medicine,257714,COVID 19 - MEDICINE,Pay,Nursing,2023-12,,WTE,0.00,£744.41,,,General Medicine,,Integrated Emergency and Medical Pathways,Nursing & Midwifery Staff,Bank,0.00,
,Frailty and General Medicine,257714,COVID 19 - MEDICINE,Pay,"Scientific, Therapeutic & Tech",2023-12,,WTE,0.00,£726.00,,,General Medicine,,Integrated Emergency and Medical Pathways,"Scientific, Therapeutic & Technical Staff",Bank,0.00,
,Integrated Emergency and Medical Pathways,257720,JUNIOR MEDICINE STAFFING,Pay,Medical,2023-11,,WTE,-1.15,"-£41,487.07",,,Integrated Emergency and Medical Pathways,,Integrated Emergency and Medical Pathways,Medical Staff,Substantive,-1.15,
,Integrated Emergency and Medical Pathways,257720,JUNIOR MEDICINE STAFFING,Pay,Medical,2023-12,,WTE,-1.15,"£29,980.44",,,Integrated Emergency and Medical Pathways,,Integrated Emergency and Medical Pathways,Medical Staff,Substantive,-1.15,
,Integrated Emergency and Medical Pathways,257720,JUNIOR MEDICINE STAFFING,Pay,Medical,2024-02,,WTE,-1.15,"-£5,659.77",,,Integrated Emergency and Medical Pathways,,Integrated Emergency and Medical Pathways,Medical Staff,Substantive,-1.15,
,Integrated Emergency and Medical Pathways,257720,JUNIOR MEDICINE STAFFING,Pay,Medical,2024-03,,WTE,0.00,"£6,255.03",,,Integrated Emergency and Medical Pathways,,Integrated Emergency and Medical Pathways,Medical Staff,Substantive,0.00,
,Frailty and General Medicine,257721,MEDICAL STAFFING - ELDERLY,Pay,Admin & Clerical,2023-12,,WTE,0.00,£39.22,,,Care of the Elderly,,Integrated Emergency and Medical Pathways,Admin & Clerical Staff,Bank,0.00,
,Frailty and General Medicine,257721,MEDICAL STAFFING - ELDERLY,Pay,Medical,2023-11,,WTE,-4.61,"-£93,135.17",,,Care of the Elderly,,Integrated Emergency and Medical Pathways,Medical Staff,Agency,-4.61,
,Frailty and General Medicine,257721,MEDICAL STAFFING - ELDERLY,Pay,Medical,2023-11,,WTE,-3.99,"-£24,616.62",,,Care of the Elderly,,Integrated Emergency and Medical Pathways,Medical Staff,Bank,-3.99,
,Frailty and General Medicine,257721,MEDICAL STAFFING - ELDERLY,Pay,Medical,2023-11,,WTE,-57.27,"-£363,701.88",,,Care of the Elderly,,Integrated Emergency and Medical Pathways,Medical Staff,Substantive,-57.27,
,Frailty and General Medicine,257721,MEDICAL STAFFING - ELDERLY,Pay,Medical,2023-12,,WTE,-5.24,"-£95,176.76",,,Care of the Elderly,,Integrated Emergency and Medical Pathways,Medical Staff,Agency,-5.24,
,Frailty and General Medicine,257721,MEDICAL STAFFING - ELDERLY,Pay,Medical,2023-12,,WTE,-1.88,"-£28,897.12",,,Care of the Elderly,,Integrated Emergency and Medical Pathways,Medical Staff,Bank,-1.88,
,Frailty and General Medicine,257721,MEDICAL STAFFING - ELDERLY,Pay,Medical,2023-12,,WTE,-54.68,"-£353,226.54",,,Care of the Elderly,,Integrated Emergency and Medical Pathways,Medical Staff,Substantive,-54.68,
,Frailty and General Medicine,257721,MEDICAL STAFFING - ELDERLY,Pay,Medical,2024-01,,WTE,-6.09,"-£103,608.66",,,Care of the Elderly,,Integrated Emergency and Medical Pathways,Medical Staff,Agency,-6.09,
,Frailty and General Medicine,257721,MEDICAL STAFFING - ELDERLY,Pay,Medical,2024-01,,WTE,-1.61,"-£63,705.86",,,Care of the Elderly,,Integrated Emergency and Medical Pathways,Medical Staff,Bank,-1.61,
,Frailty and General Medicine,257721,MEDICAL STAFFING - ELDERLY,Pay,Medical,2024-01,,WTE,-52.95,"-£328,737.28",,,Care of the Elderly,,Integrated Emergency and Medical Pathways,Medical Staff,Substantive,-52.95,
,Frailty and General Medicine,257721,MEDICAL STAFFING - ELDERLY,Pay,Medical,2024-02,,WTE,-4.86,"-£78,807.87",,,Care of the Elderly,,Integrated Emergency and Medical Pathways,Medical Staff,Agency,-4.86,
,Frailty and General Medicine,257721,MEDICAL STAFFING - ELDERLY,Pay,Medical,2024-02,,WTE,-1.63,"-£20,894.62",,,Care of the Elderly,,Integrated Emergency and Medical Pathways,Medical Staff,Bank,-1.63,
,Frailty and General Medicine,257721,MEDICAL STAFFING - ELDERLY,Pay,Medical,2024-02,,WTE,-51.40,"-£323,513.02",,,Care of the Elderly,,Integrated Emergency and Medical Pathways,Medical Staff,Substantive,-51.40,
,Frailty and General Medicine,257721,MEDICAL STAFFING - ELDERLY,Pay,Medical,2024-03,,WTE,-4.32,"-£87,172.23",,,Care of the Elderly,,Integrated Emergency and Medical Pathways,Medical Staff,Agency,-4.32,
,Frailty and General Medicine,257721,MEDICAL STAFFING - ELDERLY,Pay,Medical,2024-03,,WTE,-2.16,"£12,342.03",,,Care of the Elderly,,Integrated Emergency and Medical Pathways,Medical Staff,Bank,-2.16,
,Frailty and General Medicine,257721,MEDICAL STAFFING - ELDERLY,Pay,Medical,2024-03,,WTE,-49.17,"-£372,854.15",,,Care of the Elderly,,Integrated Emergency and Medical Pathways,Medical Staff,Substantive,-49.17,
,Frailty and General Medicine,257721,MEDICAL STAFFING - ELDERLY,Pay,Nursing,2023-11,,WTE,0.00,"-£2,411.39",,,Care of the Elderly,,Integrated Emergency and Medical Pathways,Nursing & Midwifery Staff,Bank,0.00,
,Frailty and General Medicine,257721,MEDICAL STAFFING - ELDERLY,Pay,Nursing,2024-01,,WTE,0.00,"£2,411.39",,,Care of the Elderly,,Integrated Emergency and Medical Pathways,Nursing & Midwifery Staff,Bank,0.00,
,Frailty and General Medicine,257721,MEDICAL STAFFING - ELDERLY,Pay,"Scientific, Therapeutic & Tech",2023-11,,WTE,-2.00,"-£9,805.91",,,Care of the Elderly,,Integrated Emergency and Medical Pathways,"Scientific, Therapeutic & Technical Staff",Substantive,-2.00,
,Frailty and General Medicine,257721,MEDICAL STAFFING - ELDERLY,Pay,"Scientific, Therapeutic & Tech",2023-12,,WTE,-2.00,"-£9,805.91",,,Care of the Elderly,,Integrated Emergency and Medical Pathways,"Scientific, Therapeutic & Technical Staff",Substantive,-2.00,
,Frailty and General Medicine,257721,MEDICAL STAFFING - ELDERLY,Pay,"Scientific, Therapeutic & Tech",2024-01,,WTE,-2.00,"-£9,805.91",,,Care of the Elderly,,Integrated Emergency and Medical Pathways,"Scientific, Therapeutic & Technical Staff",Substantive,-2.00,
,Frailty and General Medicine,257721,MEDICAL STAFFING - ELDERLY,Pay,"Scientific, Therapeutic & Tech",2024-02,,WTE,-2.00,"-£9,805.91",,,Care of the Elderly,,Integrated Emergency and Medical Pathways,"Scientific, Therapeutic & Technical Staff",Substantive,-2.00,
,Frailty and General Medicine,257721,MEDICAL STAFFING - ELDERLY,Pay,"Scientific, Therapeutic & Tech",2024-03,,WTE,-2.00,"-£9,805.91",,,Care of the Elderly,,Integrated Emergency and Medical Pathways,"Scientific, Therapeutic & Technical Staff",Substantive,-2.00,
,Medical specialties,257722,MEDICAL STAFF DIABETES,Pay,Medical,2023-11,,WTE,-3.15,"-£43,569.58",,,Diabetes & Endocrinology,,Integrated Emergency and Medical Pathways,Medical Staff,Agency,-3.15,
,Medical specialties,257722,MEDICAL STAFF DIABETES,Pay,Medical,2023-11,,WTE,-0.11,"-£4,861.64",,,Diabetes & Endocrinology,,Integrated Emergency and Medical Pathways,Medical Staff,Bank,-0.11,
,Medical specialties,257722,MEDICAL STAFF DIABETES,Pay,Medical,2023-11,,WTE,-9.02,"-£64,929.30",,,Diabetes & Endocrinology,,Integrated Emergency and Medical Pathways,Medical Staff,Substantive,-9.02,
,Medical specialties,257722,MEDICAL STAFF DIABETES,Pay,Medical,2023-12,,WTE,-2.08,"-£23,319.56",,,Diabetes & Endocrinology,,Integrated Emergency and Medical Pathways,Medical Staff,Agency,-2.08,
,Medical specialties,257722,MEDICAL STAFF DIABETES,Pay,Medical,2023-12,,WTE,-0.08,"-£2,178.79",,,Diabetes & Endocrinology,,Integrated Emergency and Medical Pathways,Medical Staff,Bank,-0.08,
,Medical specialties,257722,MEDICAL STAFF DIABETES,Pay,Medical,2023-12,,WTE,-8.21,"-£74,117.49",,,Diabetes & Endocrinology,,Integrated Emergency and Medical Pathways,Medical Staff,Substantive,-8.21,
,Medical specialties,257722,MEDICAL STAFF DIABETES,Pay,Medical,2024-01,,WTE,-3.96,"-£57,542.75",,,Diabetes & Endocrinology,,Integrated Emergency and Medical Pathways,Medical Staff,Agency,-3.96,
,Medical specialties,257722,MEDICAL STAFF DIABETES,Pay,Medical,2024-01,,WTE,-0.34,"-£10,391.16",,,Diabetes & Endocrinology,,Integrated Emergency and Medical Pathways,Medical Staff,Bank,-0.34,
,Medical specialties,257722,MEDICAL STAFF DIABETES,Pay,Medical,2024-01,,WTE,-9.33,"-£75,464.01",,,Diabetes & Endocrinology,,Integrated Emergency and Medical Pathways,Medical Staff,Substantive,-9.33,
,Medical specialties,257722,MEDICAL STAFF DIABETES,Pay,Medical,2024-02,,WTE,-4.26,"-£63,358.24",,,Diabetes & Endocrinology,,Integrated Emergency and Medical Pathways,Medical Staff,Agency,-4.26,
,Medical specialties,257722,MEDICAL STAFF DIABETES,Pay,Medical,2024-02,,WTE,-0.14,"-£3,219.48",,,Diabetes & Endocrinology,,Integrated Emergency and Medical Pathways,Medical Staff,Bank,-0.14,
,Medical specialties,257722,MEDICAL STAFF DIABETES,Pay,Medical,2024-02,,WTE,-8.34,"-£100,506.86",,,Diabetes & Endocrinology,,Integrated Emergency and Medical Pathways,Medical Staff,Substantive,-8.34,
,Medical specialties,257722,MEDICAL STAFF DIABETES,Pay,Medical,2024-03,,WTE,-4.06,"-£66,275.47",,,Diabetes & Endocrinology,,Integrated Emergency and Medical Pathways,Medical Staff,Agency,-4.06,
,Medical specialties,257722,MEDICAL STAFF DIABETES,Pay,Medical,2024-03,,WTE,-0.29,"-£2,464.02",,,Diabetes & Endocrinology,,Integrated Emergency and Medical Pathways,Medical Staff,Bank,-0.29,
,Medical specialties,257722,MEDICAL STAFF DIABETES,Pay,Medical,2024-03,,WTE,-10.63,"-£100,097.11",,,Diabetes & Endocrinology,,Integrated Emergency and Medical Pathways,Medical Staff,Substantive,-10.63,
,Medical specialties,257722,MEDICAL STAFF DIABETES,Pay,"Scientific, Therapeutic & Tech",2023-11,,WTE,-0.65,"£1,950.99",,,Diabetes & Endocrinology,,Integrated Emergency and Medical Pathways,"Scientific, Therapeutic & Technical Staff",Agency,-0.65,
,Medical specialties,257722,MEDICAL STAFF DIABETES,Pay,"Scientific, Therapeutic & Tech",2023-12,,WTE,-0.05,"£3,666.66",,,Diabetes & Endocrinology,,Integrated Emergency and Medical Pathways,"Scientific, Therapeutic & Technical Staff",Agency,-0.05,
,Medical specialties,257722,MEDICAL STAFF DIABETES,Pay,"Scientific, Therapeutic & Tech",2024-01,,WTE,0.00,-£15.74,,,Diabetes & Endocrinology,,Integrated Emergency and Medical Pathways,"Scientific, Therapeutic & Technical Staff",Agency,0.00,
,MSK and ENT,257723,MEDICAL STAFF RHEUMATOLOGY,Pay,Medical,2023-11,,WTE,-1.10,"-£26,676.58",,,Rheumatology,,Planned Pathways,Medical Staff,Agency,-1.10,
,MSK and ENT,257723,MEDICAL STAFF RHEUMATOLOGY,Pay,Medical,2023-11,,WTE,-0.85,"-£21,914.92",,,Rheumatology,,Planned Pathways,Medical Staff,Bank,-0.85,
,MSK and ENT,257723,MEDICAL STAFF RHEUMATOLOGY,Pay,Medical,2023-11,,WTE,-3.70,"-£47,578.97",,,Rheumatology,,Planned Pathways,Medical Staff,Substantive,-3.70,
,MSK and ENT,257723,MEDICAL STAFF RHEUMATOLOGY,Pay,Medical,2023-12,,WTE,-1.05,"-£25,843.79",,,Rheumatology,,Planned Pathways,Medical Staff,Agency,-1.05,
,MSK and ENT,257723,MEDICAL STAFF RHEUMATOLOGY,Pay,Medical,2023-12,,WTE,-0.65,"£2,077.01",,,Rheumatology,,Planned Pathways,Medical Staff,Bank,-0.65,
,MSK and ENT,257723,MEDICAL STAFF RHEUMATOLOGY,Pay,Medical,2023-12,,WTE,-4.03,"-£48,668.57",,,Rheumatology,,Planned Pathways,Medical Staff,Substantive,-4.03,
,MSK and ENT,257723,MEDICAL STAFF RHEUMATOLOGY,Pay,Medical,2024-01,,WTE,-1.15,"-£25,453.92",,,Rheumatology,,Planned Pathways,Medical Staff,Agency,-1.15,
,MSK and ENT,257723,MEDICAL STAFF RHEUMATOLOGY,Pay,Medical,2024-01,,WTE,-0.92,"-£26,294.16",,,Rheumatology,,Planned Pathways,Medical Staff,Bank,-0.92,
,MSK and ENT,257723,MEDICAL STAFF RHEUMATOLOGY,Pay,Medical,2024-01,,WTE,-3.70,"-£40,133.57",,,Rheumatology,,Planned Pathways,Medical Staff,Substantive,-3.70,
,MSK and ENT,257723,MEDICAL STAFF RHEUMATOLOGY,Pay,Medical,2024-02,,WTE,-1.05,"-£19,844.68",,,Rheumatology,,Planned Pathways,Medical Staff,Agency,-1.05,
,MSK and ENT,257723,MEDICAL STAFF RHEUMATOLOGY,Pay,Medical,2024-02,,WTE,-0.84,"-£15,049.63",,,Rheumatology,,Planned Pathways,Medical Staff,Bank,-0.84,
,MSK and ENT,257723,MEDICAL STAFF RHEUMATOLOGY,Pay,Medical,2024-02,,WTE,-3.70,"-£51,383.27",,,Rheumatology,,Planned Pathways,Medical Staff,Substantive,-3.70,
,MSK and ENT,257723,MEDICAL STAFF RHEUMATOLOGY,Pay,Medical,2024-03,,WTE,-1.05,"-£19,341.79",,,Rheumatology,,Planned Pathways,Medical Staff,Agency,-1.05,
,MSK and ENT,257723,MEDICAL STAFF RHEUMATOLOGY,Pay,Medical,2024-03,,WTE,-0.80,"-£4,329.61",,,Rheumatology,,Planned Pathways,Medical Staff,Bank,-0.80,
,MSK and ENT,257723,MEDICAL STAFF RHEUMATOLOGY,Pay,Medical,2024-03,,WTE,-3.70,"-£59,686.39",,,Rheumatology,,Planned Pathways,Medical Staff,Substantive,-3.70,
,Medical specialties,257724,CARDIOLOGY MEDICAL STAFF,Pay,Medical,2023-11,,WTE,-0.10,"£5,828.59",,,Cardiology,,Integrated Emergency and Medical Pathways,Medical Staff,Agency,-0.10,
,Medical specialties,257724,CARDIOLOGY MEDICAL STAFF,Pay,Medical,2023-11,,WTE,-0.85,"-£28,443.70",,,Cardiology,,Integrated Emergency and Medical Pathways,Medical Staff,Bank,-0.85,
,Medical specialties,257724,CARDIOLOGY MEDICAL STAFF,Pay,Medical,2023-11,,WTE,-16.99,"-£127,434.28",,,Cardiology,,Integrated Emergency and Medical Pathways,Medical Staff,Substantive,-16.99,
,Medical specialties,257724,CARDIOLOGY MEDICAL STAFF,Pay,Medical,2023-12,,WTE,-0.91,"-£13,095.97",,,Cardiology,,Integrated Emergency and Medical Pathways,Medical Staff,Agency,-0.91,
,Medical specialties,257724,CARDIOLOGY MEDICAL STAFF,Pay,Medical,2023-12,,WTE,-0.93,"-£16,957.62",,,Cardiology,,Integrated Emergency and Medical Pathways,Medical Staff,Bank,-0.93,
,Medical specialties,257724,CARDIOLOGY MEDICAL STAFF,Pay,Medical,2023-12,,WTE,-18.01,"-£134,188.48",,,Cardiology,,Integrated Emergency and Medical Pathways,Medical Staff,Substantive,-18.01,
,Medical specialties,257724,CARDIOLOGY MEDICAL STAFF,Pay,Medical,2024-01,,WTE,-0.85,"-£13,341.60",,,Cardiology,,Integrated Emergency and Medical Pathways,Medical Staff,Agency,-0.85,
,Medical specialties,257724,CARDIOLOGY MEDICAL STAFF,Pay,Medical,2024-01,,WTE,-0.93,"-£32,529.35",,,Cardiology,,Integrated Emergency and Medical Pathways,Medical Staff,Bank,-0.93,
,Medical specialties,257724,CARDIOLOGY MEDICAL STAFF,Pay,Medical,2024-01,,WTE,-17.28,"-£138,779.09",,,Cardiology,,Integrated Emergency and Medical Pathways,Medical Staff,Substantive,-17.28,
,Medical specialties,257724,CARDIOLOGY MEDICAL STAFF,Pay,Medical,2024-02,,WTE,-1.46,"-£25,083.63",,,Cardiology,,Integrated Emergency and Medical Pathways,Medical Staff,Agency,-1.46,
,Medical specialties,257724,CARDIOLOGY MEDICAL STAFF,Pay,Medical,2024-02,,WTE,-1.24,"-£28,508.79",,,Cardiology,,Integrated Emergency and Medical Pathways,Medical Staff,Bank,-1.24,
,Medical specialties,257724,CARDIOLOGY MEDICAL STAFF,Pay,Medical,2024-02,,WTE,-17.08,"-£225,558.10",,,Cardiology,,Integrated Emergency and Medical Pathways,Medical Staff,Substantive,-17.08,
,Medical specialties,257724,CARDIOLOGY MEDICAL STAFF,Pay,Medical,2024-03,,WTE,-1.00,"-£11,573.58",,,Cardiology,,Integrated Emergency and Medical Pathways,Medical Staff,Agency,-1.00,
,Medical specialties,257724,CARDIOLOGY MEDICAL STAFF,Pay,Medical,2024-03,,WTE,-1.27,"-£8,715.72",,,Cardiology,,Integrated Emergency and Medical Pathways,Medical Staff,Bank,-1.27,
,Medical specialties,257724,CARDIOLOGY MEDICAL STAFF,Pay,Medical,2024-03,,WTE,-16.85,"-£176,139.61",,,Cardiology,,Integrated Emergency and Medical Pathways,Medical Staff,Substantive,-16.85,
,Medical specialties,257724,CARDIOLOGY MEDICAL STAFF,Pay,"Scientific, Therapeutic & Tech",2023-11,,WTE,0.00,-£176.50,,,Cardiology,,Integrated Emergency and Medical Pathways,"Scientific, Therapeutic & Technical Staff",Bank,0.00,
,Medical specialties,257724,CARDIOLOGY MEDICAL STAFF,Pay,"Scientific, Therapeutic & Tech",2023-11,,WTE,-1.00,"-£4,234.30",,,Cardiology,,Integrated Emergency and Medical Pathways,"Scientific, Therapeutic & Technical Staff",Substantive,-1.00,
,Medical specialties,257724,CARDIOLOGY MEDICAL STAFF,Pay,"Scientific, Therapeutic & Tech",2023-12,,WTE,-1.00,"-£4,234.30",,,Cardiology,,Integrated Emergency and Medical Pathways,"Scientific, Therapeutic & Technical Staff",Substantive,-1.00,
,Medical specialties,257724,CARDIOLOGY MEDICAL STAFF,Pay,"Scientific, Therapeutic & Tech",2024-01,,WTE,-1.00,"-£6,943.26",,,Cardiology,,Integrated Emergency and Medical Pathways,"Scientific, Therapeutic & Technical Staff",Substantive,-1.00,
,Medical specialties,257724,CARDIOLOGY MEDICAL STAFF,Pay,"Scientific, Therapeutic & Tech",2024-02,,WTE,-1.00,"-£4,448.06",,,Cardiology,,Integrated Emergency and Medical Pathways,"Scientific, Therapeutic & Technical Staff",Substantive,-1.00,
,Medical specialties,257724,CARDIOLOGY MEDICAL STAFF,Pay,"Scientific, Therapeutic & Tech",2024-03,,WTE,-1.00,"-£4,448.06",,,Cardiology,,Integrated Emergency and Medical Pathways,"Scientific, Therapeutic & Technical Staff",Substantive,-1.00,
,Medical specialties,257725,MEDICAL STAFF RESPIRATORY,Pay,Admin & Clerical,2024-01,,WTE,-0.97,"-£3,553.89",,,Respiratory Medicine,,Integrated Emergency and Medical Pathways,Admin & Clerical Staff,Substantive,-0.97,
,Medical specialties,257725,MEDICAL STAFF RESPIRATORY,Pay,Admin & Clerical,2024-02,,WTE,-1.52,"-£4,283.10",,,Respiratory Medicine,,Integrated Emergency and Medical Pathways,Admin & Clerical Staff,Substantive,-1.52,
,Medical specialties,257725,MEDICAL STAFF RESPIRATORY,Pay,Admin & Clerical,2024-03,,WTE,-1.58,"-£4,657.49",,,Respiratory Medicine,,Integrated Emergency and Medical Pathways,Admin & Clerical Staff,Substantive,-1.58,
,Medical specialties,257725,MEDICAL STAFF RESPIRATORY,Pay,Medical,2023-11,,WTE,-1.54,"-£27,750.03",,,Respiratory Medicine,,Integrated Emergency and Medical Pathways,Medical Staff,Agency,-1.54,
,Medical specialties,257725,MEDICAL STAFF RESPIRATORY,Pay,Medical,2023-11,,WTE,-0.02,"-£1,686.89",,,Respiratory Medicine,,Integrated Emergency and Medical Pathways,Medical Staff,Bank,-0.02,
,Medical specialties,257725,MEDICAL STAFF RESPIRATORY,Pay,Medical,2023-11,,WTE,-14.48,"-£136,142.49",,,Respiratory Medicine,,Integrated Emergency and Medical Pathways,Medical Staff,Substantive,-14.48,
,Medical specialties,257725,MEDICAL STAFF RESPIRATORY,Pay,Medical,2023-12,,WTE,-0.74,"-£15,719.44",,,Respiratory Medicine,,Integrated Emergency and Medical Pathways,Medical Staff,Agency,-0.74,
,Medical specialties,257725,MEDICAL STAFF RESPIRATORY,Pay,Medical,2023-12,,WTE,-0.23,"-£2,820.37",,,Respiratory Medicine,,Integrated Emergency and Medical Pathways,Medical Staff,Bank,-0.23,
,Medical specialties,257725,MEDICAL STAFF RESPIRATORY,Pay,Medical,2023-12,,WTE,-10.66,"-£93,906.64",,,Respiratory Medicine,,Integrated Emergency and Medical Pathways,Medical Staff,Substantive,-10.66,
,Medical specialties,257725,MEDICAL STAFF RESPIRATORY,Pay,Medical,2024-01,,WTE,-2.19,"-£40,474.31",,,Respiratory Medicine,,Integrated Emergency and Medical Pathways,Medical Staff,Agency,-2.19,
,Medical specialties,257725,MEDICAL STAFF RESPIRATORY,Pay,Medical,2024-01,,WTE,-0.13,"-£2,795.84",,,Respiratory Medicine,,Integrated Emergency and Medical Pathways,Medical Staff,Bank,-0.13,
,Medical specialties,257725,MEDICAL STAFF RESPIRATORY,Pay,Medical,2024-01,,WTE,-12.86,"-£112,584.40",,,Respiratory Medicine,,Integrated Emergency and Medical Pathways,Medical Staff,Substantive,-12.86,
,Medical specialties,257725,MEDICAL STAFF RESPIRATORY,Pay,Medical,2024-02,,WTE,-2.86,"-£46,344.17",,,Respiratory Medicine,,Integrated Emergency and Medical Pathways,Medical Staff,Agency,-2.86,
,Medical specialties,257725,MEDICAL STAFF RESPIRATORY,Pay,Medical,2024-02,,WTE,-0.65,"-£9,577.40",,,Respiratory Medicine,,Integrated Emergency and Medical Pathways,Medical Staff,Bank,-0.65,
,Medical specialties,257725,MEDICAL STAFF RESPIRATORY,Pay,Medical,2024-02,,WTE,-13.83,"-£109,043.11",,,Respiratory Medicine,,Integrated Emergency and Medical Pathways,Medical Staff,Substantive,-13.83,
,Medical specialties,257725,MEDICAL STAFF RESPIRATORY,Pay,Medical,2024-03,,WTE,-2.56,"-£42,169.96",,,Respiratory Medicine,,Integrated Emergency and Medical Pathways,Medical Staff,Agency,-2.56,
,Medical specialties,257725,MEDICAL STAFF RESPIRATORY,Pay,Medical,2024-03,,WTE,-0.79,"-£6,218.54",,,Respiratory Medicine,,Integrated Emergency and Medical Pathways,Medical Staff,Bank,-0.79,
,Medical specialties,257725,MEDICAL STAFF RESPIRATORY,Pay,Medical,2024-03,,WTE,-12.74,"-£127,174.57",,,Respiratory Medicine,,Integrated Emergency and Medical Pathways,Medical Staff,Substantive,-12.74,
,Medical specialties,257725,MEDICAL STAFF RESPIRATORY,Pay,Nursing,2023-11,,WTE,-2.90,"-£15,140.45",,,Respiratory Medicine,,Integrated Emergency and Medical Pathways,Nursing & Midwifery Staff,Substantive,-2.90,
,Medical specialties,257725,MEDICAL STAFF RESPIRATORY,Pay,Nursing,2023-12,,WTE,-2.90,"-£15,140.45",,,Respiratory Medicine,,Integrated Emergency and Medical Pathways,Nursing & Midwifery Staff,Substantive,-2.90,
,Medical specialties,257725,MEDICAL STAFF RESPIRATORY,Pay,Nursing,2024-01,,WTE,-2.90,"-£15,140.45",,,Respiratory Medicine,,Integrated Emergency and Medical Pathways,Nursing & Midwifery Staff,Substantive,-2.90,
,Medical specialties,257725,MEDICAL STAFF RESPIRATORY,Pay,Nursing,2024-02,,WTE,-2.90,"-£15,140.45",,,Respiratory Medicine,,Integrated Emergency and Medical Pathways,Nursing & Midwifery Staff,Substantive,-2.90,
,Medical specialties,257725,MEDICAL STAFF RESPIRATORY,Pay,Nursing,2024-03,,WTE,-2.90,"-£15,140.45",,,Respiratory Medicine,,Integrated Emergency and Medical Pathways,Nursing & Midwifery Staff,Substantive,-2.90,
,Medical specialties,257725,MEDICAL STAFF RESPIRATORY,Pay,"Scientific, Therapeutic & Tech",2023-11,,WTE,-1.00,"-£4,448.06",,,Respiratory Medicine,,Integrated Emergency and Medical Pathways,"Scientific, Therapeutic & Technical Staff",Substantive,-1.00,
,Medical specialties,257725,MEDICAL STAFF RESPIRATORY,Pay,"Scientific, Therapeutic & Tech",2023-12,,WTE,-1.00,"-£4,448.06",,,Respiratory Medicine,,Integrated Emergency and Medical Pathways,"Scientific, Therapeutic & Technical Staff",Substantive,-1.00,
,Medical specialties,257725,MEDICAL STAFF RESPIRATORY,Pay,"Scientific, Therapeutic & Tech",2024-01,,WTE,-1.00,"-£4,448.06",,,Respiratory Medicine,,Integrated Emergency and Medical Pathways,"Scientific, Therapeutic & Technical Staff",Substantive,-1.00,
,Medical specialties,257725,MEDICAL STAFF RESPIRATORY,Pay,"Scientific, Therapeutic & Tech",2024-02,,WTE,-1.00,"-£4,448.06",,,Respiratory Medicine,,Integrated Emergency and Medical Pathways,"Scientific, Therapeutic & Technical Staff",Substantive,-1.00,
,Medical specialties,257725,MEDICAL STAFF RESPIRATORY,Pay,"Scientific, Therapeutic & Tech",2024-03,,WTE,-1.00,"-£4,448.06",,,Respiratory Medicine,,Integrated Emergency and Medical Pathways,"Scientific, Therapeutic & Technical Staff",Substantive,-1.00,
,Frailty and General Medicine,257730,SPEC PALLIATIVE CARE TEAM,Pay,Admin & Clerical,2023-11,,WTE,-0.12,-£397.38,,,Palliative Care,,Integrated Emergency and Medical Pathways,Admin & Clerical Staff,Bank,-0.12,
,Frailty and General Medicine,257730,SPEC PALLIATIVE CARE TEAM,Pay,Admin & Clerical,2023-11,,WTE,-0.87,"-£2,577.81",,,Palliative Care,,Integrated Emergency and Medical Pathways,Admin & Clerical Staff,Substantive,-0.87,
,Frailty and General Medicine,257730,SPEC PALLIATIVE CARE TEAM,Pay,Admin & Clerical,2023-12,,WTE,-0.05,-£152.20,,,Palliative Care,,Integrated Emergency and Medical Pathways,Admin & Clerical Staff,Bank,-0.05,
,Frailty and General Medicine,257730,SPEC PALLIATIVE CARE TEAM,Pay,Admin & Clerical,2023-12,,WTE,0.00,-£12.01,,,Palliative Care,,Integrated Emergency and Medical Pathways,Admin & Clerical Staff,Substantive,0.00,
,Frailty and General Medicine,257730,SPEC PALLIATIVE CARE TEAM,Pay,Admin & Clerical,2024-01,,WTE,-0.87,"-£2,586.55",,,Palliative Care,,Integrated Emergency and Medical Pathways,Admin & Clerical Staff,Substantive,-0.87,
,Frailty and General Medicine,257730,SPEC PALLIATIVE CARE TEAM,Pay,Admin & Clerical,2024-02,,WTE,-0.87,"-£2,577.81",,,Palliative Care,,Integrated Emergency and Medical Pathways,Admin & Clerical Staff,Substantive,-0.87,
,Frailty and General Medicine,257730,SPEC PALLIATIVE CARE TEAM,Pay,Admin & Clerical,2024-03,,WTE,-0.87,"-£2,577.81",,,Palliative Care,,Integrated Emergency and Medical Pathways,Admin & Clerical Staff,Substantive,-0.87,
,Frailty and General Medicine,257730,SPEC PALLIATIVE CARE TEAM,Pay,Medical,2023-11,,WTE,-3.13,"-£25,434.99",,,Palliative Care,,Integrated Emergency and Medical Pathways,Medical Staff,Substantive,-3.13,
,Frailty and General Medicine,257730,SPEC PALLIATIVE CARE TEAM,Pay,Medical,2023-12,,WTE,-1.80,"-£17,126.84",,,Palliative Care,,Integrated Emergency and Medical Pathways,Medical Staff,Substantive,-1.80,
,Frailty and General Medicine,257730,SPEC PALLIATIVE CARE TEAM,Pay,Medical,2024-01,,WTE,-1.80,"-£20,124.78",,,Palliative Care,,Integrated Emergency and Medical Pathways,Medical Staff,Substantive,-1.80,
,Frailty and General Medicine,257730,SPEC PALLIATIVE CARE TEAM,Pay,Medical,2024-02,,WTE,-1.00,"-£15,174.29",,,Palliative Care,,Integrated Emergency and Medical Pathways,Medical Staff,Substantive,-1.00,
,Frailty and General Medicine,257730,SPEC PALLIATIVE CARE TEAM,Pay,Medical,2024-03,,WTE,-1.00,"-£12,478.17",,,Palliative Care,,Integrated Emergency and Medical Pathways,Medical Staff,Substantive,-1.00,
,Frailty and General Medicine,257730,SPEC PALLIATIVE CARE TEAM,Pay,Nursing,2023-11,,WTE,0.00,-£0.01,,,Palliative Care,,Integrated Emergency and Medical Pathways,Nursing & Midwifery Staff,Bank,0.00,
,Frailty and General Medicine,257730,SPEC PALLIATIVE CARE TEAM,Pay,Nursing,2023-11,,WTE,-7.99,"-£40,668.75",,,Palliative Care,,Integrated Emergency and Medical Pathways,Nursing & Midwifery Staff,Substantive,-7.99,
,Frailty and General Medicine,257730,SPEC PALLIATIVE CARE TEAM,Pay,Nursing,2023-12,,WTE,0.00,£0.50,,,Palliative Care,,Integrated Emergency and Medical Pathways,Nursing & Midwifery Staff,Bank,0.00,
,Frailty and General Medicine,257730,SPEC PALLIATIVE CARE TEAM,Pay,Nursing,2023-12,,WTE,-7.99,"-£40,461.38",,,Palliative Care,,Integrated Emergency and Medical Pathways,Nursing & Midwifery Staff,Substantive,-7.99,
,Frailty and General Medicine,257730,SPEC PALLIATIVE CARE TEAM,Pay,Nursing,2024-01,,WTE,-7.99,"-£53,407.61",,,Palliative Care,,Integrated Emergency and Medical Pathways,Nursing & Midwifery Staff,Substantive,-7.99,
,Frailty and General Medicine,257730,SPEC PALLIATIVE CARE TEAM,Pay,Nursing,2024-02,,WTE,-7.99,"-£37,411.93",,,Palliative Care,,Integrated Emergency and Medical Pathways,Nursing & Midwifery Staff,Substantive,-7.99,
,Frailty and General Medicine,257730,SPEC PALLIATIVE CARE TEAM,Pay,Nursing,2024-03,,WTE,-7.99,"-£41,773.83",,,Palliative Care,,Integrated Emergency and Medical Pathways,Nursing & Midwifery Staff,Substantive,-7.99,
,Frailty and General Medicine,257731,OPAL SAME DAY ASSESSMENT,Pay,Admin & Clerical,2023-11,,WTE,-2.00,"-£4,646.17",,,Care of the Elderly,,Integrated Emergency and Medical Pathways,Admin & Clerical Staff,Substantive,-2.00,
,Frailty and General Medicine,257731,OPAL SAME DAY ASSESSMENT,Pay,Admin & Clerical,2023-12,,WTE,-0.25,"-£1,299.89",,,Care of the Elderly,,Integrated Emergency and Medical Pathways,Admin & Clerical Staff,Bank,-0.25,
,Frailty and General Medicine,257731,OPAL SAME DAY ASSESSMENT,Pay,Admin & Clerical,2023-12,,WTE,-2.00,"-£4,747.66",,,Care of the Elderly,,Integrated Emergency and Medical Pathways,Admin & Clerical Staff,Substantive,-2.00,
,Frailty and General Medicine,257731,OPAL SAME DAY ASSESSMENT,Pay,Admin & Clerical,2024-01,,WTE,-0.30,"-£1,338.22",,,Care of the Elderly,,Integrated Emergency and Medical Pathways,Admin & Clerical Staff,Bank,-0.30,
,Frailty and General Medicine,257731,OPAL SAME DAY ASSESSMENT,Pay,Admin & Clerical,2024-01,,WTE,-1.00,"-£2,447.65",,,Care of the Elderly,,Integrated Emergency and Medical Pathways,Admin & Clerical Staff,Substantive,-1.00,
,Frailty and General Medicine,257731,OPAL SAME DAY ASSESSMENT,Pay,Admin & Clerical,2024-02,,WTE,-0.20,"-£1,022.01",,,Care of the Elderly,,Integrated Emergency and Medical Pathways,Admin & Clerical Staff,Bank,-0.20,
,Frailty and General Medicine,257731,OPAL SAME DAY ASSESSMENT,Pay,Admin & Clerical,2024-02,,WTE,-1.74,"-£3,872.75",,,Care of the Elderly,,Integrated Emergency and Medical Pathways,Admin & Clerical Staff,Substantive,-1.74,
,Frailty and General Medicine,257731,OPAL SAME DAY ASSESSMENT,Pay,Admin & Clerical,2024-03,,WTE,0.00,-£0.01,,,Care of the Elderly,,Integrated Emergency and Medical Pathways,Admin & Clerical Staff,Bank,0.00,
,Frailty and General Medicine,257731,OPAL SAME DAY ASSESSMENT,Pay,Admin & Clerical,2024-03,,WTE,-1.60,"-£3,688.75",,,Care of the Elderly,,Integrated Emergency and Medical Pathways,Admin & Clerical Staff,Substantive,-1.60,
,Frailty and General Medicine,257731,OPAL SAME DAY ASSESSMENT,Pay,Medical,2023-11,,WTE,0.00,-£3.12,,,Care of the Elderly,,Integrated Emergency and Medical Pathways,Medical Staff,Bank,0.00,
,Frailty and General Medicine,257731,OPAL SAME DAY ASSESSMENT,Pay,Medical,2023-12,,WTE,0.00,"-£1,659.80",,,Care of the Elderly,,Integrated Emergency and Medical Pathways,Medical Staff,Bank,0.00,
,Frailty and General Medicine,257731,OPAL SAME DAY ASSESSMENT,Pay,Nursing,2023-11,,WTE,-1.09,"-£7,383.16",,,Care of the Elderly,,Integrated Emergency and Medical Pathways,Nursing & Midwifery Staff,Agency,-1.09,
,Frailty and General Medicine,257731,OPAL SAME DAY ASSESSMENT,Pay,Nursing,2023-11,,WTE,-4.29,"-£23,717.25",,,Care of the Elderly,,Integrated Emergency and Medical Pathways,Nursing & Midwifery Staff,Bank,-4.29,
,Frailty and General Medicine,257731,OPAL SAME DAY ASSESSMENT,Pay,Nursing,2023-11,,WTE,-30.16,"-£109,657.13",,,Care of the Elderly,,Integrated Emergency and Medical Pathways,Nursing & Midwifery Staff,Substantive,-30.16,
,Frailty and General Medicine,257731,OPAL SAME DAY ASSESSMENT,Pay,Nursing,2023-12,,WTE,-0.70,"-£3,259.74",,,Care of the Elderly,,Integrated Emergency and Medical Pathways,Nursing & Midwifery Staff,Agency,-0.70,
,Frailty and General Medicine,257731,OPAL SAME DAY ASSESSMENT,Pay,Nursing,2023-12,,WTE,-8.07,"-£36,934.29",,,Care of the Elderly,,Integrated Emergency and Medical Pathways,Nursing & Midwifery Staff,Bank,-8.07,
,Frailty and General Medicine,257731,OPAL SAME DAY ASSESSMENT,Pay,Nursing,2023-12,,WTE,-31.16,"-£115,008.34",,,Care of the Elderly,,Integrated Emergency and Medical Pathways,Nursing & Midwifery Staff,Substantive,-31.16,
,Frailty and General Medicine,257731,OPAL SAME DAY ASSESSMENT,Pay,Nursing,2024-01,,WTE,-0.63,"-£3,210.66",,,Care of the Elderly,,Integrated Emergency and Medical Pathways,Nursing & Midwifery Staff,Agency,-0.63,
,Frailty and General Medicine,257731,OPAL SAME DAY ASSESSMENT,Pay,Nursing,2024-01,,WTE,-6.09,"-£33,637.51",,,Care of the Elderly,,Integrated Emergency and Medical Pathways,Nursing & Midwifery Staff,Bank,-6.09,
,Frailty and General Medicine,257731,OPAL SAME DAY ASSESSMENT,Pay,Nursing,2024-01,,WTE,-32.88,"-£127,228.23",,,Care of the Elderly,,Integrated Emergency and Medical Pathways,Nursing & Midwifery Staff,Substantive,-32.88,
,Frailty and General Medicine,257731,OPAL SAME DAY ASSESSMENT,Pay,Nursing,2024-02,,WTE,-0.28,"-£1,479.84",,,Care of the Elderly,,Integrated Emergency and Medical Pathways,Nursing & Midwifery Staff,Agency,-0.28,
,Frailty and General Medicine,257731,OPAL SAME DAY ASSESSMENT,Pay,Nursing,2024-02,,WTE,-6.40,"-£28,635.24",,,Care of the Elderly,,Integrated Emergency and Medical Pathways,Nursing & Midwifery Staff,Bank,-6.40,
,Frailty and General Medicine,257731,OPAL SAME DAY ASSESSMENT,Pay,Nursing,2024-02,,WTE,-32.89,"-£118,248.90",,,Care of the Elderly,,Integrated Emergency and Medical Pathways,Nursing & Midwifery Staff,Substantive,-32.89,
,Frailty and General Medicine,257731,OPAL SAME DAY ASSESSMENT,Pay,Nursing,2024-03,,WTE,-0.28,"-£1,571.51",,,Care of the Elderly,,Integrated Emergency and Medical Pathways,Nursing & Midwifery Staff,Agency,-0.28,
,Frailty and General Medicine,257731,OPAL SAME DAY ASSESSMENT,Pay,Nursing,2024-03,,WTE,-9.78,"-£44,331.40",,,Care of the Elderly,,Integrated Emergency and Medical Pathways,Nursing & Midwifery Staff,Bank,-9.78,
,Frailty and General Medicine,257731,OPAL SAME DAY ASSESSMENT,Pay,Nursing,2024-03,,WTE,-31.34,"-£159,708.49",,,Care of the Elderly,,Integrated Emergency and Medical Pathways,Nursing & Midwifery Staff,Substantive,-31.34,
,Frailty and General Medicine,257731,OPAL SAME DAY ASSESSMENT,Pay,"Scientific, Therapeutic & Tech",2023-11,,WTE,-0.42,"-£5,337.93",,,Care of the Elderly,,Integrated Emergency and Medical Pathways,"Scientific, Therapeutic & Technical Staff",Bank,-0.42,
,Frailty and General Medicine,257731,OPAL SAME DAY ASSESSMENT,Pay,"Scientific, Therapeutic & Tech",2023-11,,WTE,-2.00,"-£11,206.73",,,Care of the Elderly,,Integrated Emergency and Medical Pathways,"Scientific, Therapeutic & Technical Staff",Substantive,-2.00,
,Frailty and General Medicine,257731,OPAL SAME DAY ASSESSMENT,Pay,"Scientific, Therapeutic & Tech",2023-12,,WTE,-0.23,"-£2,975.54",,,Care of the Elderly,,Integrated Emergency and Medical Pathways,"Scientific, Therapeutic & Technical Staff",Bank,-0.23,
,Frailty and General Medicine,257731,OPAL SAME DAY ASSESSMENT,Pay,"Scientific, Therapeutic & Tech",2023-12,,WTE,-2.00,"-£11,196.02",,,Care of the Elderly,,Integrated Emergency and Medical Pathways,"Scientific, Therapeutic & Technical Staff",Substantive,-2.00,
,Frailty and General Medicine,257731,OPAL SAME DAY ASSESSMENT,Pay,"Scientific, Therapeutic & Tech",2024-01,,WTE,-0.35,"-£3,766.09",,,Care of the Elderly,,Integrated Emergency and Medical Pathways,"Scientific, Therapeutic & Technical Staff",Bank,-0.35,
,Frailty and General Medicine,257731,OPAL SAME DAY ASSESSMENT,Pay,"Scientific, Therapeutic & Tech",2024-01,,WTE,-2.00,"-£11,192.41",,,Care of the Elderly,,Integrated Emergency and Medical Pathways,"Scientific, Therapeutic & Technical Staff",Substantive,-2.00,
,Frailty and General Medicine,257731,OPAL SAME DAY ASSESSMENT,Pay,"Scientific, Therapeutic & Tech",2024-02,,WTE,-0.21,"-£1,478.76",,,Care of the Elderly,,Integrated Emergency and Medical Pathways,"Scientific, Therapeutic & Technical Staff",Bank,-0.21,
,Frailty and General Medicine,257731,OPAL SAME DAY ASSESSMENT,Pay,"Scientific, Therapeutic & Tech",2024-02,,WTE,-2.00,"-£11,191.96",,,Care of the Elderly,,Integrated Emergency and Medical Pathways,"Scientific, Therapeutic & Technical Staff",Substantive,-2.00,
,Frailty and General Medicine,257731,OPAL SAME DAY ASSESSMENT,Pay,"Scientific, Therapeutic & Tech",2024-03,,WTE,-0.50,"-£5,022.67",,,Care of the Elderly,,Integrated Emergency and Medical Pathways,"Scientific, Therapeutic & Technical Staff",Bank,-0.50,
,Frailty and General Medicine,257731,OPAL SAME DAY ASSESSMENT,Pay,"Scientific, Therapeutic & Tech",2024-03,,WTE,-2.00,"-£11,191.96",,,Care of the Elderly,,Integrated Emergency and Medical Pathways,"Scientific, Therapeutic & Technical Staff",Substantive,-2.00,
,Frailty and General Medicine,257732,FRACTURED NECK OF FEMUR WARD,Pay,Admin & Clerical,2023-11,,WTE,-0.07,-£268.94,,,Care of the Elderly,,Integrated Emergency and Medical Pathways,Admin & Clerical Staff,Bank,-0.07,
,Frailty and General Medicine,257732,FRACTURED NECK OF FEMUR WARD,Pay,Admin & Clerical,2023-11,,WTE,-1.07,"-£2,900.15",,,Care of the Elderly,,Integrated Emergency and Medical Pathways,Admin & Clerical Staff,Substantive,-1.07,
,Frailty and General Medicine,257732,FRACTURED NECK OF FEMUR WARD,Pay,Admin & Clerical,2023-12,,WTE,-0.40,"-£1,547.12",,,Care of the Elderly,,Integrated Emergency and Medical Pathways,Admin & Clerical Staff,Bank,-0.40,
,Frailty and General Medicine,257732,FRACTURED NECK OF FEMUR WARD,Pay,Admin & Clerical,2023-12,,WTE,-1.07,"-£2,834.38",,,Care of the Elderly,,Integrated Emergency and Medical Pathways,Admin & Clerical Staff,Substantive,-1.07,
,Frailty and General Medicine,257732,FRACTURED NECK OF FEMUR WARD,Pay,Admin & Clerical,2024-01,,WTE,-0.17,-£506.35,,,Care of the Elderly,,Integrated Emergency and Medical Pathways,Admin & Clerical Staff,Bank,-0.17,
,Frailty and General Medicine,257732,FRACTURED NECK OF FEMUR WARD,Pay,Admin & Clerical,2024-01,,WTE,-1.07,"-£2,896.30",,,Care of the Elderly,,Integrated Emergency and Medical Pathways,Admin & Clerical Staff,Substantive,-1.07,
,Frailty and General Medicine,257732,FRACTURED NECK OF FEMUR WARD,Pay,Admin & Clerical,2024-02,,WTE,-0.24,-£866.66,,,Care of the Elderly,,Integrated Emergency and Medical Pathways,Admin & Clerical Staff,Bank,-0.24,
,Frailty and General Medicine,257732,FRACTURED NECK OF FEMUR WARD,Pay,Admin & Clerical,2024-02,,WTE,-1.07,"-£2,834.38",,,Care of the Elderly,,Integrated Emergency and Medical Pathways,Admin & Clerical Staff,Substantive,-1.07,
,Frailty and General Medicine,257732,FRACTURED NECK OF FEMUR WARD,Pay,Admin & Clerical,2024-03,,WTE,-0.15,-£645.71,,,Care of the Elderly,,Integrated Emergency and Medical Pathways,Admin & Clerical Staff,Bank,-0.15,
,Frailty and General Medicine,257732,FRACTURED NECK OF FEMUR WARD,Pay,Admin & Clerical,2024-03,,WTE,-1.07,"-£2,828.65",,,Care of the Elderly,,Integrated Emergency and Medical Pathways,Admin & Clerical Staff,Substantive,-1.07,
,Frailty and General Medicine,257732,FRACTURED NECK OF FEMUR WARD,Pay,Nursing,2023-11,,WTE,-2.52,"-£17,267.56",,,Care of the Elderly,,Integrated Emergency and Medical Pathways,Nursing & Midwifery Staff,Agency,-2.52,
,Frailty and General Medicine,257732,FRACTURED NECK OF FEMUR WARD,Pay,Nursing,2023-11,,WTE,-5.93,"-£30,146.29",,,Care of the Elderly,,Integrated Emergency and Medical Pathways,Nursing & Midwifery Staff,Bank,-5.93,
,Frailty and General Medicine,257732,FRACTURED NECK OF FEMUR WARD,Pay,Nursing,2023-11,,WTE,-50.45,"-£178,434.75",,,Care of the Elderly,,Integrated Emergency and Medical Pathways,Nursing & Midwifery Staff,Substantive,-50.45,
,Frailty and General Medicine,257732,FRACTURED NECK OF FEMUR WARD,Pay,Nursing,2023-12,,WTE,-3.93,"-£20,814.06",,,Care of the Elderly,,Integrated Emergency and Medical Pathways,Nursing & Midwifery Staff,Agency,-3.93,
,Frailty and General Medicine,257732,FRACTURED NECK OF FEMUR WARD,Pay,Nursing,2023-12,,WTE,-12.02,"-£49,362.82",,,Care of the Elderly,,Integrated Emergency and Medical Pathways,Nursing & Midwifery Staff,Bank,-12.02,
,Frailty and General Medicine,257732,FRACTURED NECK OF FEMUR WARD,Pay,Nursing,2023-12,,WTE,-48.80,"-£172,644.26",,,Care of the Elderly,,Integrated Emergency and Medical Pathways,Nursing & Midwifery Staff,Substantive,-48.80,
,Frailty and General Medicine,257732,FRACTURED NECK OF FEMUR WARD,Pay,Nursing,2024-01,,WTE,-3.44,"-£19,151.58",,,Care of the Elderly,,Integrated Emergency and Medical Pathways,Nursing & Midwifery Staff,Agency,-3.44,
,Frailty and General Medicine,257732,FRACTURED NECK OF FEMUR WARD,Pay,Nursing,2024-01,,WTE,-9.96,"-£41,999.41",,,Care of the Elderly,,Integrated Emergency and Medical Pathways,Nursing & Midwifery Staff,Bank,-9.96,
,Frailty and General Medicine,257732,FRACTURED NECK OF FEMUR WARD,Pay,Nursing,2024-01,,WTE,-50.82,"-£199,516.47",,,Care of the Elderly,,Integrated Emergency and Medical Pathways,Nursing & Midwifery Staff,Substantive,-50.82,
,Frailty and General Medicine,257732,FRACTURED NECK OF FEMUR WARD,Pay,Nursing,2024-02,,WTE,-1.96,"-£10,879.15",,,Care of the Elderly,,Integrated Emergency and Medical Pathways,Nursing & Midwifery Staff,Agency,-1.96,
,Frailty and General Medicine,257732,FRACTURED NECK OF FEMUR WARD,Pay,Nursing,2024-02,,WTE,-7.88,"-£35,478.34",,,Care of the Elderly,,Integrated Emergency and Medical Pathways,Nursing & Midwifery Staff,Bank,-7.88,
,Frailty and General Medicine,257732,FRACTURED NECK OF FEMUR WARD,Pay,Nursing,2024-02,,WTE,-52.17,"-£185,734.09",,,Care of the Elderly,,Integrated Emergency and Medical Pathways,Nursing & Midwifery Staff,Substantive,-52.17,
,Frailty and General Medicine,257732,FRACTURED NECK OF FEMUR WARD,Pay,Nursing,2024-03,,WTE,-1.02,"-£5,513.84",,,Care of the Elderly,,Integrated Emergency and Medical Pathways,Nursing & Midwifery Staff,Agency,-1.02,
,Frailty and General Medicine,257732,FRACTURED NECK OF FEMUR WARD,Pay,Nursing,2024-03,,WTE,-10.08,"-£44,432.60",,,Care of the Elderly,,Integrated Emergency and Medical Pathways,Nursing & Midwifery Staff,Bank,-10.08,
,Frailty and General Medicine,257732,FRACTURED NECK OF FEMUR WARD,Pay,Nursing,2024-03,,WTE,-50.71,"-£241,673.79",,,Care of the Elderly,,Integrated Emergency and Medical Pathways,Nursing & Midwifery Staff,Substantive,-50.71,
,Frailty and General Medicine,257732,FRACTURED NECK OF FEMUR WARD,Pay,"Scientific, Therapeutic & Tech",2023-12,,WTE,-0.10,-£806.00,,,Care of the Elderly,,Integrated Emergency and Medical Pathways,"Scientific, Therapeutic & Technical Staff",Bank,-0.10,
,Frailty and General Medicine,257732,FRACTURED NECK OF FEMUR WARD,Pay,"Scientific, Therapeutic & Tech",2024-01,,WTE,-0.27,"-£2,543.98",,,Care of the Elderly,,Integrated Emergency and Medical Pathways,"Scientific, Therapeutic & Technical Staff",Bank,-0.27,
,Frailty and General Medicine,257733,CARE OF ELDERLY WARD,Pay,Admin & Clerical,2023-11,,WTE,-0.09,-£345.84,,,Care of the Elderly,,Integrated Emergency and Medical Pathways,Admin & Clerical Staff,Bank,-0.09,
,Frailty and General Medicine,257733,CARE OF ELDERLY WARD,Pay,Admin & Clerical,2023-11,,WTE,-1.00,"-£2,413.60",,,Care of the Elderly,,Integrated Emergency and Medical Pathways,Admin & Clerical Staff,Substantive,-1.00,
,Frailty and General Medicine,257733,CARE OF ELDERLY WARD,Pay,Admin & Clerical,2023-12,,WTE,-0.18,-£631.15,,,Care of the Elderly,,Integrated Emergency and Medical Pathways,Admin & Clerical Staff,Bank,-0.18,
,Frailty and General Medicine,257733,CARE OF ELDERLY WARD,Pay,Admin & Clerical,2023-12,,WTE,-1.00,"-£2,413.60",,,Care of the Elderly,,Integrated Emergency and Medical Pathways,Admin & Clerical Staff,Substantive,-1.00,
,Frailty and General Medicine,257733,CARE OF ELDERLY WARD,Pay,Admin & Clerical,2024-01,,WTE,-0.04,-£115.29,,,Care of the Elderly,,Integrated Emergency and Medical Pathways,Admin & Clerical Staff,Bank,-0.04,
,Frailty and General Medicine,257733,CARE OF ELDERLY WARD,Pay,Admin & Clerical,2024-01,,WTE,-1.00,"-£2,511.03",,,Care of the Elderly,,Integrated Emergency and Medical Pathways,Admin & Clerical Staff,Substantive,-1.00,
,Frailty and General Medicine,257733,CARE OF ELDERLY WARD,Pay,Admin & Clerical,2024-02,,WTE,-0.17,-£489.94,,,Care of the Elderly,,Integrated Emergency and Medical Pathways,Admin & Clerical Staff,Bank,-0.17,
,Frailty and General Medicine,257733,CARE OF ELDERLY WARD,Pay,Admin & Clerical,2024-02,,WTE,-1.00,"-£2,529.29",,,Care of the Elderly,,Integrated Emergency and Medical Pathways,Admin & Clerical Staff,Substantive,-1.00,
,Frailty and General Medicine,257733,CARE OF ELDERLY WARD,Pay,Admin & Clerical,2024-03,,WTE,-0.16,-£474.19,,,Care of the Elderly,,Integrated Emergency and Medical Pathways,Admin & Clerical Staff,Bank,-0.16,
,Frailty and General Medicine,257733,CARE OF ELDERLY WARD,Pay,Admin & Clerical,2024-03,,WTE,-1.00,"-£2,413.60",,,Care of the Elderly,,Integrated Emergency and Medical Pathways,Admin & Clerical Staff,Substantive,-1.00,
,Frailty and General Medicine,257733,CARE OF ELDERLY WARD,Pay,Nursing,2023-11,,WTE,-1.10,"-£8,020.22",,,Care of the Elderly,,Integrated Emergency and Medical Pathways,Nursing & Midwifery Staff,Agency,-1.10,
,Frailty and General Medicine,257733,CARE OF ELDERLY WARD,Pay,Nursing,2023-11,,WTE,-8.15,"-£38,660.43",,,Care of the Elderly,,Integrated Emergency and Medical Pathways,Nursing & Midwifery Staff,Bank,-8.15,
,Frailty and General Medicine,257733,CARE OF ELDERLY WARD,Pay,Nursing,2023-11,,WTE,-38.31,"-£139,447.52",,,Care of the Elderly,,Integrated Emergency and Medical Pathways,Nursing & Midwifery Staff,Substantive,-38.31,
,Frailty and General Medicine,257733,CARE OF ELDERLY WARD,Pay,Nursing,2023-12,,WTE,-1.78,"-£8,684.32",,,Care of the Elderly,,Integrated Emergency and Medical Pathways,Nursing & Midwifery Staff,Agency,-1.78,
,Frailty and General Medicine,257733,CARE OF ELDERLY WARD,Pay,Nursing,2023-12,,WTE,-12.30,"-£47,742.20",,,Care of the Elderly,,Integrated Emergency and Medical Pathways,Nursing & Midwifery Staff,Bank,-12.30,
,Frailty and General Medicine,257733,CARE OF ELDERLY WARD,Pay,Nursing,2023-12,,WTE,-37.84,"-£133,644.09",,,Care of the Elderly,,Integrated Emergency and Medical Pathways,Nursing & Midwifery Staff,Substantive,-37.84,
,Frailty and General Medicine,257733,CARE OF ELDERLY WARD,Pay,Nursing,2024-01,,WTE,-1.22,"-£6,141.68",,,Care of the Elderly,,Integrated Emergency and Medical Pathways,Nursing & Midwifery Staff,Agency,-1.22,
,Frailty and General Medicine,257733,CARE OF ELDERLY WARD,Pay,Nursing,2024-01,,WTE,-11.30,"-£49,487.86",,,Care of the Elderly,,Integrated Emergency and Medical Pathways,Nursing & Midwifery Staff,Bank,-11.30,
,Frailty and General Medicine,257733,CARE OF ELDERLY WARD,Pay,Nursing,2024-01,,WTE,-37.00,"-£140,138.49",,,Care of the Elderly,,Integrated Emergency and Medical Pathways,Nursing & Midwifery Staff,Substantive,-37.00,
,Frailty and General Medicine,257733,CARE OF ELDERLY WARD,Pay,Nursing,2024-02,,WTE,-0.84,"-£4,652.45",,,Care of the Elderly,,Integrated Emergency and Medical Pathways,Nursing & Midwifery Staff,Agency,-0.84,
,Frailty and General Medicine,257733,CARE OF ELDERLY WARD,Pay,Nursing,2024-02,,WTE,-8.39,"-£35,900.54",,,Care of the Elderly,,Integrated Emergency and Medical Pathways,Nursing & Midwifery Staff,Bank,-8.39,
,Frailty and General Medicine,257733,CARE OF ELDERLY WARD,Pay,Nursing,2024-02,,WTE,-39.77,"-£139,509.97",,,Care of the Elderly,,Integrated Emergency and Medical Pathways,Nursing & Midwifery Staff,Substantive,-39.77,
,Frailty and General Medicine,257733,CARE OF ELDERLY WARD,Pay,Nursing,2024-03,,WTE,-0.85,"-£4,228.76",,,Care of the Elderly,,Integrated Emergency and Medical Pathways,Nursing & Midwifery Staff,Agency,-0.85,
,Frailty and General Medicine,257733,CARE OF ELDERLY WARD,Pay,Nursing,2024-03,,WTE,-10.01,"-£43,193.43",,,Care of the Elderly,,Integrated Emergency and Medical Pathways,Nursing & Midwifery Staff,Bank,-10.01,
,Frailty and General Medicine,257733,CARE OF ELDERLY WARD,Pay,Nursing,2024-03,,WTE,-36.98,"-£203,103.02",,,Care of the Elderly,,Integrated Emergency and Medical Pathways,Nursing & Midwifery Staff,Substantive,-36.98,
,Frailty and General Medicine,257734,COE ADMISSIONS UNIT,Pay,Admin & Clerical,2023-11,,WTE,-0.30,"-£1,767.34",,,Care of the Elderly,,Integrated Emergency and Medical Pathways,Admin & Clerical Staff,Bank,-0.30,
,Frailty and General Medicine,257734,COE ADMISSIONS UNIT,Pay,Admin & Clerical,2023-11,,WTE,-0.37,-£950.91,,,Care of the Elderly,,Integrated Emergency and Medical Pathways,Admin & Clerical Staff,Substantive,-0.37,
,Frailty and General Medicine,257734,COE ADMISSIONS UNIT,Pay,Admin & Clerical,2023-12,,WTE,-0.55,"-£3,050.21",,,Care of the Elderly,,Integrated Emergency and Medical Pathways,Admin & Clerical Staff,Bank,-0.55,
,Frailty and General Medicine,257734,COE ADMISSIONS UNIT,Pay,Admin & Clerical,2023-12,,WTE,-1.00,"-£2,420.11",,,Care of the Elderly,,Integrated Emergency and Medical Pathways,Admin & Clerical Staff,Substantive,-1.00,
,Frailty and General Medicine,257734,COE ADMISSIONS UNIT,Pay,Admin & Clerical,2024-01,,WTE,-0.62,"-£2,659.52",,,Care of the Elderly,,Integrated Emergency and Medical Pathways,Admin & Clerical Staff,Bank,-0.62,
,Frailty and General Medicine,257734,COE ADMISSIONS UNIT,Pay,Admin & Clerical,2024-01,,WTE,-1.00,"-£2,596.27",,,Care of the Elderly,,Integrated Emergency and Medical Pathways,Admin & Clerical Staff,Substantive,-1.00,
,Frailty and General Medicine,257734,COE ADMISSIONS UNIT,Pay,Admin & Clerical,2024-02,,WTE,-0.25,-£765.61,,,Care of the Elderly,,Integrated Emergency and Medical Pathways,Admin & Clerical Staff,Bank,-0.25,
,Frailty and General Medicine,257734,COE ADMISSIONS UNIT,Pay,Admin & Clerical,2024-02,,WTE,-1.00,"-£2,547.56",,,Care of the Elderly,,Integrated Emergency and Medical Pathways,Admin & Clerical Staff,Substantive,-1.00,
,Frailty and General Medicine,257734,COE ADMISSIONS UNIT,Pay,Admin & Clerical,2024-03,,WTE,-0.22,-£745.95,,,Care of the Elderly,,Integrated Emergency and Medical Pathways,Admin & Clerical Staff,Bank,-0.22,
,Frailty and General Medicine,257734,COE ADMISSIONS UNIT,Pay,Admin & Clerical,2024-03,,WTE,-1.00,"-£2,449.07",,,Care of the Elderly,,Integrated Emergency and Medical Pathways,Admin & Clerical Staff,Substantive,-1.00,
,Frailty and General Medicine,257734,COE ADMISSIONS UNIT,Pay,Nursing,2023-11,,WTE,-1.02,"-£9,101.08",,,Care of the Elderly,,Integrated Emergency and Medical Pathways,Nursing & Midwifery Staff,Agency,-1.02,
,Frailty and General Medicine,257734,COE ADMISSIONS UNIT,Pay,Nursing,2023-11,,WTE,-9.12,"-£44,692.13",,,Care of the Elderly,,Integrated Emergency and Medical Pathways,Nursing & Midwifery Staff,Bank,-9.12,
,Frailty and General Medicine,257734,COE ADMISSIONS UNIT,Pay,Nursing,2023-11,,WTE,-38.24,"-£143,504.87",,,Care of the Elderly,,Integrated Emergency and Medical Pathways,Nursing & Midwifery Staff,Substantive,-38.24,
,Frailty and General Medicine,257734,COE ADMISSIONS UNIT,Pay,Nursing,2023-12,,WTE,-0.98,"-£4,952.70",,,Care of the Elderly,,Integrated Emergency and Medical Pathways,Nursing & Midwifery Staff,Agency,-0.98,
,Frailty and General Medicine,257734,COE ADMISSIONS UNIT,Pay,Nursing,2023-12,,WTE,-12.44,"-£50,896.90",,,Care of the Elderly,,Integrated Emergency and Medical Pathways,Nursing & Midwifery Staff,Bank,-12.44,
,Frailty and General Medicine,257734,COE ADMISSIONS UNIT,Pay,Nursing,2023-12,,WTE,-38.29,"-£137,915.50",,,Care of the Elderly,,Integrated Emergency and Medical Pathways,Nursing & Midwifery Staff,Substantive,-38.29,
,Frailty and General Medicine,257734,COE ADMISSIONS UNIT,Pay,Nursing,2024-01,,WTE,-0.71,"-£3,897.51",,,Care of the Elderly,,Integrated Emergency and Medical Pathways,Nursing & Midwifery Staff,Agency,-0.71,
,Frailty and General Medicine,257734,COE ADMISSIONS UNIT,Pay,Nursing,2024-01,,WTE,-11.81,"-£46,437.25",,,Care of the Elderly,,Integrated Emergency and Medical Pathways,Nursing & Midwifery Staff,Bank,-11.81,
,Frailty and General Medicine,257734,COE ADMISSIONS UNIT,Pay,Nursing,2024-01,,WTE,-37.62,"-£147,118.61",,,Care of the Elderly,,Integrated Emergency and Medical Pathways,Nursing & Midwifery Staff,Substantive,-37.62,
,Frailty and General Medicine,257734,COE ADMISSIONS UNIT,Pay,Nursing,2024-02,,WTE,-0.28,"-£2,201.89",,,Care of the Elderly,,Integrated Emergency and Medical Pathways,Nursing & Midwifery Staff,Agency,-0.28,
,Frailty and General Medicine,257734,COE ADMISSIONS UNIT,Pay,Nursing,2024-02,,WTE,-9.93,"-£41,682.87",,,Care of the Elderly,,Integrated Emergency and Medical Pathways,Nursing & Midwifery Staff,Bank,-9.93,
,Frailty and General Medicine,257734,COE ADMISSIONS UNIT,Pay,Nursing,2024-02,,WTE,-35.50,"-£129,071.23",,,Care of the Elderly,,Integrated Emergency and Medical Pathways,Nursing & Midwifery Staff,Substantive,-35.50,
,Frailty and General Medicine,257734,COE ADMISSIONS UNIT,Pay,Nursing,2024-03,,WTE,-0.28,"-£1,188.50",,,Care of the Elderly,,Integrated Emergency and Medical Pathways,Nursing & Midwifery Staff,Agency,-0.28,
,Frailty and General Medicine,257734,COE ADMISSIONS UNIT,Pay,Nursing,2024-03,,WTE,-10.78,"-£44,704.19",,,Care of the Elderly,,Integrated Emergency and Medical Pathways,Nursing & Midwifery Staff,Bank,-10.78,
,Frailty and General Medicine,257734,COE ADMISSIONS UNIT,Pay,Nursing,2024-03,,WTE,-36.67,"-£195,407.22",,,Care of the Elderly,,Integrated Emergency and Medical Pathways,Nursing & Midwifery Staff,Substantive,-36.67,
,Frailty and General Medicine,257735,COE SHORT STAY,Pay,Admin & Clerical,2023-11,,WTE,-0.12,-£776.53,,,Care of the Elderly,,Integrated Emergency and Medical Pathways,Admin & Clerical Staff,Bank,-0.12,
,Frailty and General Medicine,257735,COE SHORT STAY,Pay,Admin & Clerical,2023-11,,WTE,-1.00,"-£2,413.60",,,Care of the Elderly,,Integrated Emergency and Medical Pathways,Admin & Clerical Staff,Substantive,-1.00,
,Frailty and General Medicine,257735,COE SHORT STAY,Pay,Admin & Clerical,2023-12,,WTE,-0.15,-£862.20,,,Care of the Elderly,,Integrated Emergency and Medical Pathways,Admin & Clerical Staff,Bank,-0.15,
,Frailty and General Medicine,257735,COE SHORT STAY,Pay,Admin & Clerical,2023-12,,WTE,-0.82,"-£1,949.96",,,Care of the Elderly,,Integrated Emergency and Medical Pathways,Admin & Clerical Staff,Substantive,-0.82,
,Frailty and General Medicine,257735,COE SHORT STAY,Pay,Admin & Clerical,2024-01,,WTE,-0.15,-£662.40,,,Care of the Elderly,,Integrated Emergency and Medical Pathways,Admin & Clerical Staff,Bank,-0.15,
,Frailty and General Medicine,257735,COE SHORT STAY,Pay,Admin & Clerical,2024-01,,WTE,-1.00,"-£2,413.60",,,Care of the Elderly,,Integrated Emergency and Medical Pathways,Admin & Clerical Staff,Substantive,-1.00,
,Frailty and General Medicine,257735,COE SHORT STAY,Pay,Admin & Clerical,2024-02,,WTE,-0.34,"-£1,740.35",,,Care of the Elderly,,Integrated Emergency and Medical Pathways,Admin & Clerical Staff,Bank,-0.34,
,Frailty and General Medicine,257735,COE SHORT STAY,Pay,Admin & Clerical,2024-02,,WTE,-1.00,"-£2,504.95",,,Care of the Elderly,,Integrated Emergency and Medical Pathways,Admin & Clerical Staff,Substantive,-1.00,
,Frailty and General Medicine,257735,COE SHORT STAY,Pay,Admin & Clerical,2024-03,,WTE,-0.53,"-£2,430.01",,,Care of the Elderly,,Integrated Emergency and Medical Pathways,Admin & Clerical Staff,Bank,-0.53,
,Frailty and General Medicine,257735,COE SHORT STAY,Pay,Admin & Clerical,2024-03,,WTE,-1.00,"-£2,413.60",,,Care of the Elderly,,Integrated Emergency and Medical Pathways,Admin & Clerical Staff,Substantive,-1.00,
,Frailty and General Medicine,257735,COE SHORT STAY,Pay,Nursing,2023-11,,WTE,-0.85,"-£6,722.64",,,Care of the Elderly,,Integrated Emergency and Medical Pathways,Nursing & Midwifery Staff,Agency,-0.85,
,Frailty and General Medicine,257735,COE SHORT STAY,Pay,Nursing,2023-11,,WTE,-9.00,"-£43,355.69",,,Care of the Elderly,,Integrated Emergency and Medical Pathways,Nursing & Midwifery Staff,Bank,-9.00,
,Frailty and General Medicine,257735,COE SHORT STAY,Pay,Nursing,2023-11,,WTE,-33.44,"-£132,317.33",,,Care of the Elderly,,Integrated Emergency and Medical Pathways,Nursing & Midwifery Staff,Substantive,-33.44,
,Frailty and General Medicine,257735,COE SHORT STAY,Pay,Nursing,2023-12,,WTE,-0.93,"-£5,076.80",,,Care of the Elderly,,Integrated Emergency and Medical Pathways,Nursing & Midwifery Staff,Agency,-0.93,
,Frailty and General Medicine,257735,COE SHORT STAY,Pay,Nursing,2023-12,,WTE,-14.06,"-£53,720.01",,,Care of the Elderly,,Integrated Emergency and Medical Pathways,Nursing & Midwifery Staff,Bank,-14.06,
,Frailty and General Medicine,257735,COE SHORT STAY,Pay,Nursing,2023-12,,WTE,-36.28,"-£127,648.24",,,Care of the Elderly,,Integrated Emergency and Medical Pathways,Nursing & Midwifery Staff,Substantive,-36.28,
,Frailty and General Medicine,257735,COE SHORT STAY,Pay,Nursing,2024-01,,WTE,-1.68,"-£9,774.66",,,Care of the Elderly,,Integrated Emergency and Medical Pathways,Nursing & Midwifery Staff,Agency,-1.68,
,Frailty and General Medicine,257735,COE SHORT STAY,Pay,Nursing,2024-01,,WTE,-11.93,"-£49,024.11",,,Care of the Elderly,,Integrated Emergency and Medical Pathways,Nursing & Midwifery Staff,Bank,-11.93,
,Frailty and General Medicine,257735,COE SHORT STAY,Pay,Nursing,2024-01,,WTE,-34.66,"-£157,733.19",,,Care of the Elderly,,Integrated Emergency and Medical Pathways,Nursing & Midwifery Staff,Substantive,-34.66,
,Frailty and General Medicine,257735,COE SHORT STAY,Pay,Nursing,2024-02,,WTE,-2.53,"-£12,858.22",,,Care of the Elderly,,Integrated Emergency and Medical Pathways,Nursing & Midwifery Staff,Agency,-2.53,
,Frailty and General Medicine,257735,COE SHORT STAY,Pay,Nursing,2024-02,,WTE,-10.98,"-£47,571.46",,,Care of the Elderly,,Integrated Emergency and Medical Pathways,Nursing & Midwifery Staff,Bank,-10.98,
,Frailty and General Medicine,257735,COE SHORT STAY,Pay,Nursing,2024-02,,WTE,-38.75,"-£137,740.05",,,Care of the Elderly,,Integrated Emergency and Medical Pathways,Nursing & Midwifery Staff,Substantive,-38.75,
,Frailty and General Medicine,257735,COE SHORT STAY,Pay,Nursing,2024-03,,WTE,-1.58,"-£8,821.88",,,Care of the Elderly,,Integrated Emergency and Medical Pathways,Nursing & Midwifery Staff,Agency,-1.58,
,Frailty and General Medicine,257735,COE SHORT STAY,Pay,Nursing,2024-03,,WTE,-12.62,"-£57,150.65",,,Care of the Elderly,,Integrated Emergency and Medical Pathways,Nursing & Midwifery Staff,Bank,-12.62,
,Frailty and General Medicine,257735,COE SHORT STAY,Pay,Nursing,2024-03,,WTE,-39.69,"-£196,412.47",,,Care of the Elderly,,Integrated Emergency and Medical Pathways,Nursing & Midwifery Staff,Substantive,-39.69,
,Medical specialties,257740,DIABETES NURSING,Pay,Admin & Clerical,2023-11,,WTE,-1.00,"-£2,715.81",,,Diabetes & Endocrinology,,Integrated Emergency and Medical Pathways,Admin & Clerical Staff,Substantive,-1.00,
,Medical specialties,257740,DIABETES NURSING,Pay,Admin & Clerical,2023-12,,WTE,-1.00,"-£2,715.81",,,Diabetes & Endocrinology,,Integrated Emergency and Medical Pathways,Admin & Clerical Staff,Substantive,-1.00,
,Medical specialties,257740,DIABETES NURSING,Pay,Admin & Clerical,2024-01,,WTE,-1.00,"-£2,715.81",,,Diabetes & Endocrinology,,Integrated Emergency and Medical Pathways,Admin & Clerical Staff,Substantive,-1.00,
,Medical specialties,257740,DIABETES NURSING,Pay,Admin & Clerical,2024-02,,WTE,-1.00,"-£2,715.81",,,Diabetes & Endocrinology,,Integrated Emergency and Medical Pathways,Admin & Clerical Staff,Substantive,-1.00,
,Medical specialties,257740,DIABETES NURSING,Pay,Admin & Clerical,2024-03,,WTE,-1.00,"-£2,715.81",,,Diabetes & Endocrinology,,Integrated Emergency and Medical Pathways,Admin & Clerical Staff,Substantive,-1.00,
,Medical specialties,257740,DIABETES NURSING,Pay,Nursing,2023-11,,WTE,-4.20,"-£21,428.56",,,Diabetes & Endocrinology,,Integrated Emergency and Medical Pathways,Nursing & Midwifery Staff,Substantive,-4.20,
,Medical specialties,257740,DIABETES NURSING,Pay,Nursing,2023-12,,WTE,-4.20,"-£21,428.56",,,Diabetes & Endocrinology,,Integrated Emergency and Medical Pathways,Nursing & Midwifery Staff,Substantive,-4.20,
,Medical specialties,257740,DIABETES NURSING,Pay,Nursing,2024-01,,WTE,-4.20,"-£21,428.55",,,Diabetes & Endocrinology,,Integrated Emergency and Medical Pathways,Nursing & Midwifery Staff,Substantive,-4.20,
,Medical specialties,257740,DIABETES NURSING,Pay,Nursing,2024-02,,WTE,-4.20,"-£21,428.56",,,Diabetes & Endocrinology,,Integrated Emergency and Medical Pathways,Nursing & Midwifery Staff,Substantive,-4.20,
,Medical specialties,257740,DIABETES NURSING,Pay,Nursing,2024-03,,WTE,-4.20,"-£21,428.55",,,Diabetes & Endocrinology,,Integrated Emergency and Medical Pathways,Nursing & Midwifery Staff,Substantive,-4.20,
,Medical specialties,257741,DIABETES SPECIALIST CARE WARD,Pay,Admin & Clerical,2023-11,,WTE,-1.00,"-£2,413.60",,,Diabetes & Endocrinology,,Integrated Emergency and Medical Pathways,Admin & Clerical Staff,Substantive,-1.00,
,Medical specialties,257741,DIABETES SPECIALIST CARE WARD,Pay,Admin & Clerical,2023-12,,WTE,-1.00,"-£2,413.60",,,Diabetes & Endocrinology,,Integrated Emergency and Medical Pathways,Admin & Clerical Staff,Substantive,-1.00,
,Medical specialties,257741,DIABETES SPECIALIST CARE WARD,Pay,Admin & Clerical,2024-01,,WTE,-1.00,"-£2,413.60",,,Diabetes & Endocrinology,,Integrated Emergency and Medical Pathways,Admin & Clerical Staff,Substantive,-1.00,
,Medical specialties,257741,DIABETES SPECIALIST CARE WARD,Pay,Admin & Clerical,2024-02,,WTE,-1.00,"-£2,413.60",,,Diabetes & Endocrinology,,Integrated Emergency and Medical Pathways,Admin & Clerical Staff,Substantive,-1.00,
,Medical specialties,257741,DIABETES SPECIALIST CARE WARD,Pay,Admin & Clerical,2024-03,,WTE,-1.00,"-£2,413.60",,,Diabetes & Endocrinology,,Integrated Emergency and Medical Pathways,Admin & Clerical Staff,Substantive,-1.00,
,Medical specialties,257741,DIABETES SPECIALIST CARE WARD,Pay,Nursing,2023-11,,WTE,-0.96,"-£5,755.94",,,Diabetes & Endocrinology,,Integrated Emergency and Medical Pathways,Nursing & Midwifery Staff,Agency,-0.96,
,Medical specialties,257741,DIABETES SPECIALIST CARE WARD,Pay,Nursing,2023-11,,WTE,-9.46,"-£48,760.13",,,Diabetes & Endocrinology,,Integrated Emergency and Medical Pathways,Nursing & Midwifery Staff,Bank,-9.46,
,Medical specialties,257741,DIABETES SPECIALIST CARE WARD,Pay,Nursing,2023-11,,WTE,-32.30,"-£116,266.00",,,Diabetes & Endocrinology,,Integrated Emergency and Medical Pathways,Nursing & Midwifery Staff,Substantive,-32.30,
,Medical specialties,257741,DIABETES SPECIALIST CARE WARD,Pay,Nursing,2023-12,,WTE,-1.37,"-£7,575.83",,,Diabetes & Endocrinology,,Integrated Emergency and Medical Pathways,Nursing & Midwifery Staff,Agency,-1.37,
,Medical specialties,257741,DIABETES SPECIALIST CARE WARD,Pay,Nursing,2023-12,,WTE,-13.93,"-£55,050.99",,,Diabetes & Endocrinology,,Integrated Emergency and Medical Pathways,Nursing & Midwifery Staff,Bank,-13.93,
,Medical specialties,257741,DIABETES SPECIALIST CARE WARD,Pay,Nursing,2023-12,,WTE,-32.27,"-£120,163.11",,,Diabetes & Endocrinology,,Integrated Emergency and Medical Pathways,Nursing & Midwifery Staff,Substantive,-32.27,
,Medical specialties,257741,DIABETES SPECIALIST CARE WARD,Pay,Nursing,2024-01,,WTE,-0.63,"-£3,713.78",,,Diabetes & Endocrinology,,Integrated Emergency and Medical Pathways,Nursing & Midwifery Staff,Agency,-0.63,
,Medical specialties,257741,DIABETES SPECIALIST CARE WARD,Pay,Nursing,2024-01,,WTE,-11.59,"-£50,380.99",,,Diabetes & Endocrinology,,Integrated Emergency and Medical Pathways,Nursing & Midwifery Staff,Bank,-11.59,
,Medical specialties,257741,DIABETES SPECIALIST CARE WARD,Pay,Nursing,2024-01,,WTE,-32.26,"-£141,471.25",,,Diabetes & Endocrinology,,Integrated Emergency and Medical Pathways,Nursing & Midwifery Staff,Substantive,-32.26,
,Medical specialties,257741,DIABETES SPECIALIST CARE WARD,Pay,Nursing,2024-02,,WTE,-2.91,"-£13,912.25",,,Diabetes & Endocrinology,,Integrated Emergency and Medical Pathways,Nursing & Midwifery Staff,Agency,-2.91,
,Medical specialties,257741,DIABETES SPECIALIST CARE WARD,Pay,Nursing,2024-02,,WTE,-14.16,"-£60,565.00",,,Diabetes & Endocrinology,,Integrated Emergency and Medical Pathways,Nursing & Midwifery Staff,Bank,-14.16,
,Medical specialties,257741,DIABETES SPECIALIST CARE WARD,Pay,Nursing,2024-02,,WTE,-34.86,"-£127,323.41",,,Diabetes & Endocrinology,,Integrated Emergency and Medical Pathways,Nursing & Midwifery Staff,Substantive,-34.86,
,Medical specialties,257741,DIABETES SPECIALIST CARE WARD,Pay,Nursing,2024-03,,WTE,-0.78,"-£4,989.13",,,Diabetes & Endocrinology,,Integrated Emergency and Medical Pathways,Nursing & Midwifery Staff,Agency,-0.78,
,Medical specialties,257741,DIABETES SPECIALIST CARE WARD,Pay,Nursing,2024-03,,WTE,-12.91,"-£56,321.10",,,Diabetes & Endocrinology,,Integrated Emergency and Medical Pathways,Nursing & Midwifery Staff,Bank,-12.91,
,Medical specialties,257741,DIABETES SPECIALIST CARE WARD,Pay,Nursing,2024-03,,WTE,-35.11,"-£189,260.48",,,Diabetes & Endocrinology,,Integrated Emergency and Medical Pathways,Nursing & Midwifery Staff,Substantive,-35.11,
,MSK and ENT,257745,RHEUMATOLOGY NURSING,Pay,Nursing,2023-11,,WTE,0.00,£0.01,,,Rheumatology,,Planned Pathways,Nursing & Midwifery Staff,Bank,0.00,
,MSK and ENT,257745,RHEUMATOLOGY NURSING,Pay,Nursing,2023-11,,WTE,-2.80,"-£11,729.34",,,Rheumatology,,Planned Pathways,Nursing & Midwifery Staff,Substantive,-2.80,
,MSK and ENT,257745,RHEUMATOLOGY NURSING,Pay,Nursing,2023-12,,WTE,-0.05,-£182.80,,,Rheumatology,,Planned Pathways,Nursing & Midwifery Staff,Bank,-0.05,
,MSK and ENT,257745,RHEUMATOLOGY NURSING,Pay,Nursing,2023-12,,WTE,-2.80,"-£11,727.52",,,Rheumatology,,Planned Pathways,Nursing & Midwifery Staff,Substantive,-2.80,
,MSK and ENT,257745,RHEUMATOLOGY NURSING,Pay,Nursing,2024-01,,WTE,0.00,£0.01,,,Rheumatology,,Planned Pathways,Nursing & Midwifery Staff,Bank,0.00,
,MSK and ENT,257745,RHEUMATOLOGY NURSING,Pay,Nursing,2024-01,,WTE,-1.41,"-£6,326.06",,,Rheumatology,,Planned Pathways,Nursing & Midwifery Staff,Substantive,-1.41,
,MSK and ENT,257745,RHEUMATOLOGY NURSING,Pay,Nursing,2024-02,,WTE,-0.17,-£843.96,,,Rheumatology,,Planned Pathways,Nursing & Midwifery Staff,Bank,-0.17,
,MSK and ENT,257745,RHEUMATOLOGY NURSING,Pay,Nursing,2024-02,,WTE,-1.80,"-£7,862.70",,,Rheumatology,,Planned Pathways,Nursing & Midwifery Staff,Substantive,-1.80,
,MSK and ENT,257745,RHEUMATOLOGY NURSING,Pay,Nursing,2024-03,,WTE,-0.17,"-£1,238.00",,,Rheumatology,,Planned Pathways,Nursing & Midwifery Staff,Bank,-0.17,
,MSK and ENT,257745,RHEUMATOLOGY NURSING,Pay,Nursing,2024-03,,WTE,-1.80,"-£7,862.63",,,Rheumatology,,Planned Pathways,Nursing & Midwifery Staff,Substantive,-1.80,
,Medical specialties,257750,CARDIOLOGY ADDN SESSIONS,Pay,Medical,2023-11,,WTE,-0.92,"-£15,211.45",,,Cardiology,,Integrated Emergency and Medical Pathways,Medical Staff,Substantive,-0.92,
,Medical specialties,257750,CARDIOLOGY ADDN SESSIONS,Pay,Medical,2023-12,,WTE,-0.66,"-£10,000.70",,,Cardiology,,Integrated Emergency and Medical Pathways,Medical Staff,Substantive,-0.66,
,Medical specialties,257750,CARDIOLOGY ADDN SESSIONS,Pay,Medical,2024-01,,WTE,-0.98,"-£15,720.02",,,Cardiology,,Integrated Emergency and Medical Pathways,Medical Staff,Substantive,-0.98,
,Medical specialties,257750,CARDIOLOGY ADDN SESSIONS,Pay,Medical,2024-02,,WTE,-0.15,"-£17,189.08",,,Cardiology,,Integrated Emergency and Medical Pathways,Medical Staff,Substantive,-0.15,
,Medical specialties,257750,CARDIOLOGY ADDN SESSIONS,Pay,Medical,2024-03,,WTE,-0.79,"-£17,497.09",,,Cardiology,,Integrated Emergency and Medical Pathways,Medical Staff,Substantive,-0.79,
,Medical specialties,257751,CARDIOLOGY SPECIALIST NURSES,Pay,Admin & Clerical,2023-11,,WTE,-1.00,"-£2,459.84",,,Cardiology,,Integrated Emergency and Medical Pathways,Admin & Clerical Staff,Substantive,-1.00,
,Medical specialties,257751,CARDIOLOGY SPECIALIST NURSES,Pay,Admin & Clerical,2023-12,,WTE,-1.00,"-£2,459.84",,,Cardiology,,Integrated Emergency and Medical Pathways,Admin & Clerical Staff,Substantive,-1.00,
,Medical specialties,257751,CARDIOLOGY SPECIALIST NURSES,Pay,Admin & Clerical,2024-01,,WTE,-1.00,"-£2,459.84",,,Cardiology,,Integrated Emergency and Medical Pathways,Admin & Clerical Staff,Substantive,-1.00,
,Medical specialties,257751,CARDIOLOGY SPECIALIST NURSES,Pay,Admin & Clerical,2024-02,,WTE,-1.00,"-£2,459.84",,,Cardiology,,Integrated Emergency and Medical Pathways,Admin & Clerical Staff,Substantive,-1.00,
,Medical specialties,257751,CARDIOLOGY SPECIALIST NURSES,Pay,Admin & Clerical,2024-03,,WTE,-1.00,"-£2,459.84",,,Cardiology,,Integrated Emergency and Medical Pathways,Admin & Clerical Staff,Substantive,-1.00,
,Medical specialties,257751,CARDIOLOGY SPECIALIST NURSES,Pay,Nursing,2023-11,,WTE,-3.80,"-£21,110.19",,,Cardiology,,Integrated Emergency and Medical Pathways,Nursing & Midwifery Staff,Substantive,-3.80,
,Medical specialties,257751,CARDIOLOGY SPECIALIST NURSES,Pay,Nursing,2023-12,,WTE,-3.80,"-£21,039.06",,,Cardiology,,Integrated Emergency and Medical Pathways,Nursing & Midwifery Staff,Substantive,-3.80,
,Medical specialties,257751,CARDIOLOGY SPECIALIST NURSES,Pay,Nursing,2024-01,,WTE,-3.80,"-£21,051.18",,,Cardiology,,Integrated Emergency and Medical Pathways,Nursing & Midwifery Staff,Substantive,-3.80,
,Medical specialties,257751,CARDIOLOGY SPECIALIST NURSES,Pay,Nursing,2024-02,,WTE,-3.80,"-£25,456.90",,,Cardiology,,Integrated Emergency and Medical Pathways,Nursing & Midwifery Staff,Substantive,-3.80,
,Medical specialties,257751,CARDIOLOGY SPECIALIST NURSES,Pay,Nursing,2024-03,,WTE,-3.80,"-£21,651.98",,,Cardiology,,Integrated Emergency and Medical Pathways,Nursing & Midwifery Staff,Substantive,-3.80,
,Medical specialties,257752,CARDIAC CATH LAB,Pay,Admin & Clerical,2023-11,,WTE,-0.17,-£579.96,,,Cardiology,,Integrated Emergency and Medical Pathways,Admin & Clerical Staff,Bank,-0.17,
,Medical specialties,257752,CARDIAC CATH LAB,Pay,Admin & Clerical,2023-11,,WTE,-1.26,"-£3,304.87",,,Cardiology,,Integrated Emergency and Medical Pathways,Admin & Clerical Staff,Substantive,-1.26,
,Medical specialties,257752,CARDIAC CATH LAB,Pay,Admin & Clerical,2023-12,,WTE,-0.16,-£536.72,,,Cardiology,,Integrated Emergency and Medical Pathways,Admin & Clerical Staff,Bank,-0.16,
,Medical specialties,257752,CARDIAC CATH LAB,Pay,Admin & Clerical,2023-12,,WTE,-1.26,"-£3,304.87",,,Cardiology,,Integrated Emergency and Medical Pathways,Admin & Clerical Staff,Substantive,-1.26,
,Medical specialties,257752,CARDIAC CATH LAB,Pay,Admin & Clerical,2024-01,,WTE,-0.17,-£622.94,,,Cardiology,,Integrated Emergency and Medical Pathways,Admin & Clerical Staff,Bank,-0.17,
,Medical specialties,257752,CARDIAC CATH LAB,Pay,Admin & Clerical,2024-01,,WTE,-1.26,"-£3,304.87",,,Cardiology,,Integrated Emergency and Medical Pathways,Admin & Clerical Staff,Substantive,-1.26,
,Medical specialties,257752,CARDIAC CATH LAB,Pay,Admin & Clerical,2024-02,,WTE,-0.07,-£343.68,,,Cardiology,,Integrated Emergency and Medical Pathways,Admin & Clerical Staff,Bank,-0.07,
,Medical specialties,257752,CARDIAC CATH LAB,Pay,Admin & Clerical,2024-02,,WTE,0.16,"-£3,190.43",,,Cardiology,,Integrated Emergency and Medical Pathways,Admin & Clerical Staff,Substantive,0.16,
,Medical specialties,257752,CARDIAC CATH LAB,Pay,Admin & Clerical,2024-03,,WTE,-1.26,£543.94,,,Cardiology,,Integrated Emergency and Medical Pathways,Admin & Clerical Staff,Substantive,-1.26,
,Medical specialties,257752,CARDIAC CATH LAB,Pay,Nursing,2023-11,,WTE,-0.49,"-£2,369.12",,,Cardiology,,Integrated Emergency and Medical Pathways,Nursing & Midwifery Staff,Bank,-0.49,
,Medical specialties,257752,CARDIAC CATH LAB,Pay,Nursing,2023-11,,WTE,-6.33,"-£26,263.97",,,Cardiology,,Integrated Emergency and Medical Pathways,Nursing & Midwifery Staff,Substantive,-6.33,
,Medical specialties,257752,CARDIAC CATH LAB,Pay,Nursing,2023-12,,WTE,-0.21,-£551.24,,,Cardiology,,Integrated Emergency and Medical Pathways,Nursing & Midwifery Staff,Bank,-0.21,
,Medical specialties,257752,CARDIAC CATH LAB,Pay,Nursing,2023-12,,WTE,-6.33,"-£26,270.01",,,Cardiology,,Integrated Emergency and Medical Pathways,Nursing & Midwifery Staff,Substantive,-6.33,
,Medical specialties,257752,CARDIAC CATH LAB,Pay,Nursing,2024-01,,WTE,-0.59,"-£2,314.14",,,Cardiology,,Integrated Emergency and Medical Pathways,Nursing & Midwifery Staff,Bank,-0.59,
,Medical specialties,257752,CARDIAC CATH LAB,Pay,Nursing,2024-01,,WTE,-6.33,"-£26,263.97",,,Cardiology,,Integrated Emergency and Medical Pathways,Nursing & Midwifery Staff,Substantive,-6.33,
,Medical specialties,257752,CARDIAC CATH LAB,Pay,Nursing,2024-02,,WTE,-0.97,"-£3,701.28",,,Cardiology,,Integrated Emergency and Medical Pathways,Nursing & Midwifery Staff,Bank,-0.97,
,Medical specialties,257752,CARDIAC CATH LAB,Pay,Nursing,2024-02,,WTE,-6.33,"-£26,263.97",,,Cardiology,,Integrated Emergency and Medical Pathways,Nursing & Midwifery Staff,Substantive,-6.33,
,Medical specialties,257752,CARDIAC CATH LAB,Pay,Nursing,2024-03,,WTE,-0.45,"-£1,713.99",,,Cardiology,,Integrated Emergency and Medical Pathways,Nursing & Midwifery Staff,Bank,-0.45,
,Medical specialties,257752,CARDIAC CATH LAB,Pay,Nursing,2024-03,,WTE,-6.33,"-£28,376.70",,,Cardiology,,Integrated Emergency and Medical Pathways,Nursing & Midwifery Staff,Substantive,-6.33,
,Medical specialties,257752,CARDIAC CATH LAB,Pay,"Scientific, Therapeutic & Tech",2023-11,,WTE,-0.14,-£897.44,,,Cardiology,,Integrated Emergency and Medical Pathways,"Scientific, Therapeutic & Technical Staff",Bank,-0.14,
,Medical specialties,257752,CARDIAC CATH LAB,Pay,"Scientific, Therapeutic & Tech",2023-12,,WTE,-0.12,-£564.14,,,Cardiology,,Integrated Emergency and Medical Pathways,"Scientific, Therapeutic & Technical Staff",Bank,-0.12,
,Medical specialties,257752,CARDIAC CATH LAB,Pay,"Scientific, Therapeutic & Tech",2024-01,,WTE,-0.06,-£370.00,,,Cardiology,,Integrated Emergency and Medical Pathways,"Scientific, Therapeutic & Technical Staff",Agency,-0.06,
,Medical specialties,257752,CARDIAC CATH LAB,Pay,"Scientific, Therapeutic & Tech",2024-01,,WTE,-0.08,-£389.21,,,Cardiology,,Integrated Emergency and Medical Pathways,"Scientific, Therapeutic & Technical Staff",Bank,-0.08,
,Medical specialties,257752,CARDIAC CATH LAB,Pay,"Scientific, Therapeutic & Tech",2024-02,,WTE,-0.06,-£294.10,,,Cardiology,,Integrated Emergency and Medical Pathways,"Scientific, Therapeutic & Technical Staff",Agency,-0.06,
,Medical specialties,257752,CARDIAC CATH LAB,Pay,"Scientific, Therapeutic & Tech",2024-02,,WTE,-0.08,-£419.80,,,Cardiology,,Integrated Emergency and Medical Pathways,"Scientific, Therapeutic & Technical Staff",Bank,-0.08,
,Medical specialties,257752,CARDIAC CATH LAB,Pay,"Scientific, Therapeutic & Tech",2024-03,,WTE,-0.06,-£311.70,,,Cardiology,,Integrated Emergency and Medical Pathways,"Scientific, Therapeutic & Technical Staff",Agency,-0.06,
,Medical specialties,257752,CARDIAC CATH LAB,Pay,"Scientific, Therapeutic & Tech",2024-03,,WTE,-0.08,-£389.20,,,Cardiology,,Integrated Emergency and Medical Pathways,"Scientific, Therapeutic & Technical Staff",Bank,-0.08,
,Medical specialties,257753,CARDIAC OUTPATIENTS,Pay,Admin & Clerical,2023-11,,WTE,-0.71,"-£2,747.89",,,Cardiology,,Integrated Emergency and Medical Pathways,Admin & Clerical Staff,Bank,-0.71,
,Medical specialties,257753,CARDIAC OUTPATIENTS,Pay,Admin & Clerical,2023-11,,WTE,-3.91,"-£10,033.94",,,Cardiology,,Integrated Emergency and Medical Pathways,Admin & Clerical Staff,Substantive,-3.91,
,Medical specialties,257753,CARDIAC OUTPATIENTS,Pay,Admin & Clerical,2023-12,,WTE,-0.83,"-£2,661.36",,,Cardiology,,Integrated Emergency and Medical Pathways,Admin & Clerical Staff,Bank,-0.83,
,Medical specialties,257753,CARDIAC OUTPATIENTS,Pay,Admin & Clerical,2023-12,,WTE,-3.91,"-£10,149.68",,,Cardiology,,Integrated Emergency and Medical Pathways,Admin & Clerical Staff,Substantive,-3.91,
,Medical specialties,257753,CARDIAC OUTPATIENTS,Pay,Admin & Clerical,2024-01,,WTE,-0.89,"-£2,821.64",,,Cardiology,,Integrated Emergency and Medical Pathways,Admin & Clerical Staff,Bank,-0.89,
,Medical specialties,257753,CARDIAC OUTPATIENTS,Pay,Admin & Clerical,2024-01,,WTE,-3.91,"-£10,149.70",,,Cardiology,,Integrated Emergency and Medical Pathways,Admin & Clerical Staff,Substantive,-3.91,
,Medical specialties,257753,CARDIAC OUTPATIENTS,Pay,Admin & Clerical,2024-02,,WTE,-1.01,"-£3,638.60",,,Cardiology,,Integrated Emergency and Medical Pathways,Admin & Clerical Staff,Bank,-1.01,
,Medical specialties,257753,CARDIAC OUTPATIENTS,Pay,Admin & Clerical,2024-02,,WTE,-3.91,"-£10,149.68",,,Cardiology,,Integrated Emergency and Medical Pathways,Admin & Clerical Staff,Substantive,-3.91,
,Medical specialties,257753,CARDIAC OUTPATIENTS,Pay,Admin & Clerical,2024-03,,WTE,-1.07,"-£3,386.38",,,Cardiology,,Integrated Emergency and Medical Pathways,Admin & Clerical Staff,Bank,-1.07,
,Medical specialties,257753,CARDIAC OUTPATIENTS,Pay,Admin & Clerical,2024-03,,WTE,-3.91,"-£10,149.68",,,Cardiology,,Integrated Emergency and Medical Pathways,Admin & Clerical Staff,Substantive,-3.91,
,Medical specialties,257753,CARDIAC OUTPATIENTS,Pay,Nursing,2023-11,,WTE,0.00,-£0.75,,,Cardiology,,Integrated Emergency and Medical Pathways,Nursing & Midwifery Staff,Bank,0.00,
,Medical specialties,257753,CARDIAC OUTPATIENTS,Pay,"Scientific, Therapeutic & Tech",2023-11,,WTE,-0.48,"£1,582.70",,,Cardiology,,Integrated Emergency and Medical Pathways,"Scientific, Therapeutic & Technical Staff",Agency,-0.48,
,Medical specialties,257753,CARDIAC OUTPATIENTS,Pay,"Scientific, Therapeutic & Tech",2023-11,,WTE,-0.12,"-£1,050.45",,,Cardiology,,Integrated Emergency and Medical Pathways,"Scientific, Therapeutic & Technical Staff",Bank,-0.12,
,Medical specialties,257753,CARDIAC OUTPATIENTS,Pay,"Scientific, Therapeutic & Tech",2023-11,,WTE,-15.31,"-£69,078.50",,,Cardiology,,Integrated Emergency and Medical Pathways,"Scientific, Therapeutic & Technical Staff",Substantive,-15.31,
,Medical specialties,257753,CARDIAC OUTPATIENTS,Pay,"Scientific, Therapeutic & Tech",2023-12,,WTE,-0.24,£718.49,,,Cardiology,,Integrated Emergency and Medical Pathways,"Scientific, Therapeutic & Technical Staff",Agency,-0.24,
,Medical specialties,257753,CARDIAC OUTPATIENTS,Pay,"Scientific, Therapeutic & Tech",2023-12,,WTE,-0.05,-£224.42,,,Cardiology,,Integrated Emergency and Medical Pathways,"Scientific, Therapeutic & Technical Staff",Bank,-0.05,
,Medical specialties,257753,CARDIAC OUTPATIENTS,Pay,"Scientific, Therapeutic & Tech",2023-12,,WTE,-15.08,"-£67,836.95",,,Cardiology,,Integrated Emergency and Medical Pathways,"Scientific, Therapeutic & Technical Staff",Substantive,-15.08,
,Medical specialties,257753,CARDIAC OUTPATIENTS,Pay,"Scientific, Therapeutic & Tech",2024-01,,WTE,-0.28,-£351.11,,,Cardiology,,Integrated Emergency and Medical Pathways,"Scientific, Therapeutic & Technical Staff",Agency,-0.28,
,Medical specialties,257753,CARDIAC OUTPATIENTS,Pay,"Scientific, Therapeutic & Tech",2024-01,,WTE,-0.05,-£224.86,,,Cardiology,,Integrated Emergency and Medical Pathways,"Scientific, Therapeutic & Technical Staff",Bank,-0.05,
,Medical specialties,257753,CARDIAC OUTPATIENTS,Pay,"Scientific, Therapeutic & Tech",2024-01,,WTE,-15.01,"-£65,296.78",,,Cardiology,,Integrated Emergency and Medical Pathways,"Scientific, Therapeutic & Technical Staff",Substantive,-15.01,
,Medical specialties,257753,CARDIAC OUTPATIENTS,Pay,"Scientific, Therapeutic & Tech",2024-02,,WTE,-0.24,-£566.69,,,Cardiology,,Integrated Emergency and Medical Pathways,"Scientific, Therapeutic & Technical Staff",Agency,-0.24,
,Medical specialties,257753,CARDIAC OUTPATIENTS,Pay,"Scientific, Therapeutic & Tech",2024-02,,WTE,-0.25,"-£1,343.88",,,Cardiology,,Integrated Emergency and Medical Pathways,"Scientific, Therapeutic & Technical Staff",Bank,-0.25,
,Medical specialties,257753,CARDIAC OUTPATIENTS,Pay,"Scientific, Therapeutic & Tech",2024-02,,WTE,-15.32,"-£67,047.60",,,Cardiology,,Integrated Emergency and Medical Pathways,"Scientific, Therapeutic & Technical Staff",Substantive,-15.32,
,Medical specialties,257753,CARDIAC OUTPATIENTS,Pay,"Scientific, Therapeutic & Tech",2024-03,,WTE,0.00,£149.51,,,Cardiology,,Integrated Emergency and Medical Pathways,"Scientific, Therapeutic & Technical Staff",Agency,0.00,
,Medical specialties,257753,CARDIAC OUTPATIENTS,Pay,"Scientific, Therapeutic & Tech",2024-03,,WTE,-0.05,-£224.91,,,Cardiology,,Integrated Emergency and Medical Pathways,"Scientific, Therapeutic & Technical Staff",Bank,-0.05,
,Medical specialties,257753,CARDIAC OUTPATIENTS,Pay,"Scientific, Therapeutic & Tech",2024-03,,WTE,-15.12,"-£67,833.32",,,Cardiology,,Integrated Emergency and Medical Pathways,"Scientific, Therapeutic & Technical Staff",Substantive,-15.12,
,Medical specialties,257754,CARDIAC CARE UNIT,Pay,Admin & Clerical,2023-11,,WTE,-0.38,"-£1,680.41",,,Cardiology,,Integrated Emergency and Medical Pathways,Admin & Clerical Staff,Bank,-0.38,
,Medical specialties,257754,CARDIAC CARE UNIT,Pay,Admin & Clerical,2023-11,,WTE,-1.00,"-£2,901.27",,,Cardiology,,Integrated Emergency and Medical Pathways,Admin & Clerical Staff,Substantive,-1.00,
,Medical specialties,257754,CARDIAC CARE UNIT,Pay,Admin & Clerical,2023-12,,WTE,-0.57,"-£2,349.34",,,Cardiology,,Integrated Emergency and Medical Pathways,Admin & Clerical Staff,Bank,-0.57,
,Medical specialties,257754,CARDIAC CARE UNIT,Pay,Admin & Clerical,2023-12,,WTE,-1.00,"-£2,786.51",,,Cardiology,,Integrated Emergency and Medical Pathways,Admin & Clerical Staff,Substantive,-1.00,
,Medical specialties,257754,CARDIAC CARE UNIT,Pay,Admin & Clerical,2024-01,,WTE,-0.47,"-£1,680.41",,,Cardiology,,Integrated Emergency and Medical Pathways,Admin & Clerical Staff,Bank,-0.47,
,Medical specialties,257754,CARDIAC CARE UNIT,Pay,Admin & Clerical,2024-01,,WTE,-1.00,"-£2,769.55",,,Cardiology,,Integrated Emergency and Medical Pathways,Admin & Clerical Staff,Substantive,-1.00,
,Medical specialties,257754,CARDIAC CARE UNIT,Pay,Admin & Clerical,2024-02,,WTE,-0.60,"-£2,084.97",,,Cardiology,,Integrated Emergency and Medical Pathways,Admin & Clerical Staff,Bank,-0.60,
,Medical specialties,257754,CARDIAC CARE UNIT,Pay,Admin & Clerical,2024-02,,WTE,-1.00,"-£2,992.07",,,Cardiology,,Integrated Emergency and Medical Pathways,Admin & Clerical Staff,Substantive,-1.00,
,Medical specialties,257754,CARDIAC CARE UNIT,Pay,Admin & Clerical,2024-03,,WTE,-0.77,"-£2,964.24",,,Cardiology,,Integrated Emergency and Medical Pathways,Admin & Clerical Staff,Bank,-0.77,
,Medical specialties,257754,CARDIAC CARE UNIT,Pay,Admin & Clerical,2024-03,,WTE,-1.00,"-£2,968.07",,,Cardiology,,Integrated Emergency and Medical Pathways,Admin & Clerical Staff,Substantive,-1.00,
,Medical specialties,257754,CARDIAC CARE UNIT,Pay,Nursing,2023-11,,WTE,-0.66,"-£4,140.45",,,Cardiology,,Integrated Emergency and Medical Pathways,Nursing & Midwifery Staff,Agency,-0.66,
,Medical specialties,257754,CARDIAC CARE UNIT,Pay,Nursing,2023-11,,WTE,-4.84,"-£26,474.79",,,Cardiology,,Integrated Emergency and Medical Pathways,Nursing & Midwifery Staff,Bank,-4.84,
,Medical specialties,257754,CARDIAC CARE UNIT,Pay,Nursing,2023-11,,WTE,-30.48,"-£117,558.98",,,Cardiology,,Integrated Emergency and Medical Pathways,Nursing & Midwifery Staff,Substantive,-30.48,
,Medical specialties,257754,CARDIAC CARE UNIT,Pay,Nursing,2023-12,,WTE,0.00,£356.40,,,Cardiology,,Integrated Emergency and Medical Pathways,Nursing & Midwifery Staff,Agency,0.00,
,Medical specialties,257754,CARDIAC CARE UNIT,Pay,Nursing,2023-12,,WTE,-5.52,"-£22,881.53",,,Cardiology,,Integrated Emergency and Medical Pathways,Nursing & Midwifery Staff,Bank,-5.52,
,Medical specialties,257754,CARDIAC CARE UNIT,Pay,Nursing,2023-12,,WTE,-30.61,"-£119,221.17",,,Cardiology,,Integrated Emergency and Medical Pathways,Nursing & Midwifery Staff,Substantive,-30.61,
,Medical specialties,257754,CARDIAC CARE UNIT,Pay,Nursing,2024-01,,WTE,-0.56,"-£2,966.40",,,Cardiology,,Integrated Emergency and Medical Pathways,Nursing & Midwifery Staff,Agency,-0.56,
,Medical specialties,257754,CARDIAC CARE UNIT,Pay,Nursing,2024-01,,WTE,-5.18,"-£21,424.82",,,Cardiology,,Integrated Emergency and Medical Pathways,Nursing & Midwifery Staff,Bank,-5.18,
,Medical specialties,257754,CARDIAC CARE UNIT,Pay,Nursing,2024-01,,WTE,-31.77,"-£134,020.33",,,Cardiology,,Integrated Emergency and Medical Pathways,Nursing & Midwifery Staff,Substantive,-31.77,
,Medical specialties,257754,CARDIAC CARE UNIT,Pay,Nursing,2024-02,,WTE,-0.28,"-£1,963.80",,,Cardiology,,Integrated Emergency and Medical Pathways,Nursing & Midwifery Staff,Agency,-0.28,
,Medical specialties,257754,CARDIAC CARE UNIT,Pay,Nursing,2024-02,,WTE,-5.82,"-£24,122.20",,,Cardiology,,Integrated Emergency and Medical Pathways,Nursing & Midwifery Staff,Bank,-5.82,
,Medical specialties,257754,CARDIAC CARE UNIT,Pay,Nursing,2024-02,,WTE,-31.08,"-£126,152.44",,,Cardiology,,Integrated Emergency and Medical Pathways,Nursing & Midwifery Staff,Substantive,-31.08,
,Medical specialties,257754,CARDIAC CARE UNIT,Pay,Nursing,2024-03,,WTE,-0.70,"-£3,721.86",,,Cardiology,,Integrated Emergency and Medical Pathways,Nursing & Midwifery Staff,Agency,-0.70,
,Medical specialties,257754,CARDIAC CARE UNIT,Pay,Nursing,2024-03,,WTE,-6.03,"-£26,974.46",,,Cardiology,,Integrated Emergency and Medical Pathways,Nursing & Midwifery Staff,Bank,-6.03,
,Medical specialties,257754,CARDIAC CARE UNIT,Pay,Nursing,2024-03,,WTE,-31.08,"-£174,805.15",,,Cardiology,,Integrated Emergency and Medical Pathways,Nursing & Midwifery Staff,Substantive,-31.08,
,Medical specialties,257754,CARDIAC CARE UNIT,Pay,"Scientific, Therapeutic & Tech",2023-11,,WTE,0.00,£176.50,,,Cardiology,,Integrated Emergency and Medical Pathways,"Scientific, Therapeutic & Technical Staff",Bank,0.00,
,Medical specialties,257754,CARDIAC CARE UNIT,Pay,"Scientific, Therapeutic & Tech",2023-12,,WTE,0.00,£0.99,,,Cardiology,,Integrated Emergency and Medical Pathways,"Scientific, Therapeutic & Technical Staff",Bank,0.00,
,Medical specialties,257760,RESPIRATORY PHYSIOLOGY,Pay,"Scientific, Therapeutic & Tech",2023-11,,WTE,-0.64,"-£4,553.80",,,Respiratory Medicine,,Integrated Emergency and Medical Pathways,"Scientific, Therapeutic & Technical Staff",Agency,-0.64,
,Medical specialties,257760,RESPIRATORY PHYSIOLOGY,Pay,"Scientific, Therapeutic & Tech",2023-12,,WTE,-0.25,-£436.39,,,Respiratory Medicine,,Integrated Emergency and Medical Pathways,"Scientific, Therapeutic & Technical Staff",Agency,-0.25,
,Medical specialties,257760,RESPIRATORY PHYSIOLOGY,Pay,"Scientific, Therapeutic & Tech",2024-01,,WTE,-0.53,"-£3,824.19",,,Respiratory Medicine,,Integrated Emergency and Medical Pathways,"Scientific, Therapeutic & Technical Staff",Agency,-0.53,
,Medical specialties,257760,RESPIRATORY PHYSIOLOGY,Pay,"Scientific, Therapeutic & Tech",2024-02,,WTE,-0.72,"-£9,890.16",,,Respiratory Medicine,,Integrated Emergency and Medical Pathways,"Scientific, Therapeutic & Technical Staff",Agency,-0.72,
,Medical specialties,257760,RESPIRATORY PHYSIOLOGY,Pay,"Scientific, Therapeutic & Tech",2024-03,,WTE,-0.58,"-£6,134.47",,,Respiratory Medicine,,Integrated Emergency and Medical Pathways,"Scientific, Therapeutic & Technical Staff",Agency,-0.58,
,Medical specialties,257761,RESPIRATORY SPECIALIST CARE WA,Pay,Admin & Clerical,2023-11,,WTE,-0.05,-£163.42,,,Respiratory Medicine,,Integrated Emergency and Medical Pathways,Admin & Clerical Staff,Bank,-0.05,
,Medical specialties,257761,RESPIRATORY SPECIALIST CARE WA,Pay,Admin & Clerical,2023-11,,WTE,-1.00,"-£2,414.05",,,Respiratory Medicine,,Integrated Emergency and Medical Pathways,Admin & Clerical Staff,Substantive,-1.00,
,Medical specialties,257761,RESPIRATORY SPECIALIST CARE WA,Pay,Admin & Clerical,2023-12,,WTE,-0.09,-£654.08,,,Respiratory Medicine,,Integrated Emergency and Medical Pathways,Admin & Clerical Staff,Bank,-0.09,
,Medical specialties,257761,RESPIRATORY SPECIALIST CARE WA,Pay,Admin & Clerical,2023-12,,WTE,-1.00,"-£2,424.34",,,Respiratory Medicine,,Integrated Emergency and Medical Pathways,Admin & Clerical Staff,Substantive,-1.00,
,Medical specialties,257761,RESPIRATORY SPECIALIST CARE WA,Pay,Admin & Clerical,2024-01,,WTE,-0.09,-£382.80,,,Respiratory Medicine,,Integrated Emergency and Medical Pathways,Admin & Clerical Staff,Bank,-0.09,
,Medical specialties,257761,RESPIRATORY SPECIALIST CARE WA,Pay,Admin & Clerical,2024-01,,WTE,-1.00,"-£2,415.51",,,Respiratory Medicine,,Integrated Emergency and Medical Pathways,Admin & Clerical Staff,Substantive,-1.00,
,Medical specialties,257761,RESPIRATORY SPECIALIST CARE WA,Pay,Admin & Clerical,2024-02,,WTE,-1.00,"-£2,511.06",,,Respiratory Medicine,,Integrated Emergency and Medical Pathways,Admin & Clerical Staff,Substantive,-1.00,
,Medical specialties,257761,RESPIRATORY SPECIALIST CARE WA,Pay,Admin & Clerical,2024-03,,WTE,-0.10,-£397.30,,,Respiratory Medicine,,Integrated Emergency and Medical Pathways,Admin & Clerical Staff,Bank,-0.10,
,Medical specialties,257761,RESPIRATORY SPECIALIST CARE WA,Pay,Admin & Clerical,2024-03,,WTE,-1.00,"-£2,455.76",,,Respiratory Medicine,,Integrated Emergency and Medical Pathways,Admin & Clerical Staff,Substantive,-1.00,
,Medical specialties,257761,RESPIRATORY SPECIALIST CARE WA,Pay,Nursing,2023-11,,WTE,-0.42,"-£3,834.44",,,Respiratory Medicine,,Integrated Emergency and Medical Pathways,Nursing & Midwifery Staff,Agency,-0.42,
,Medical specialties,257761,RESPIRATORY SPECIALIST CARE WA,Pay,Nursing,2023-11,,WTE,-9.24,"-£45,991.83",,,Respiratory Medicine,,Integrated Emergency and Medical Pathways,Nursing & Midwifery Staff,Bank,-9.24,
,Medical specialties,257761,RESPIRATORY SPECIALIST CARE WA,Pay,Nursing,2023-11,,WTE,-46.88,"-£169,396.66",,,Respiratory Medicine,,Integrated Emergency and Medical Pathways,Nursing & Midwifery Staff,Substantive,-46.88,
,Medical specialties,257761,RESPIRATORY SPECIALIST CARE WA,Pay,Nursing,2023-12,,WTE,-0.50,"-£2,766.42",,,Respiratory Medicine,,Integrated Emergency and Medical Pathways,Nursing & Midwifery Staff,Agency,-0.50,
,Medical specialties,257761,RESPIRATORY SPECIALIST CARE WA,Pay,Nursing,2023-12,,WTE,-10.16,"-£41,867.64",,,Respiratory Medicine,,Integrated Emergency and Medical Pathways,Nursing & Midwifery Staff,Bank,-10.16,
,Medical specialties,257761,RESPIRATORY SPECIALIST CARE WA,Pay,Nursing,2023-12,,WTE,-44.42,"-£164,024.28",,,Respiratory Medicine,,Integrated Emergency and Medical Pathways,Nursing & Midwifery Staff,Substantive,-44.42,
,Medical specialties,257761,RESPIRATORY SPECIALIST CARE WA,Pay,Nursing,2024-01,,WTE,-0.56,"-£2,981.18",,,Respiratory Medicine,,Integrated Emergency and Medical Pathways,Nursing & Midwifery Staff,Agency,-0.56,
,Medical specialties,257761,RESPIRATORY SPECIALIST CARE WA,Pay,Nursing,2024-01,,WTE,-12.12,"-£51,466.68",,,Respiratory Medicine,,Integrated Emergency and Medical Pathways,Nursing & Midwifery Staff,Bank,-12.12,
,Medical specialties,257761,RESPIRATORY SPECIALIST CARE WA,Pay,Nursing,2024-01,,WTE,-44.61,"-£154,904.88",,,Respiratory Medicine,,Integrated Emergency and Medical Pathways,Nursing & Midwifery Staff,Substantive,-44.61,
,Medical specialties,257761,RESPIRATORY SPECIALIST CARE WA,Pay,Nursing,2024-02,,WTE,-0.91,"-£4,634.65",,,Respiratory Medicine,,Integrated Emergency and Medical Pathways,Nursing & Midwifery Staff,Agency,-0.91,
,Medical specialties,257761,RESPIRATORY SPECIALIST CARE WA,Pay,Nursing,2024-02,,WTE,-12.51,"-£52,225.84",,,Respiratory Medicine,,Integrated Emergency and Medical Pathways,Nursing & Midwifery Staff,Bank,-12.51,
,Medical specialties,257761,RESPIRATORY SPECIALIST CARE WA,Pay,Nursing,2024-02,,WTE,-46.22,"-£174,774.35",,,Respiratory Medicine,,Integrated Emergency and Medical Pathways,Nursing & Midwifery Staff,Substantive,-46.22,
,Medical specialties,257761,RESPIRATORY SPECIALIST CARE WA,Pay,Nursing,2024-03,,WTE,-0.14,"-£1,051.40",,,Respiratory Medicine,,Integrated Emergency and Medical Pathways,Nursing & Midwifery Staff,Agency,-0.14,
,Medical specialties,257761,RESPIRATORY SPECIALIST CARE WA,Pay,Nursing,2024-03,,WTE,-10.24,"-£44,794.63",,,Respiratory Medicine,,Integrated Emergency and Medical Pathways,Nursing & Midwifery Staff,Bank,-10.24,
,Medical specialties,257761,RESPIRATORY SPECIALIST CARE WA,Pay,Nursing,2024-03,,WTE,-47.57,"-£252,198.48",,,Respiratory Medicine,,Integrated Emergency and Medical Pathways,Nursing & Midwifery Staff,Substantive,-47.57,
,Medical specialties,257761,RESPIRATORY SPECIALIST CARE WA,Pay,"Scientific, Therapeutic & Tech",2023-11,,WTE,0.00,£86.40,,,Respiratory Medicine,,Integrated Emergency and Medical Pathways,"Scientific, Therapeutic & Technical Staff",Agency,0.00,
,Women's Services,258009,CHAMBERLEN,Pay,Nursing,2023-11,,WTE,-18.03,"-£70,786.63",,,Maternity,,"Family, Diagnostics and Community",Nursing & Midwifery Staff,Substantive,-18.03,
,Women's Services,258009,CHAMBERLEN,Pay,Nursing,2023-12,,WTE,-18.39,"-£75,427.66",,,Maternity,,"Family, Diagnostics and Community",Nursing & Midwifery Staff,Substantive,-18.39,
,Women's Services,258009,CHAMBERLEN,Pay,Nursing,2024-01,,WTE,-19.59,"-£82,858.88",,,Maternity,,"Family, Diagnostics and Community",Nursing & Midwifery Staff,Substantive,-19.59,
,Women's Services,258009,CHAMBERLEN,Pay,Nursing,2024-02,,WTE,-20.27,"-£82,661.15",,,Maternity,,"Family, Diagnostics and Community",Nursing & Midwifery Staff,Substantive,-20.27,
,Women's Services,258009,CHAMBERLEN,Pay,Nursing,2024-03,,WTE,-17.88,"-£99,675.56",,,Maternity,,"Family, Diagnostics and Community",Nursing & Midwifery Staff,Substantive,-17.88,
,Women's Services,258010,ANTE-NATAL CLINIC,Pay,Admin & Clerical,2023-11,,WTE,-2.80,"-£7,497.76",,,Maternity,,"Family, Diagnostics and Community",Admin & Clerical Staff,Substantive,-2.80,
,Women's Services,258010,ANTE-NATAL CLINIC,Pay,Admin & Clerical,2023-12,,WTE,-2.80,"-£7,685.15",,,Maternity,,"Family, Diagnostics and Community",Admin & Clerical Staff,Substantive,-2.80,
,Women's Services,258010,ANTE-NATAL CLINIC,Pay,Admin & Clerical,2024-01,,WTE,-1.80,"-£4,611.58",,,Maternity,,"Family, Diagnostics and Community",Admin & Clerical Staff,Substantive,-1.80,
,Women's Services,258010,ANTE-NATAL CLINIC,Pay,Admin & Clerical,2024-02,,WTE,-1.80,"-£4,611.58",,,Maternity,,"Family, Diagnostics and Community",Admin & Clerical Staff,Substantive,-1.80,
,Women's Services,258010,ANTE-NATAL CLINIC,Pay,Admin & Clerical,2024-03,,WTE,-0.80,"-£2,155.67",,,Maternity,,"Family, Diagnostics and Community",Admin & Clerical Staff,Substantive,-0.80,
,Women's Services,258010,ANTE-NATAL CLINIC,Pay,Nursing,2023-11,,WTE,-0.20,-£728.59,,,Maternity,,"Family, Diagnostics and Community",Nursing & Midwifery Staff,Bank,-0.20,
,Women's Services,258010,ANTE-NATAL CLINIC,Pay,Nursing,2023-11,,WTE,-5.56,"-£18,225.47",,,Maternity,,"Family, Diagnostics and Community",Nursing & Midwifery Staff,Substantive,-5.56,
,Women's Services,258010,ANTE-NATAL CLINIC,Pay,Nursing,2023-12,,WTE,-0.24,-£798.22,,,Maternity,,"Family, Diagnostics and Community",Nursing & Midwifery Staff,Bank,-0.24,
,Women's Services,258010,ANTE-NATAL CLINIC,Pay,Nursing,2023-12,,WTE,-5.56,"-£18,225.50",,,Maternity,,"Family, Diagnostics and Community",Nursing & Midwifery Staff,Substantive,-5.56,
,Women's Services,258010,ANTE-NATAL CLINIC,Pay,Nursing,2024-01,,WTE,-0.13,-£880.12,,,Maternity,,"Family, Diagnostics and Community",Nursing & Midwifery Staff,Bank,-0.13,
,Women's Services,258010,ANTE-NATAL CLINIC,Pay,Nursing,2024-01,,WTE,-5.56,"-£18,225.50",,,Maternity,,"Family, Diagnostics and Community",Nursing & Midwifery Staff,Substantive,-5.56,
,Women's Services,258010,ANTE-NATAL CLINIC,Pay,Nursing,2024-02,,WTE,-0.35,"-£1,016.57",,,Maternity,,"Family, Diagnostics and Community",Nursing & Midwifery Staff,Bank,-0.35,
,Women's Services,258010,ANTE-NATAL CLINIC,Pay,Nursing,2024-02,,WTE,-5.56,"-£18,225.50",,,Maternity,,"Family, Diagnostics and Community",Nursing & Midwifery Staff,Substantive,-5.56,
,Women's Services,258010,ANTE-NATAL CLINIC,Pay,Nursing,2024-03,,WTE,-0.14,-£588.63,,,Maternity,,"Family, Diagnostics and Community",Nursing & Midwifery Staff,Bank,-0.14,
,Women's Services,258010,ANTE-NATAL CLINIC,Pay,Nursing,2024-03,,WTE,-5.55,"-£51,030.03",,,Maternity,,"Family, Diagnostics and Community",Nursing & Midwifery Staff,Substantive,-5.55,
,Women's Services,258011,SAMSON WARD,Pay,Admin & Clerical,2024-02,,WTE,-0.08,-£282.19,,,Maternity,,"Family, Diagnostics and Community",Admin & Clerical Staff,Bank,-0.08,
,Women's Services,258011,SAMSON WARD,Pay,Nursing,2023-11,,WTE,-4.29,"-£33,753.44",,,Maternity,,"Family, Diagnostics and Community",Nursing & Midwifery Staff,Agency,-4.29,
,Women's Services,258011,SAMSON WARD,Pay,Nursing,2023-11,,WTE,-21.58,"-£130,816.96",,,Maternity,,"Family, Diagnostics and Community",Nursing & Midwifery Staff,Bank,-21.58,
,Women's Services,258011,SAMSON WARD,Pay,Nursing,2023-11,,WTE,-29.35,"-£113,966.92",,,Maternity,,"Family, Diagnostics and Community",Nursing & Midwifery Staff,Substantive,-29.35,
,Women's Services,258011,SAMSON WARD,Pay,Nursing,2023-12,,WTE,-4.07,"-£30,982.51",,,Maternity,,"Family, Diagnostics and Community",Nursing & Midwifery Staff,Agency,-4.07,
,Women's Services,258011,SAMSON WARD,Pay,Nursing,2023-12,,WTE,-21.42,"-£108,725.15",,,Maternity,,"Family, Diagnostics and Community",Nursing & Midwifery Staff,Bank,-21.42,
,Women's Services,258011,SAMSON WARD,Pay,Nursing,2023-12,,WTE,-27.57,"-£111,828.90",,,Maternity,,"Family, Diagnostics and Community",Nursing & Midwifery Staff,Substantive,-27.57,
,Women's Services,258011,SAMSON WARD,Pay,Nursing,2024-01,,WTE,-2.65,"-£17,510.58",,,Maternity,,"Family, Diagnostics and Community",Nursing & Midwifery Staff,Agency,-2.65,
,Women's Services,258011,SAMSON WARD,Pay,Nursing,2024-01,,WTE,-25.66,"-£131,683.15",,,Maternity,,"Family, Diagnostics and Community",Nursing & Midwifery Staff,Bank,-25.66,
,Women's Services,258011,SAMSON WARD,Pay,Nursing,2024-01,,WTE,-31.01,"-£119,746.20",,,Maternity,,"Family, Diagnostics and Community",Nursing & Midwifery Staff,Substantive,-31.01,
,Women's Services,258011,SAMSON WARD,Pay,Nursing,2024-02,,WTE,-2.60,"-£17,916.12",,,Maternity,,"Family, Diagnostics and Community",Nursing & Midwifery Staff,Agency,-2.60,
,Women's Services,258011,SAMSON WARD,Pay,Nursing,2024-02,,WTE,-24.42,"-£124,951.72",,,Maternity,,"Family, Diagnostics and Community",Nursing & Midwifery Staff,Bank,-24.42,
,Women's Services,258011,SAMSON WARD,Pay,Nursing,2024-02,,WTE,-32.38,"-£122,873.41",,,Maternity,,"Family, Diagnostics and Community",Nursing & Midwifery Staff,Substantive,-32.38,
,Women's Services,258011,SAMSON WARD,Pay,Nursing,2024-03,,WTE,-1.75,"-£9,244.46",,,Maternity,,"Family, Diagnostics and Community",Nursing & Midwifery Staff,Agency,-1.75,
,Women's Services,258011,SAMSON WARD,Pay,Nursing,2024-03,,WTE,-27.85,"-£143,161.55",,,Maternity,,"Family, Diagnostics and Community",Nursing & Midwifery Staff,Bank,-27.85,
,Women's Services,258011,SAMSON WARD,Pay,Nursing,2024-03,,WTE,-33.02,"-£159,759.99",,,Maternity,,"Family, Diagnostics and Community",Nursing & Midwifery Staff,Substantive,-33.02,
,Women's Services,258011,SAMSON WARD,Pay,"Scientific, Therapeutic & Tech",2023-11,,WTE,-0.50,"-£2,724.06",,,Maternity,,"Family, Diagnostics and Community","Scientific, Therapeutic & Technical Staff",Substantive,-0.50,
,Women's Services,258011,SAMSON WARD,Pay,"Scientific, Therapeutic & Tech",2023-12,,WTE,-0.50,"-£2,735.31",,,Maternity,,"Family, Diagnostics and Community","Scientific, Therapeutic & Technical Staff",Substantive,-0.50,
,Women's Services,258011,SAMSON WARD,Pay,"Scientific, Therapeutic & Tech",2024-03,,WTE,0.00,"£20,897.60",,,Maternity,,"Family, Diagnostics and Community","Scientific, Therapeutic & Technical Staff",Substantive,0.00,
,Women's Services,258012,BIRTHING UNIT,Pay,Nursing,2023-11,,WTE,-21.59,"-£88,543.77",,,Maternity,,"Family, Diagnostics and Community",Nursing & Midwifery Staff,Substantive,-21.59,
,Women's Services,258012,BIRTHING UNIT,Pay,Nursing,2023-12,,WTE,-22.26,"-£89,128.52",,,Maternity,,"Family, Diagnostics and Community",Nursing & Midwifery Staff,Substantive,-22.26,
,Women's Services,258012,BIRTHING UNIT,Pay,Nursing,2024-01,,WTE,-22.21,"-£95,990.03",,,Maternity,,"Family, Diagnostics and Community",Nursing & Midwifery Staff,Substantive,-22.21,
,Women's Services,258012,BIRTHING UNIT,Pay,Nursing,2024-02,,WTE,-22.37,"-£92,262.95",,,Maternity,,"Family, Diagnostics and Community",Nursing & Midwifery Staff,Substantive,-22.37,
,Women's Services,258012,BIRTHING UNIT,Pay,Nursing,2024-03,,WTE,-22.42,"-£103,094.87",,,Maternity,,"Family, Diagnostics and Community",Nursing & Midwifery Staff,Substantive,-22.42,
,Women's Services,258013,LABOUR WARD,Pay,Nursing,2023-11,,WTE,-49.25,"-£213,035.84",,,Maternity,,"Family, Diagnostics and Community",Nursing & Midwifery Staff,Substantive,-49.25,
,Women's Services,258013,LABOUR WARD,Pay,Nursing,2023-12,,WTE,-49.57,"-£215,583.39",,,Maternity,,"Family, Diagnostics and Community",Nursing & Midwifery Staff,Substantive,-49.57,
,Women's Services,258013,LABOUR WARD,Pay,Nursing,2024-01,,WTE,-47.52,"-£224,460.28",,,Maternity,,"Family, Diagnostics and Community",Nursing & Midwifery Staff,Substantive,-47.52,
,Women's Services,258013,LABOUR WARD,Pay,Nursing,2024-02,,WTE,-49.17,"-£220,260.37",,,Maternity,,"Family, Diagnostics and Community",Nursing & Midwifery Staff,Substantive,-49.17,
,Women's Services,258013,LABOUR WARD,Pay,Nursing,2024-03,,WTE,-49.72,"-£354,447.81",,,Maternity,,"Family, Diagnostics and Community",Nursing & Midwifery Staff,Substantive,-49.72,
,Women's Services,258014,WOMENS HEALTH ADMIN,Pay,Admin & Clerical,2023-11,,WTE,-18.68,"-£47,501.55",,,Maternity,,"Family, Diagnostics and Community",Admin & Clerical Staff,Substantive,-18.68,
,Women's Services,258014,WOMENS HEALTH ADMIN,Pay,Admin & Clerical,2023-12,,WTE,-18.40,"-£47,453.16",,,Maternity,,"Family, Diagnostics and Community",Admin & Clerical Staff,Substantive,-18.40,
,Women's Services,258014,WOMENS HEALTH ADMIN,Pay,Admin & Clerical,2024-01,,WTE,-16.85,"-£45,468.94",,,Maternity,,"Family, Diagnostics and Community",Admin & Clerical Staff,Substantive,-16.85,
,Women's Services,258014,WOMENS HEALTH ADMIN,Pay,Admin & Clerical,2024-02,,WTE,-17.15,"-£45,052.32",,,Maternity,,"Family, Diagnostics and Community",Admin & Clerical Staff,Substantive,-17.15,
,Women's Services,258014,WOMENS HEALTH ADMIN,Pay,Admin & Clerical,2024-03,,WTE,-17.94,"-£47,081.09",,,Maternity,,"Family, Diagnostics and Community",Admin & Clerical Staff,Substantive,-17.94,
,Women's Services,258015,LMS,Pay,Admin & Clerical,2024-01,,WTE,-1.00,"-£2,955.68",,,Maternity,,"Family, Diagnostics and Community",Admin & Clerical Staff,Substantive,-1.00,
,Women's Services,258015,LMS,Pay,Admin & Clerical,2024-02,,WTE,-1.00,"-£2,952.27",,,Maternity,,"Family, Diagnostics and Community",Admin & Clerical Staff,Substantive,-1.00,
,Women's Services,258015,LMS,Pay,Admin & Clerical,2024-03,,WTE,-1.00,"-£2,911.49",,,Maternity,,"Family, Diagnostics and Community",Admin & Clerical Staff,Substantive,-1.00,
,Women's Services,258015,LMS,Pay,Nursing,2023-11,,WTE,-1.00,"-£11,602.96",,,Maternity,,"Family, Diagnostics and Community",Nursing & Midwifery Staff,Substantive,-1.00,
,Women's Services,258015,LMS,Pay,Nursing,2023-12,,WTE,-1.00,"-£11,884.40",,,Maternity,,"Family, Diagnostics and Community",Nursing & Midwifery Staff,Substantive,-1.00,
,Women's Services,258015,LMS,Pay,Nursing,2024-01,,WTE,-3.64,"-£17,675.49",,,Maternity,,"Family, Diagnostics and Community",Nursing & Midwifery Staff,Substantive,-3.64,
,Women's Services,258015,LMS,Pay,Nursing,2024-02,,WTE,-3.64,"-£17,881.46",,,Maternity,,"Family, Diagnostics and Community",Nursing & Midwifery Staff,Substantive,-3.64,
,Women's Services,258015,LMS,Pay,Nursing,2024-03,,WTE,-2.64,"-£164,585.56",,,Maternity,,"Family, Diagnostics and Community",Nursing & Midwifery Staff,Substantive,-2.64,
,Women's Services,258015,LMS,Pay,"Scientific, Therapeutic & Tech",2024-01,,WTE,-0.50,"-£2,724.06",,,Maternity,,"Family, Diagnostics and Community","Scientific, Therapeutic & Technical Staff",Substantive,-0.50,
,Women's Services,258015,LMS,Pay,"Scientific, Therapeutic & Tech",2024-02,,WTE,-0.50,"-£2,725.03",,,Maternity,,"Family, Diagnostics and Community","Scientific, Therapeutic & Technical Staff",Substantive,-0.50,
,Women's Services,258015,LMS,Pay,"Scientific, Therapeutic & Tech",2024-03,,WTE,-0.50,"-£23,621.66",,,Maternity,,"Family, Diagnostics and Community","Scientific, Therapeutic & Technical Staff",Substantive,-0.50,
,Women's Services,258015,LMS,Pay,Snr Managers,2023-11,,WTE,-1.00,"-£5,552.72",,,Maternity,,"Family, Diagnostics and Community",Senior Managers,Substantive,-1.00,
,Women's Services,258015,LMS,Pay,Snr Managers,2023-12,,WTE,-1.00,"-£5,552.72",,,Maternity,,"Family, Diagnostics and Community",Senior Managers,Substantive,-1.00,
,Women's Services,258015,LMS,Pay,Snr Managers,2024-01,,WTE,-1.00,"-£5,552.72",,,Maternity,,"Family, Diagnostics and Community",Senior Managers,Substantive,-1.00,
,Women's Services,258015,LMS,Pay,Snr Managers,2024-02,,WTE,-1.00,"-£5,566.95",,,Maternity,,"Family, Diagnostics and Community",Senior Managers,Substantive,-1.00,
,Women's Services,258015,LMS,Pay,Snr Managers,2024-03,,WTE,0.00,-£20.45,,,Maternity,,"Family, Diagnostics and Community",Senior Managers,Substantive,0.00,
,Women's Services,258016,COMMUNITY MIDWIVES,Pay,Admin & Clerical,2023-11,,WTE,-1.00,"-£2,413.60",,,Maternity,,"Family, Diagnostics and Community",Admin & Clerical Staff,Substantive,-1.00,
,Women's Services,258016,COMMUNITY MIDWIVES,Pay,Admin & Clerical,2023-12,,WTE,-1.00,"-£2,413.60",,,Maternity,,"Family, Diagnostics and Community",Admin & Clerical Staff,Substantive,-1.00,
,Women's Services,258016,COMMUNITY MIDWIVES,Pay,Admin & Clerical,2024-01,,WTE,-1.00,"-£2,413.60",,,Maternity,,"Family, Diagnostics and Community",Admin & Clerical Staff,Substantive,-1.00,
,Women's Services,258016,COMMUNITY MIDWIVES,Pay,Admin & Clerical,2024-02,,WTE,-1.00,"-£2,413.60",,,Maternity,,"Family, Diagnostics and Community",Admin & Clerical Staff,Substantive,-1.00,
,Women's Services,258016,COMMUNITY MIDWIVES,Pay,Admin & Clerical,2024-03,,WTE,-1.00,"-£2,413.60",,,Maternity,,"Family, Diagnostics and Community",Admin & Clerical Staff,Substantive,-1.00,
,Women's Services,258016,COMMUNITY MIDWIVES,Pay,Nursing,2023-11,,WTE,-40.53,"-£196,086.51",,,Maternity,,"Family, Diagnostics and Community",Nursing & Midwifery Staff,Substantive,-40.53,
,Women's Services,258016,COMMUNITY MIDWIVES,Pay,Nursing,2023-12,,WTE,-40.11,"-£188,762.40",,,Maternity,,"Family, Diagnostics and Community",Nursing & Midwifery Staff,Substantive,-40.11,
,Women's Services,258016,COMMUNITY MIDWIVES,Pay,Nursing,2024-01,,WTE,-0.14,-£750.90,,,Maternity,,"Family, Diagnostics and Community",Nursing & Midwifery Staff,Bank,-0.14,
,Women's Services,258016,COMMUNITY MIDWIVES,Pay,Nursing,2024-01,,WTE,-39.77,"-£194,028.79",,,Maternity,,"Family, Diagnostics and Community",Nursing & Midwifery Staff,Substantive,-39.77,
,Women's Services,258016,COMMUNITY MIDWIVES,Pay,Nursing,2024-02,,WTE,-1.67,"-£9,115.38",,,Maternity,,"Family, Diagnostics and Community",Nursing & Midwifery Staff,Bank,-1.67,
,Women's Services,258016,COMMUNITY MIDWIVES,Pay,Nursing,2024-02,,WTE,-35.90,"-£173,577.62",,,Maternity,,"Family, Diagnostics and Community",Nursing & Midwifery Staff,Substantive,-35.90,
,Women's Services,258016,COMMUNITY MIDWIVES,Pay,Nursing,2024-03,,WTE,-0.05,-£272.64,,,Maternity,,"Family, Diagnostics and Community",Nursing & Midwifery Staff,Agency,-0.05,
,Women's Services,258016,COMMUNITY MIDWIVES,Pay,Nursing,2024-03,,WTE,-3.41,"-£18,391.38",,,Maternity,,"Family, Diagnostics and Community",Nursing & Midwifery Staff,Bank,-3.41,
,Women's Services,258016,COMMUNITY MIDWIVES,Pay,Nursing,2024-03,,WTE,-35.59,"-£167,504.94",,,Maternity,,"Family, Diagnostics and Community",Nursing & Midwifery Staff,Substantive,-35.59,
,"Family, Diagnostics and Community Management",258018,WOMENS HEALTH MANAGEMENT,Pay,Admin & Clerical,2023-11,,WTE,-1.84,"-£12,951.18",,,"Family, Diagnostics and Community Management",,"Family, Diagnostics and Community",Admin & Clerical Staff,Bank,-1.84,
,"Family, Diagnostics and Community Management",258018,WOMENS HEALTH MANAGEMENT,Pay,Admin & Clerical,2023-11,,WTE,-4.10,"-£17,370.21",,,"Family, Diagnostics and Community Management",,"Family, Diagnostics and Community",Admin & Clerical Staff,Substantive,-4.10,
,"Family, Diagnostics and Community Management",258018,WOMENS HEALTH MANAGEMENT,Pay,Admin & Clerical,2023-12,,WTE,-2.17,"-£10,701.74",,,"Family, Diagnostics and Community Management",,"Family, Diagnostics and Community",Admin & Clerical Staff,Bank,-2.17,
,"Family, Diagnostics and Community Management",258018,WOMENS HEALTH MANAGEMENT,Pay,Admin & Clerical,2023-12,,WTE,-5.09,"-£21,105.78",,,"Family, Diagnostics and Community Management",,"Family, Diagnostics and Community",Admin & Clerical Staff,Substantive,-5.09,
,"Family, Diagnostics and Community Management",258018,WOMENS HEALTH MANAGEMENT,Pay,Admin & Clerical,2024-01,,WTE,-1.67,"-£8,642.81",,,"Family, Diagnostics and Community Management",,"Family, Diagnostics and Community",Admin & Clerical Staff,Bank,-1.67,
,"Family, Diagnostics and Community Management",258018,WOMENS HEALTH MANAGEMENT,Pay,Admin & Clerical,2024-01,,WTE,-5.55,"-£22,982.11",,,"Family, Diagnostics and Community Management",,"Family, Diagnostics and Community",Admin & Clerical Staff,Substantive,-5.55,
,"Family, Diagnostics and Community Management",258018,WOMENS HEALTH MANAGEMENT,Pay,Admin & Clerical,2024-02,,WTE,-3.67,"-£18,396.24",,,"Family, Diagnostics and Community Management",,"Family, Diagnostics and Community",Admin & Clerical Staff,Bank,-3.67,
,"Family, Diagnostics and Community Management",258018,WOMENS HEALTH MANAGEMENT,Pay,Admin & Clerical,2024-02,,WTE,-5.00,"£37,873.24",,,"Family, Diagnostics and Community Management",,"Family, Diagnostics and Community",Admin & Clerical Staff,Substantive,-5.00,
,"Family, Diagnostics and Community Management",258018,WOMENS HEALTH MANAGEMENT,Pay,Admin & Clerical,2024-03,,WTE,-2.72,"-£11,113.72",,,"Family, Diagnostics and Community Management",,"Family, Diagnostics and Community",Admin & Clerical Staff,Bank,-2.72,
,"Family, Diagnostics and Community Management",258018,WOMENS HEALTH MANAGEMENT,Pay,Admin & Clerical,2024-03,,WTE,-5.00,"-£19,317.75",,,"Family, Diagnostics and Community Management",,"Family, Diagnostics and Community",Admin & Clerical Staff,Substantive,-5.00,
,"Family, Diagnostics and Community Management",258018,WOMENS HEALTH MANAGEMENT,Pay,Nursing,2023-11,,WTE,-12.80,"-£92,768.64",,,"Family, Diagnostics and Community Management",,"Family, Diagnostics and Community",Nursing & Midwifery Staff,Substantive,-12.80,
,"Family, Diagnostics and Community Management",258018,WOMENS HEALTH MANAGEMENT,Pay,Nursing,2023-12,,WTE,-12.00,"-£49,231.26",,,"Family, Diagnostics and Community Management",,"Family, Diagnostics and Community",Nursing & Midwifery Staff,Substantive,-12.00,
,"Family, Diagnostics and Community Management",258018,WOMENS HEALTH MANAGEMENT,Pay,Nursing,2024-01,,WTE,-11.52,"-£72,300.89",,,"Family, Diagnostics and Community Management",,"Family, Diagnostics and Community",Nursing & Midwifery Staff,Substantive,-11.52,
,"Family, Diagnostics and Community Management",258018,WOMENS HEALTH MANAGEMENT,Pay,Nursing,2024-02,,WTE,-10.24,"-£47,477.20",,,"Family, Diagnostics and Community Management",,"Family, Diagnostics and Community",Nursing & Midwifery Staff,Substantive,-10.24,
,"Family, Diagnostics and Community Management",258018,WOMENS HEALTH MANAGEMENT,Pay,Nursing,2024-03,,WTE,-10.00,"£28,852.86",,,"Family, Diagnostics and Community Management",,"Family, Diagnostics and Community",Nursing & Midwifery Staff,Substantive,-10.00,
,"Family, Diagnostics and Community Management",258018,WOMENS HEALTH MANAGEMENT,Pay,Snr Managers,2023-11,,WTE,-1.00,"-£5,678.61",,,"Family, Diagnostics and Community Management",,"Family, Diagnostics and Community",Senior Managers,Substantive,-1.00,
,"Family, Diagnostics and Community Management",258018,WOMENS HEALTH MANAGEMENT,Pay,Snr Managers,2023-12,,WTE,-1.00,"-£45,024.42",,,"Family, Diagnostics and Community Management",,"Family, Diagnostics and Community",Senior Managers,Substantive,-1.00,
,"Family, Diagnostics and Community Management",258018,WOMENS HEALTH MANAGEMENT,Pay,Snr Managers,2024-01,,WTE,-2.00,"-£12,088.00",,,"Family, Diagnostics and Community Management",,"Family, Diagnostics and Community",Senior Managers,Substantive,-2.00,
,"Family, Diagnostics and Community Management",258018,WOMENS HEALTH MANAGEMENT,Pay,Snr Managers,2024-02,,WTE,-2.00,"-£12,088.00",,,"Family, Diagnostics and Community Management",,"Family, Diagnostics and Community",Senior Managers,Substantive,-2.00,
,"Family, Diagnostics and Community Management",258018,WOMENS HEALTH MANAGEMENT,Pay,Snr Managers,2024-03,,WTE,-2.00,"-£12,088.00",,,"Family, Diagnostics and Community Management",,"Family, Diagnostics and Community",Senior Managers,Substantive,-2.00,
,Women's Services,258019,SPECIALIST MIDWIVES,Pay,Admin & Clerical,2023-11,,WTE,-0.60,"-£1,587.66",,,Maternity,,"Family, Diagnostics and Community",Admin & Clerical Staff,Substantive,-0.60,
,Women's Services,258019,SPECIALIST MIDWIVES,Pay,Admin & Clerical,2023-12,,WTE,-0.60,"-£1,949.15",,,Maternity,,"Family, Diagnostics and Community",Admin & Clerical Staff,Substantive,-0.60,
,Women's Services,258019,SPECIALIST MIDWIVES,Pay,Admin & Clerical,2024-01,,WTE,-0.60,"-£1,752.46",,,Maternity,,"Family, Diagnostics and Community",Admin & Clerical Staff,Substantive,-0.60,
,Women's Services,258019,SPECIALIST MIDWIVES,Pay,Admin & Clerical,2024-02,,WTE,-0.60,"-£1,752.46",,,Maternity,,"Family, Diagnostics and Community",Admin & Clerical Staff,Substantive,-0.60,
,Women's Services,258019,SPECIALIST MIDWIVES,Pay,Admin & Clerical,2024-03,,WTE,-0.60,"-£1,752.46",,,Maternity,,"Family, Diagnostics and Community",Admin & Clerical Staff,Substantive,-0.60,
,Women's Services,258019,SPECIALIST MIDWIVES,Pay,Nursing,2023-11,,WTE,-19.28,"-£113,433.62",,,Maternity,,"Family, Diagnostics and Community",Nursing & Midwifery Staff,Substantive,-19.28,
,Women's Services,258019,SPECIALIST MIDWIVES,Pay,Nursing,2023-12,,WTE,-18.25,"-£113,849.15",,,Maternity,,"Family, Diagnostics and Community",Nursing & Midwifery Staff,Substantive,-18.25,
,Women's Services,258019,SPECIALIST MIDWIVES,Pay,Nursing,2024-01,,WTE,-21.07,"-£107,162.89",,,Maternity,,"Family, Diagnostics and Community",Nursing & Midwifery Staff,Substantive,-21.07,
,Women's Services,258019,SPECIALIST MIDWIVES,Pay,Nursing,2024-02,,WTE,-20.62,"-£102,443.50",,,Maternity,,"Family, Diagnostics and Community",Nursing & Midwifery Staff,Substantive,-20.62,
,Women's Services,258019,SPECIALIST MIDWIVES,Pay,Nursing,2024-03,,WTE,-20.56,"-£32,947.55",,,Maternity,,"Family, Diagnostics and Community",Nursing & Midwifery Staff,Substantive,-20.56,
,Women's Services,258020,MFAU,Pay,Nursing,2023-11,,WTE,-17.77,"-£70,949.29",,,Maternity,,"Family, Diagnostics and Community",Nursing & Midwifery Staff,Substantive,-17.77,
,Women's Services,258020,MFAU,Pay,Nursing,2023-12,,WTE,-17.98,"-£74,966.41",,,Maternity,,"Family, Diagnostics and Community",Nursing & Midwifery Staff,Substantive,-17.98,
,Women's Services,258020,MFAU,Pay,Nursing,2024-01,,WTE,-15.52,"-£67,225.71",,,Maternity,,"Family, Diagnostics and Community",Nursing & Midwifery Staff,Substantive,-15.52,
,Women's Services,258020,MFAU,Pay,Nursing,2024-02,,WTE,-15.47,"-£61,303.11",,,Maternity,,"Family, Diagnostics and Community",Nursing & Midwifery Staff,Substantive,-15.47,
,Women's Services,258020,MFAU,Pay,Nursing,2024-03,,WTE,-14.49,"-£106,349.25",,,Maternity,,"Family, Diagnostics and Community",Nursing & Midwifery Staff,Substantive,-14.49,
,Women's Services,258022,EAST & HERTS BOOKING TEAM,Pay,Nursing,2023-11,,WTE,-3.75,"-£15,956.44",,,Maternity,,"Family, Diagnostics and Community",Nursing & Midwifery Staff,Substantive,-3.75,
,Women's Services,258022,EAST & HERTS BOOKING TEAM,Pay,Nursing,2023-12,,WTE,-3.67,"-£15,387.90",,,Maternity,,"Family, Diagnostics and Community",Nursing & Midwifery Staff,Substantive,-3.67,
,Women's Services,258022,EAST & HERTS BOOKING TEAM,Pay,Nursing,2024-01,,WTE,-3.67,"-£15,500.26",,,Maternity,,"Family, Diagnostics and Community",Nursing & Midwifery Staff,Substantive,-3.67,
,Women's Services,258022,EAST & HERTS BOOKING TEAM,Pay,Nursing,2024-02,,WTE,-3.67,"-£15,290.22",,,Maternity,,"Family, Diagnostics and Community",Nursing & Midwifery Staff,Substantive,-3.67,
,Women's Services,258022,EAST & HERTS BOOKING TEAM,Pay,Nursing,2024-03,,WTE,-3.67,"-£22,913.17",,,Maternity,,"Family, Diagnostics and Community",Nursing & Midwifery Staff,Substantive,-3.67,
,Women's Services,258024,EPU/GAMBU,Pay,Nursing,2023-11,,WTE,-2.83,"-£12,754.22",,,Gynaecology,,"Family, Diagnostics and Community",Nursing & Midwifery Staff,Bank,-2.83,
,Women's Services,258024,EPU/GAMBU,Pay,Nursing,2023-11,,WTE,-9.30,"-£40,236.77",,,Gynaecology,,"Family, Diagnostics and Community",Nursing & Midwifery Staff,Substantive,-9.30,
,Women's Services,258024,EPU/GAMBU,Pay,Nursing,2023-12,,WTE,-0.05,-£219.15,,,Gynaecology,,"Family, Diagnostics and Community",Nursing & Midwifery Staff,Agency,-0.05,
,Women's Services,258024,EPU/GAMBU,Pay,Nursing,2023-12,,WTE,-3.33,"-£10,549.60",,,Gynaecology,,"Family, Diagnostics and Community",Nursing & Midwifery Staff,Bank,-3.33,
,Women's Services,258024,EPU/GAMBU,Pay,Nursing,2023-12,,WTE,-9.30,"-£40,235.53",,,Gynaecology,,"Family, Diagnostics and Community",Nursing & Midwifery Staff,Substantive,-9.30,
,Women's Services,258024,EPU/GAMBU,Pay,Nursing,2024-01,,WTE,-0.10,-£697.50,,,Gynaecology,,"Family, Diagnostics and Community",Nursing & Midwifery Staff,Agency,-0.10,
,Women's Services,258024,EPU/GAMBU,Pay,Nursing,2024-01,,WTE,-3.61,"-£12,104.93",,,Gynaecology,,"Family, Diagnostics and Community",Nursing & Midwifery Staff,Bank,-3.61,
,Women's Services,258024,EPU/GAMBU,Pay,Nursing,2024-01,,WTE,-9.30,"-£40,235.02",,,Gynaecology,,"Family, Diagnostics and Community",Nursing & Midwifery Staff,Substantive,-9.30,
,Women's Services,258024,EPU/GAMBU,Pay,Nursing,2024-02,,WTE,0.00,-£315.00,,,Gynaecology,,"Family, Diagnostics and Community",Nursing & Midwifery Staff,Agency,0.00,
,Women's Services,258024,EPU/GAMBU,Pay,Nursing,2024-02,,WTE,-3.31,"-£10,926.50",,,Gynaecology,,"Family, Diagnostics and Community",Nursing & Midwifery Staff,Bank,-3.31,
,Women's Services,258024,EPU/GAMBU,Pay,Nursing,2024-02,,WTE,-9.30,"-£40,231.62",,,Gynaecology,,"Family, Diagnostics and Community",Nursing & Midwifery Staff,Substantive,-9.30,
,Women's Services,258024,EPU/GAMBU,Pay,Nursing,2024-03,,WTE,-4.35,"-£15,711.79",,,Gynaecology,,"Family, Diagnostics and Community",Nursing & Midwifery Staff,Bank,-4.35,
,Women's Services,258024,EPU/GAMBU,Pay,Nursing,2024-03,,WTE,-9.30,"-£46,670.49",,,Gynaecology,,"Family, Diagnostics and Community",Nursing & Midwifery Staff,Substantive,-9.30,
,Women's Services,258025,PAH MED STAFFING WOMENS HLTH,Pay,Medical,2023-11,,WTE,-0.53,"-£3,171.83",,,Maternity,,"Family, Diagnostics and Community",Medical Staff,Agency,-0.53,
,Women's Services,258025,PAH MED STAFFING WOMENS HLTH,Pay,Medical,2023-11,,WTE,-0.80,"-£75,995.12",,,Maternity,,"Family, Diagnostics and Community",Medical Staff,Bank,-0.80,
,Women's Services,258025,PAH MED STAFFING WOMENS HLTH,Pay,Medical,2023-11,,WTE,-42.84,"-£372,388.11",,,Maternity,,"Family, Diagnostics and Community",Medical Staff,Substantive,-42.84,
,Women's Services,258025,PAH MED STAFFING WOMENS HLTH,Pay,Medical,2023-12,,WTE,-0.09,"£1,049.72",,,Maternity,,"Family, Diagnostics and Community",Medical Staff,Agency,-0.09,
,Women's Services,258025,PAH MED STAFFING WOMENS HLTH,Pay,Medical,2023-12,,WTE,-2.36,"-£42,407.56",,,Maternity,,"Family, Diagnostics and Community",Medical Staff,Bank,-2.36,
,Women's Services,258025,PAH MED STAFFING WOMENS HLTH,Pay,Medical,2023-12,,WTE,-42.47,"-£439,166.69",,,Maternity,,"Family, Diagnostics and Community",Medical Staff,Substantive,-42.47,
,Women's Services,258025,PAH MED STAFFING WOMENS HLTH,Pay,Medical,2024-01,,WTE,-0.75,"-£12,365.69",,,Maternity,,"Family, Diagnostics and Community",Medical Staff,Agency,-0.75,
,Women's Services,258025,PAH MED STAFFING WOMENS HLTH,Pay,Medical,2024-01,,WTE,-1.94,"-£61,871.35",,,Maternity,,"Family, Diagnostics and Community",Medical Staff,Bank,-1.94,
,Women's Services,258025,PAH MED STAFFING WOMENS HLTH,Pay,Medical,2024-01,,WTE,-45.54,"-£410,133.92",,,Maternity,,"Family, Diagnostics and Community",Medical Staff,Substantive,-45.54,
,Women's Services,258025,PAH MED STAFFING WOMENS HLTH,Pay,Medical,2024-02,,WTE,-1.51,"-£29,591.29",,,Maternity,,"Family, Diagnostics and Community",Medical Staff,Agency,-1.51,
,Women's Services,258025,PAH MED STAFFING WOMENS HLTH,Pay,Medical,2024-02,,WTE,-1.08,"-£34,651.49",,,Maternity,,"Family, Diagnostics and Community",Medical Staff,Bank,-1.08,
,Women's Services,258025,PAH MED STAFFING WOMENS HLTH,Pay,Medical,2024-02,,WTE,-42.58,"-£358,625.71",,,Maternity,,"Family, Diagnostics and Community",Medical Staff,Substantive,-42.58,
,Women's Services,258025,PAH MED STAFFING WOMENS HLTH,Pay,Medical,2024-03,,WTE,-1.69,"-£30,199.40",,,Maternity,,"Family, Diagnostics and Community",Medical Staff,Agency,-1.69,
,Women's Services,258025,PAH MED STAFFING WOMENS HLTH,Pay,Medical,2024-03,,WTE,-1.69,"-£3,263.77",,,Maternity,,"Family, Diagnostics and Community",Medical Staff,Bank,-1.69,
,Women's Services,258025,PAH MED STAFFING WOMENS HLTH,Pay,Medical,2024-03,,WTE,-41.23,"-£412,097.82",,,Maternity,,"Family, Diagnostics and Community",Medical Staff,Substantive,-41.23,
,Women's Services,258026,WOMENS HEALTH ADDTNL SESSIONS,Pay,Medical,2023-11,,WTE,-0.31,"-£21,865.54",,,Maternity,,"Family, Diagnostics and Community",Medical Staff,Substantive,-0.31,
,Women's Services,258026,WOMENS HEALTH ADDTNL SESSIONS,Pay,Medical,2023-12,,WTE,-0.14,"-£8,992.76",,,Maternity,,"Family, Diagnostics and Community",Medical Staff,Substantive,-0.14,
,Women's Services,258026,WOMENS HEALTH ADDTNL SESSIONS,Pay,Medical,2024-01,,WTE,-0.53,"-£23,439.66",,,Maternity,,"Family, Diagnostics and Community",Medical Staff,Substantive,-0.53,
,Women's Services,258026,WOMENS HEALTH ADDTNL SESSIONS,Pay,Medical,2024-02,,WTE,-0.23,"-£11,846.87",,,Maternity,,"Family, Diagnostics and Community",Medical Staff,Substantive,-0.23,
,Women's Services,258026,WOMENS HEALTH ADDTNL SESSIONS,Pay,Medical,2024-03,,WTE,-0.89,"-£31,508.62",,,Maternity,,"Family, Diagnostics and Community",Medical Staff,Substantive,-0.89,
,"Babies, children and young people",258027,NEO-NATAL UNIT,Pay,Admin & Clerical,2023-11,,WTE,-0.03,-£100.80,,,Neonatal,,"Family, Diagnostics and Community",Admin & Clerical Staff,Bank,-0.03,
,"Babies, children and young people",258027,NEO-NATAL UNIT,Pay,Admin & Clerical,2023-11,,WTE,-2.87,"-£7,372.27",,,Neonatal,,"Family, Diagnostics and Community",Admin & Clerical Staff,Substantive,-2.87,
,"Babies, children and young people",258027,NEO-NATAL UNIT,Pay,Admin & Clerical,2023-12,,WTE,-0.22,-£770.69,,,Neonatal,,"Family, Diagnostics and Community",Admin & Clerical Staff,Bank,-0.22,
,"Babies, children and young people",258027,NEO-NATAL UNIT,Pay,Admin & Clerical,2023-12,,WTE,-2.50,"-£6,345.26",,,Neonatal,,"Family, Diagnostics and Community",Admin & Clerical Staff,Substantive,-2.50,
,"Babies, children and young people",258027,NEO-NATAL UNIT,Pay,Admin & Clerical,2024-01,,WTE,-0.09,-£685.67,,,Neonatal,,"Family, Diagnostics and Community",Admin & Clerical Staff,Bank,-0.09,
,"Babies, children and young people",258027,NEO-NATAL UNIT,Pay,Admin & Clerical,2024-01,,WTE,-2.48,"-£6,328.11",,,Neonatal,,"Family, Diagnostics and Community",Admin & Clerical Staff,Substantive,-2.48,
,"Babies, children and young people",258027,NEO-NATAL UNIT,Pay,Admin & Clerical,2024-02,,WTE,-0.11,"-£1,021.78",,,Neonatal,,"Family, Diagnostics and Community",Admin & Clerical Staff,Bank,-0.11,
,"Babies, children and young people",258027,NEO-NATAL UNIT,Pay,Admin & Clerical,2024-02,,WTE,-3.36,"-£8,494.35",,,Neonatal,,"Family, Diagnostics and Community",Admin & Clerical Staff,Substantive,-3.36,
,"Babies, children and young people",258027,NEO-NATAL UNIT,Pay,Admin & Clerical,2024-03,,WTE,-3.50,"-£8,922.95",,,Neonatal,,"Family, Diagnostics and Community",Admin & Clerical Staff,Substantive,-3.50,
,"Babies, children and young people",258027,NEO-NATAL UNIT,Pay,Nursing,2023-11,,WTE,-3.38,"-£26,828.33",,,Neonatal,,"Family, Diagnostics and Community",Nursing & Midwifery Staff,Bank,-3.38,
,"Babies, children and young people",258027,NEO-NATAL UNIT,Pay,Nursing,2023-11,,WTE,-35.37,"-£161,515.13",,,Neonatal,,"Family, Diagnostics and Community",Nursing & Midwifery Staff,Substantive,-35.37,
,"Babies, children and young people",258027,NEO-NATAL UNIT,Pay,Nursing,2023-12,,WTE,-5.25,"-£34,116.70",,,Neonatal,,"Family, Diagnostics and Community",Nursing & Midwifery Staff,Bank,-5.25,
,"Babies, children and young people",258027,NEO-NATAL UNIT,Pay,Nursing,2023-12,,WTE,-35.00,"-£160,879.60",,,Neonatal,,"Family, Diagnostics and Community",Nursing & Midwifery Staff,Substantive,-35.00,
,"Babies, children and young people",258027,NEO-NATAL UNIT,Pay,Nursing,2024-01,,WTE,-4.82,"-£34,306.91",,,Neonatal,,"Family, Diagnostics and Community",Nursing & Midwifery Staff,Bank,-4.82,
,"Babies, children and young people",258027,NEO-NATAL UNIT,Pay,Nursing,2024-01,,WTE,-34.48,"-£175,676.42",,,Neonatal,,"Family, Diagnostics and Community",Nursing & Midwifery Staff,Substantive,-34.48,
,"Babies, children and young people",258027,NEO-NATAL UNIT,Pay,Nursing,2024-02,,WTE,-5.94,"-£39,357.35",,,Neonatal,,"Family, Diagnostics and Community",Nursing & Midwifery Staff,Bank,-5.94,
,"Babies, children and young people",258027,NEO-NATAL UNIT,Pay,Nursing,2024-02,,WTE,-32.88,"-£42,169.30",,,Neonatal,,"Family, Diagnostics and Community",Nursing & Midwifery Staff,Substantive,-32.88,
,"Babies, children and young people",258027,NEO-NATAL UNIT,Pay,Nursing,2024-03,,WTE,-9.15,"-£61,832.26",,,Neonatal,,"Family, Diagnostics and Community",Nursing & Midwifery Staff,Bank,-9.15,
,"Babies, children and young people",258027,NEO-NATAL UNIT,Pay,Nursing,2024-03,,WTE,-32.88,"-£150,671.40",,,Neonatal,,"Family, Diagnostics and Community",Nursing & Midwifery Staff,Substantive,-32.88,
,"Babies, children and young people",258027,NEO-NATAL UNIT,Pay,"Scientific, Therapeutic & Tech",2023-11,,WTE,-0.07,-£587.62,,,Neonatal,,"Family, Diagnostics and Community","Scientific, Therapeutic & Technical Staff",Bank,-0.07,
,"Babies, children and young people",258027,NEO-NATAL UNIT,Pay,"Scientific, Therapeutic & Tech",2023-11,,WTE,-0.73,"-£3,644.49",,,Neonatal,,"Family, Diagnostics and Community","Scientific, Therapeutic & Technical Staff",Substantive,-0.73,
,"Babies, children and young people",258027,NEO-NATAL UNIT,Pay,"Scientific, Therapeutic & Tech",2023-12,,WTE,-0.04,-£566.60,,,Neonatal,,"Family, Diagnostics and Community","Scientific, Therapeutic & Technical Staff",Bank,-0.04,
,"Babies, children and young people",258027,NEO-NATAL UNIT,Pay,"Scientific, Therapeutic & Tech",2023-12,,WTE,-0.80,"-£3,970.30",,,Neonatal,,"Family, Diagnostics and Community","Scientific, Therapeutic & Technical Staff",Substantive,-0.80,
,"Babies, children and young people",258027,NEO-NATAL UNIT,Pay,"Scientific, Therapeutic & Tech",2024-01,,WTE,0.00,-£629.62,,,Neonatal,,"Family, Diagnostics and Community","Scientific, Therapeutic & Technical Staff",Bank,0.00,
,"Babies, children and young people",258027,NEO-NATAL UNIT,Pay,"Scientific, Therapeutic & Tech",2024-01,,WTE,-0.80,"-£3,970.30",,,Neonatal,,"Family, Diagnostics and Community","Scientific, Therapeutic & Technical Staff",Substantive,-0.80,
,"Babies, children and young people",258027,NEO-NATAL UNIT,Pay,"Scientific, Therapeutic & Tech",2024-02,,WTE,-0.02,-£797.48,,,Neonatal,,"Family, Diagnostics and Community","Scientific, Therapeutic & Technical Staff",Bank,-0.02,
,"Babies, children and young people",258027,NEO-NATAL UNIT,Pay,"Scientific, Therapeutic & Tech",2024-02,,WTE,-0.80,"-£3,970.30",,,Neonatal,,"Family, Diagnostics and Community","Scientific, Therapeutic & Technical Staff",Substantive,-0.80,
,"Babies, children and young people",258027,NEO-NATAL UNIT,Pay,"Scientific, Therapeutic & Tech",2024-03,,WTE,-0.80,"-£3,970.30",,,Neonatal,,"Family, Diagnostics and Community","Scientific, Therapeutic & Technical Staff",Substantive,-0.80,
,"Babies, children and young people",258028,DOLPHIN WARD,Pay,Admin & Clerical,2023-11,,WTE,-1.00,"-£2,413.60",,,Paediatrics,,"Family, Diagnostics and Community",Admin & Clerical Staff,Substantive,-1.00,
,"Babies, children and young people",258028,DOLPHIN WARD,Pay,Admin & Clerical,2023-12,,WTE,-1.00,"-£2,413.60",,,Paediatrics,,"Family, Diagnostics and Community",Admin & Clerical Staff,Substantive,-1.00,
,"Babies, children and young people",258028,DOLPHIN WARD,Pay,Admin & Clerical,2024-01,,WTE,-1.00,"-£2,413.60",,,Paediatrics,,"Family, Diagnostics and Community",Admin & Clerical Staff,Substantive,-1.00,
,"Babies, children and young people",258028,DOLPHIN WARD,Pay,Admin & Clerical,2024-02,,WTE,-1.00,"-£2,213.86",,,Paediatrics,,"Family, Diagnostics and Community",Admin & Clerical Staff,Substantive,-1.00,
,"Babies, children and young people",258028,DOLPHIN WARD,Pay,Admin & Clerical,2024-03,,WTE,-1.00,"-£2,213.86",,,Paediatrics,,"Family, Diagnostics and Community",Admin & Clerical Staff,Substantive,-1.00,
,"Babies, children and young people",258028,DOLPHIN WARD,Pay,Nursing,2023-11,,WTE,0.00,£373.50,,,Paediatrics,,"Family, Diagnostics and Community",Nursing & Midwifery Staff,Agency,0.00,
,"Babies, children and young people",258028,DOLPHIN WARD,Pay,Nursing,2023-11,,WTE,-4.19,"-£36,016.23",,,Paediatrics,,"Family, Diagnostics and Community",Nursing & Midwifery Staff,Bank,-4.19,
,"Babies, children and young people",258028,DOLPHIN WARD,Pay,Nursing,2023-11,,WTE,-33.92,"-£150,216.40",,,Paediatrics,,"Family, Diagnostics and Community",Nursing & Midwifery Staff,Substantive,-33.92,
,"Babies, children and young people",258028,DOLPHIN WARD,Pay,Nursing,2023-12,,WTE,0.00,-£8.37,,,Paediatrics,,"Family, Diagnostics and Community",Nursing & Midwifery Staff,Agency,0.00,
,"Babies, children and young people",258028,DOLPHIN WARD,Pay,Nursing,2023-12,,WTE,-6.47,"-£40,976.15",,,Paediatrics,,"Family, Diagnostics and Community",Nursing & Midwifery Staff,Bank,-6.47,
,"Babies, children and young people",258028,DOLPHIN WARD,Pay,Nursing,2023-12,,WTE,-34.56,"-£150,725.53",,,Paediatrics,,"Family, Diagnostics and Community",Nursing & Midwifery Staff,Substantive,-34.56,
,"Babies, children and young people",258028,DOLPHIN WARD,Pay,Nursing,2024-01,,WTE,-0.54,"-£2,718.41",,,Paediatrics,,"Family, Diagnostics and Community",Nursing & Midwifery Staff,Agency,-0.54,
,"Babies, children and young people",258028,DOLPHIN WARD,Pay,Nursing,2024-01,,WTE,-6.93,"-£45,735.30",,,Paediatrics,,"Family, Diagnostics and Community",Nursing & Midwifery Staff,Bank,-6.93,
,"Babies, children and young people",258028,DOLPHIN WARD,Pay,Nursing,2024-01,,WTE,-34.91,"-£156,649.87",,,Paediatrics,,"Family, Diagnostics and Community",Nursing & Midwifery Staff,Substantive,-34.91,
,"Babies, children and young people",258028,DOLPHIN WARD,Pay,Nursing,2024-02,,WTE,-0.42,"-£2,929.14",,,Paediatrics,,"Family, Diagnostics and Community",Nursing & Midwifery Staff,Agency,-0.42,
,"Babies, children and young people",258028,DOLPHIN WARD,Pay,Nursing,2024-02,,WTE,-7.64,"-£55,228.38",,,Paediatrics,,"Family, Diagnostics and Community",Nursing & Midwifery Staff,Bank,-7.64,
,"Babies, children and young people",258028,DOLPHIN WARD,Pay,Nursing,2024-02,,WTE,-28.23,"£127,988.26",,,Paediatrics,,"Family, Diagnostics and Community",Nursing & Midwifery Staff,Substantive,-28.23,
,"Babies, children and young people",258028,DOLPHIN WARD,Pay,Nursing,2024-03,,WTE,-0.35,"-£1,694.75",,,Paediatrics,,"Family, Diagnostics and Community",Nursing & Midwifery Staff,Agency,-0.35,
,"Babies, children and young people",258028,DOLPHIN WARD,Pay,Nursing,2024-03,,WTE,-7.35,"-£48,426.19",,,Paediatrics,,"Family, Diagnostics and Community",Nursing & Midwifery Staff,Bank,-7.35,
,"Babies, children and young people",258028,DOLPHIN WARD,Pay,Nursing,2024-03,,WTE,-27.69,"-£135,150.14",,,Paediatrics,,"Family, Diagnostics and Community",Nursing & Midwifery Staff,Substantive,-27.69,
,"Babies, children and young people",258028,DOLPHIN WARD,Pay,"Scientific, Therapeutic & Tech",2023-11,,WTE,-0.25,"-£1,847.54",,,Paediatrics,,"Family, Diagnostics and Community","Scientific, Therapeutic & Technical Staff",Bank,-0.25,
,"Babies, children and young people",258028,DOLPHIN WARD,Pay,"Scientific, Therapeutic & Tech",2023-12,,WTE,-0.05,-£233.21,,,Paediatrics,,"Family, Diagnostics and Community","Scientific, Therapeutic & Technical Staff",Bank,-0.05,
,"Babies, children and young people",258028,DOLPHIN WARD,Pay,"Scientific, Therapeutic & Tech",2024-02,,WTE,-0.17,"-£1,210.20",,,Paediatrics,,"Family, Diagnostics and Community","Scientific, Therapeutic & Technical Staff",Bank,-0.17,
,"Babies, children and young people",258028,DOLPHIN WARD,Pay,"Scientific, Therapeutic & Tech",2024-03,,WTE,0.00,£0.01,,,Paediatrics,,"Family, Diagnostics and Community","Scientific, Therapeutic & Technical Staff",Bank,0.00,
,"Babies, children and young people",258029,CHILDREN & YOUNG PEOPLE A&E,Pay,Admin & Clerical,2023-11,,WTE,-0.66,"-£2,921.93",,,Paediatrics,,"Family, Diagnostics and Community",Admin & Clerical Staff,Bank,-0.66,
,"Babies, children and young people",258029,CHILDREN & YOUNG PEOPLE A&E,Pay,Admin & Clerical,2023-11,,WTE,-5.92,"-£17,677.32",,,Paediatrics,,"Family, Diagnostics and Community",Admin & Clerical Staff,Substantive,-5.92,
,"Babies, children and young people",258029,CHILDREN & YOUNG PEOPLE A&E,Pay,Admin & Clerical,2023-12,,WTE,-0.32,-£916.53,,,Paediatrics,,"Family, Diagnostics and Community",Admin & Clerical Staff,Bank,-0.32,
,"Babies, children and young people",258029,CHILDREN & YOUNG PEOPLE A&E,Pay,Admin & Clerical,2023-12,,WTE,-6.99,"-£20,138.53",,,Paediatrics,,"Family, Diagnostics and Community",Admin & Clerical Staff,Substantive,-6.99,
,"Babies, children and young people",258029,CHILDREN & YOUNG PEOPLE A&E,Pay,Admin & Clerical,2024-01,,WTE,0.00,£0.04,,,Paediatrics,,"Family, Diagnostics and Community",Admin & Clerical Staff,Bank,0.00,
,"Babies, children and young people",258029,CHILDREN & YOUNG PEOPLE A&E,Pay,Admin & Clerical,2024-01,,WTE,-8.00,"-£24,899.11",,,Paediatrics,,"Family, Diagnostics and Community",Admin & Clerical Staff,Substantive,-8.00,
,"Babies, children and young people",258029,CHILDREN & YOUNG PEOPLE A&E,Pay,Admin & Clerical,2024-02,,WTE,-0.71,"-£3,173.26",,,Paediatrics,,"Family, Diagnostics and Community",Admin & Clerical Staff,Bank,-0.71,
,"Babies, children and young people",258029,CHILDREN & YOUNG PEOPLE A&E,Pay,Admin & Clerical,2024-02,,WTE,-7.10,"-£21,706.61",,,Paediatrics,,"Family, Diagnostics and Community",Admin & Clerical Staff,Substantive,-7.10,
,"Babies, children and young people",258029,CHILDREN & YOUNG PEOPLE A&E,Pay,Admin & Clerical,2024-03,,WTE,-0.98,"-£2,786.52",,,Paediatrics,,"Family, Diagnostics and Community",Admin & Clerical Staff,Bank,-0.98,
,"Babies, children and young people",258029,CHILDREN & YOUNG PEOPLE A&E,Pay,Admin & Clerical,2024-03,,WTE,-7.00,"-£20,898.47",,,Paediatrics,,"Family, Diagnostics and Community",Admin & Clerical Staff,Substantive,-7.00,
,"Babies, children and young people",258029,CHILDREN & YOUNG PEOPLE A&E,Pay,Medical,2023-11,,WTE,0.00,£0.87,,,Paediatrics,,"Family, Diagnostics and Community",Medical Staff,Bank,0.00,
,"Babies, children and young people",258029,CHILDREN & YOUNG PEOPLE A&E,Pay,Medical,2024-03,,WTE,0.00,£35.57,,,Paediatrics,,"Family, Diagnostics and Community",Medical Staff,Bank,0.00,
,"Babies, children and young people",258029,CHILDREN & YOUNG PEOPLE A&E,Pay,Nursing,2023-11,,WTE,-2.94,"-£25,151.53",,,Paediatrics,,"Family, Diagnostics and Community",Nursing & Midwifery Staff,Agency,-2.94,
,"Babies, children and young people",258029,CHILDREN & YOUNG PEOPLE A&E,Pay,Nursing,2023-11,,WTE,-9.88,"-£68,442.33",,,Paediatrics,,"Family, Diagnostics and Community",Nursing & Midwifery Staff,Bank,-9.88,
,"Babies, children and young people",258029,CHILDREN & YOUNG PEOPLE A&E,Pay,Nursing,2023-11,,WTE,-21.03,"-£79,238.52",,,Paediatrics,,"Family, Diagnostics and Community",Nursing & Midwifery Staff,Substantive,-21.03,
,"Babies, children and young people",258029,CHILDREN & YOUNG PEOPLE A&E,Pay,Nursing,2023-12,,WTE,-1.86,"-£11,584.37",,,Paediatrics,,"Family, Diagnostics and Community",Nursing & Midwifery Staff,Agency,-1.86,
,"Babies, children and young people",258029,CHILDREN & YOUNG PEOPLE A&E,Pay,Nursing,2023-12,,WTE,-12.92,"-£72,205.06",,,Paediatrics,,"Family, Diagnostics and Community",Nursing & Midwifery Staff,Bank,-12.92,
,"Babies, children and young people",258029,CHILDREN & YOUNG PEOPLE A&E,Pay,Nursing,2023-12,,WTE,-19.36,"-£76,102.38",,,Paediatrics,,"Family, Diagnostics and Community",Nursing & Midwifery Staff,Substantive,-19.36,
,"Babies, children and young people",258029,CHILDREN & YOUNG PEOPLE A&E,Pay,Nursing,2024-01,,WTE,-4.82,"-£32,446.83",,,Paediatrics,,"Family, Diagnostics and Community",Nursing & Midwifery Staff,Agency,-4.82,
,"Babies, children and young people",258029,CHILDREN & YOUNG PEOPLE A&E,Pay,Nursing,2024-01,,WTE,-12.58,"-£77,006.09",,,Paediatrics,,"Family, Diagnostics and Community",Nursing & Midwifery Staff,Bank,-12.58,
,"Babies, children and young people",258029,CHILDREN & YOUNG PEOPLE A&E,Pay,Nursing,2024-01,,WTE,-19.17,"-£81,051.79",,,Paediatrics,,"Family, Diagnostics and Community",Nursing & Midwifery Staff,Substantive,-19.17,
,"Babies, children and young people",258029,CHILDREN & YOUNG PEOPLE A&E,Pay,Nursing,2024-02,,WTE,-5.14,"-£36,370.35",,,Paediatrics,,"Family, Diagnostics and Community",Nursing & Midwifery Staff,Agency,-5.14,
,"Babies, children and young people",258029,CHILDREN & YOUNG PEOPLE A&E,Pay,Nursing,2024-02,,WTE,-12.32,"-£73,617.15",,,Paediatrics,,"Family, Diagnostics and Community",Nursing & Midwifery Staff,Bank,-12.32,
,"Babies, children and young people",258029,CHILDREN & YOUNG PEOPLE A&E,Pay,Nursing,2024-02,,WTE,-21.53,"-£84,819.37",,,Paediatrics,,"Family, Diagnostics and Community",Nursing & Midwifery Staff,Substantive,-21.53,
,"Babies, children and young people",258029,CHILDREN & YOUNG PEOPLE A&E,Pay,Nursing,2024-03,,WTE,-4.67,"-£32,762.52",,,Paediatrics,,"Family, Diagnostics and Community",Nursing & Midwifery Staff,Agency,-4.67,
,"Babies, children and young people",258029,CHILDREN & YOUNG PEOPLE A&E,Pay,Nursing,2024-03,,WTE,-13.98,"-£83,848.62",,,Paediatrics,,"Family, Diagnostics and Community",Nursing & Midwifery Staff,Bank,-13.98,
,"Babies, children and young people",258029,CHILDREN & YOUNG PEOPLE A&E,Pay,Nursing,2024-03,,WTE,-20.93,"-£108,657.91",,,Paediatrics,,"Family, Diagnostics and Community",Nursing & Midwifery Staff,Substantive,-20.93,
,"Babies, children and young people",258030,COMMUNITY NEO-NATAL TEAM,Pay,Admin & Clerical,2023-11,,WTE,0.00,£264.19,,,Neonatal,,"Family, Diagnostics and Community",Admin & Clerical Staff,Substantive,0.00,
,"Babies, children and young people",258030,COMMUNITY NEO-NATAL TEAM,Pay,Nursing,2023-11,,WTE,-2.31,"-£11,322.93",,,Neonatal,,"Family, Diagnostics and Community",Nursing & Midwifery Staff,Substantive,-2.31,
,"Babies, children and young people",258030,COMMUNITY NEO-NATAL TEAM,Pay,Nursing,2023-12,,WTE,-2.31,"-£10,989.00",,,Neonatal,,"Family, Diagnostics and Community",Nursing & Midwifery Staff,Substantive,-2.31,
,"Babies, children and young people",258030,COMMUNITY NEO-NATAL TEAM,Pay,Nursing,2024-01,,WTE,-2.31,"-£11,452.86",,,Neonatal,,"Family, Diagnostics and Community",Nursing & Midwifery Staff,Substantive,-2.31,
,"Babies, children and young people",258030,COMMUNITY NEO-NATAL TEAM,Pay,Nursing,2024-02,,WTE,-2.31,"-£11,254.57",,,Neonatal,,"Family, Diagnostics and Community",Nursing & Midwifery Staff,Substantive,-2.31,
,"Babies, children and young people",258030,COMMUNITY NEO-NATAL TEAM,Pay,Nursing,2024-03,,WTE,-2.31,"-£11,088.27",,,Neonatal,,"Family, Diagnostics and Community",Nursing & Midwifery Staff,Substantive,-2.31,
,"Babies, children and young people",258031,PAEDIATRIC OUTPATIENTS,Pay,Nursing,2023-11,,WTE,-0.29,"-£2,670.13",,,Paediatrics,,"Family, Diagnostics and Community",Nursing & Midwifery Staff,Bank,-0.29,
,"Babies, children and young people",258031,PAEDIATRIC OUTPATIENTS,Pay,Nursing,2023-11,,WTE,-2.00,"-£8,668.17",,,Paediatrics,,"Family, Diagnostics and Community",Nursing & Midwifery Staff,Substantive,-2.00,
,"Babies, children and young people",258031,PAEDIATRIC OUTPATIENTS,Pay,Nursing,2023-12,,WTE,-0.16,"-£1,178.23",,,Paediatrics,,"Family, Diagnostics and Community",Nursing & Midwifery Staff,Bank,-0.16,
,"Babies, children and young people",258031,PAEDIATRIC OUTPATIENTS,Pay,Nursing,2023-12,,WTE,-2.00,"-£8,634.17",,,Paediatrics,,"Family, Diagnostics and Community",Nursing & Midwifery Staff,Substantive,-2.00,
,"Babies, children and young people",258031,PAEDIATRIC OUTPATIENTS,Pay,Nursing,2024-01,,WTE,-0.12,-£628.39,,,Paediatrics,,"Family, Diagnostics and Community",Nursing & Midwifery Staff,Bank,-0.12,
,"Babies, children and young people",258031,PAEDIATRIC OUTPATIENTS,Pay,Nursing,2024-01,,WTE,-2.00,"-£8,634.17",,,Paediatrics,,"Family, Diagnostics and Community",Nursing & Midwifery Staff,Substantive,-2.00,
,"Babies, children and young people",258031,PAEDIATRIC OUTPATIENTS,Pay,Nursing,2024-02,,WTE,-0.43,"-£1,513.28",,,Paediatrics,,"Family, Diagnostics and Community",Nursing & Midwifery Staff,Bank,-0.43,
,"Babies, children and young people",258031,PAEDIATRIC OUTPATIENTS,Pay,Nursing,2024-02,,WTE,-2.72,"£45,940.49",,,Paediatrics,,"Family, Diagnostics and Community",Nursing & Midwifery Staff,Substantive,-2.72,
,"Babies, children and young people",258031,PAEDIATRIC OUTPATIENTS,Pay,Nursing,2024-03,,WTE,-0.32,"-£1,709.61",,,Paediatrics,,"Family, Diagnostics and Community",Nursing & Midwifery Staff,Bank,-0.32,
,"Babies, children and young people",258031,PAEDIATRIC OUTPATIENTS,Pay,Nursing,2024-03,,WTE,-3.00,"-£9,244.35",,,Paediatrics,,"Family, Diagnostics and Community",Nursing & Midwifery Staff,Substantive,-3.00,
,"Babies, children and young people",258032,PAEDIATRIC DIABETES,Pay,Nursing,2023-11,,WTE,-1.59,"-£10,455.21",,,Paediatrics,,"Family, Diagnostics and Community",Nursing & Midwifery Staff,Substantive,-1.59,
,"Babies, children and young people",258032,PAEDIATRIC DIABETES,Pay,Nursing,2023-12,,WTE,-2.04,"-£12,186.16",,,Paediatrics,,"Family, Diagnostics and Community",Nursing & Midwifery Staff,Substantive,-2.04,
,"Babies, children and young people",258032,PAEDIATRIC DIABETES,Pay,Nursing,2024-01,,WTE,-2.58,"-£14,444.92",,,Paediatrics,,"Family, Diagnostics and Community",Nursing & Midwifery Staff,Substantive,-2.58,
,"Babies, children and young people",258032,PAEDIATRIC DIABETES,Pay,Nursing,2024-02,,WTE,-2.73,"-£14,441.10",,,Paediatrics,,"Family, Diagnostics and Community",Nursing & Midwifery Staff,Substantive,-2.73,
,"Babies, children and young people",258032,PAEDIATRIC DIABETES,Pay,Nursing,2024-03,,WTE,-2.59,"-£13,982.86",,,Paediatrics,,"Family, Diagnostics and Community",Nursing & Midwifery Staff,Substantive,-2.59,
,"Babies, children and young people",258032,PAEDIATRIC DIABETES,Pay,"Scientific, Therapeutic & Tech",2023-11,,WTE,-1.00,"-£4,879.52",,,Paediatrics,,"Family, Diagnostics and Community","Scientific, Therapeutic & Technical Staff",Substantive,-1.00,
,"Babies, children and young people",258032,PAEDIATRIC DIABETES,Pay,"Scientific, Therapeutic & Tech",2023-12,,WTE,-1.00,"-£4,873.20",,,Paediatrics,,"Family, Diagnostics and Community","Scientific, Therapeutic & Technical Staff",Substantive,-1.00,
,"Babies, children and young people",258032,PAEDIATRIC DIABETES,Pay,"Scientific, Therapeutic & Tech",2024-01,,WTE,-1.00,"-£4,873.20",,,Paediatrics,,"Family, Diagnostics and Community","Scientific, Therapeutic & Technical Staff",Substantive,-1.00,
,"Babies, children and young people",258032,PAEDIATRIC DIABETES,Pay,"Scientific, Therapeutic & Tech",2024-02,,WTE,-1.00,"-£4,873.20",,,Paediatrics,,"Family, Diagnostics and Community","Scientific, Therapeutic & Technical Staff",Substantive,-1.00,
,"Babies, children and young people",258032,PAEDIATRIC DIABETES,Pay,"Scientific, Therapeutic & Tech",2024-03,,WTE,-1.00,"-£5,456.43",,,Paediatrics,,"Family, Diagnostics and Community","Scientific, Therapeutic & Technical Staff",Substantive,-1.00,
,"Babies, children and young people",258033,CHILD HEALTH ADMIN,Pay,Admin & Clerical,2023-11,,WTE,-2.36,"-£6,418.78",,,Paediatrics,,"Family, Diagnostics and Community",Admin & Clerical Staff,Substantive,-2.36,
,"Babies, children and young people",258033,CHILD HEALTH ADMIN,Pay,Admin & Clerical,2023-12,,WTE,-1.56,"-£4,101.66",,,Paediatrics,,"Family, Diagnostics and Community",Admin & Clerical Staff,Substantive,-1.56,
,"Babies, children and young people",258033,CHILD HEALTH ADMIN,Pay,Admin & Clerical,2024-01,,WTE,-1.56,"-£4,047.33",,,Paediatrics,,"Family, Diagnostics and Community",Admin & Clerical Staff,Substantive,-1.56,
,"Babies, children and young people",258033,CHILD HEALTH ADMIN,Pay,Admin & Clerical,2024-02,,WTE,-2.56,"-£7,942.22",,,Paediatrics,,"Family, Diagnostics and Community",Admin & Clerical Staff,Substantive,-2.56,
,"Babies, children and young people",258033,CHILD HEALTH ADMIN,Pay,Admin & Clerical,2024-03,,WTE,-2.56,"-£7,864.10",,,Paediatrics,,"Family, Diagnostics and Community",Admin & Clerical Staff,Substantive,-2.56,
,"Babies, children and young people",258034,MRC NEWBORN HEARING,Pay,Nursing,2023-11,,WTE,-3.40,"-£9,527.66",,,Neonatal,,"Family, Diagnostics and Community",Nursing & Midwifery Staff,Substantive,-3.40,
,"Babies, children and young people",258034,MRC NEWBORN HEARING,Pay,Nursing,2023-12,,WTE,-0.05,-£130.14,,,Neonatal,,"Family, Diagnostics and Community",Nursing & Midwifery Staff,Bank,-0.05,
,"Babies, children and young people",258034,MRC NEWBORN HEARING,Pay,Nursing,2023-12,,WTE,-3.40,"-£9,382.30",,,Neonatal,,"Family, Diagnostics and Community",Nursing & Midwifery Staff,Substantive,-3.40,
,"Babies, children and young people",258034,MRC NEWBORN HEARING,Pay,Nursing,2024-01,,WTE,-0.05,-£212.37,,,Neonatal,,"Family, Diagnostics and Community",Nursing & Midwifery Staff,Bank,-0.05,
,"Babies, children and young people",258034,MRC NEWBORN HEARING,Pay,Nursing,2024-01,,WTE,-3.40,"-£9,653.55",,,Neonatal,,"Family, Diagnostics and Community",Nursing & Midwifery Staff,Substantive,-3.40,
,"Babies, children and young people",258034,MRC NEWBORN HEARING,Pay,Nursing,2024-02,,WTE,-2.80,"-£7,799.00",,,Neonatal,,"Family, Diagnostics and Community",Nursing & Midwifery Staff,Substantive,-2.80,
,"Babies, children and young people",258034,MRC NEWBORN HEARING,Pay,Nursing,2024-03,,WTE,-0.25,-£650.58,,,Neonatal,,"Family, Diagnostics and Community",Nursing & Midwifery Staff,Bank,-0.25,
,"Babies, children and young people",258034,MRC NEWBORN HEARING,Pay,Nursing,2024-03,,WTE,-2.80,"-£7,781.42",,,Neonatal,,"Family, Diagnostics and Community",Nursing & Midwifery Staff,Substantive,-2.80,
,"Babies, children and young people",258034,MRC NEWBORN HEARING,Pay,Snr Managers,2023-11,,WTE,-0.50,"-£2,338.98",,,Neonatal,,"Family, Diagnostics and Community",Senior Managers,Substantive,-0.50,
,"Babies, children and young people",258034,MRC NEWBORN HEARING,Pay,Snr Managers,2023-12,,WTE,-0.50,"-£2,292.18",,,Neonatal,,"Family, Diagnostics and Community",Senior Managers,Substantive,-0.50,
,"Babies, children and young people",258034,MRC NEWBORN HEARING,Pay,Snr Managers,2024-01,,WTE,-0.50,"-£1,745.22",,,Neonatal,,"Family, Diagnostics and Community",Senior Managers,Substantive,-0.50,
,"Babies, children and young people",258034,MRC NEWBORN HEARING,Pay,Snr Managers,2024-02,,WTE,-0.50,"-£2,932.98",,,Neonatal,,"Family, Diagnostics and Community",Senior Managers,Substantive,-0.50,
,"Babies, children and young people",258034,MRC NEWBORN HEARING,Pay,Snr Managers,2024-03,,WTE,-0.50,"-£1,989.32",,,Neonatal,,"Family, Diagnostics and Community",Senior Managers,Substantive,-0.50,
,"Babies, children and young people",258035,CHILD DTH SPLST NRSNG R R,Pay,Admin & Clerical,2023-11,,WTE,-1.88,"-£7,044.39",,,Paediatrics,,"Family, Diagnostics and Community",Admin & Clerical Staff,Substantive,-1.88,
,"Babies, children and young people",258035,CHILD DTH SPLST NRSNG R R,Pay,Admin & Clerical,2023-12,,WTE,-1.88,"-£7,039.88",,,Paediatrics,,"Family, Diagnostics and Community",Admin & Clerical Staff,Substantive,-1.88,
,"Babies, children and young people",258035,CHILD DTH SPLST NRSNG R R,Pay,Admin & Clerical,2024-01,,WTE,-1.88,"-£7,039.88",,,Paediatrics,,"Family, Diagnostics and Community",Admin & Clerical Staff,Substantive,-1.88,
,"Babies, children and young people",258035,CHILD DTH SPLST NRSNG R R,Pay,Admin & Clerical,2024-02,,WTE,-1.88,"-£7,039.88",,,Paediatrics,,"Family, Diagnostics and Community",Admin & Clerical Staff,Substantive,-1.88,
,"Babies, children and young people",258035,CHILD DTH SPLST NRSNG R R,Pay,Admin & Clerical,2024-03,,WTE,-1.88,"-£7,039.88",,,Paediatrics,,"Family, Diagnostics and Community",Admin & Clerical Staff,Substantive,-1.88,
,"Babies, children and young people",258035,CHILD DTH SPLST NRSNG R R,Pay,Nursing,2023-11,,WTE,-3.35,"-£18,349.01",,,Paediatrics,,"Family, Diagnostics and Community",Nursing & Midwifery Staff,Substantive,-3.35,
,"Babies, children and young people",258035,CHILD DTH SPLST NRSNG R R,Pay,Nursing,2023-12,,WTE,0.00,£0.46,,,Paediatrics,,"Family, Diagnostics and Community",Nursing & Midwifery Staff,Bank,0.00,
,"Babies, children and young people",258035,CHILD DTH SPLST NRSNG R R,Pay,Nursing,2023-12,,WTE,-3.35,"-£17,999.93",,,Paediatrics,,"Family, Diagnostics and Community",Nursing & Midwifery Staff,Substantive,-3.35,
,"Babies, children and young people",258035,CHILD DTH SPLST NRSNG R R,Pay,Nursing,2024-01,,WTE,-3.35,"-£18,440.16",,,Paediatrics,,"Family, Diagnostics and Community",Nursing & Midwifery Staff,Substantive,-3.35,
,"Babies, children and young people",258035,CHILD DTH SPLST NRSNG R R,Pay,Nursing,2024-02,,WTE,-3.35,"-£18,765.58",,,Paediatrics,,"Family, Diagnostics and Community",Nursing & Midwifery Staff,Substantive,-3.35,
,"Babies, children and young people",258035,CHILD DTH SPLST NRSNG R R,Pay,Nursing,2024-03,,WTE,0.00,-£6.27,,,Paediatrics,,"Family, Diagnostics and Community",Nursing & Midwifery Staff,Bank,0.00,
,"Babies, children and young people",258035,CHILD DTH SPLST NRSNG R R,Pay,Nursing,2024-03,,WTE,-3.35,"-£19,021.76",,,Paediatrics,,"Family, Diagnostics and Community",Nursing & Midwifery Staff,Substantive,-3.35,
,"Babies, children and young people",258036,CHILD HEALTH MEDICAL,Pay,Medical,2023-11,,WTE,-3.55,"-£64,820.68",,,Paediatrics,,"Family, Diagnostics and Community",Medical Staff,Agency,-3.55,
,"Babies, children and young people",258036,CHILD HEALTH MEDICAL,Pay,Medical,2023-11,,WTE,-0.41,"-£28,408.14",,,Paediatrics,,"Family, Diagnostics and Community",Medical Staff,Bank,-0.41,
,"Babies, children and young people",258036,CHILD HEALTH MEDICAL,Pay,Medical,2023-11,,WTE,-43.59,"-£372,274.08",,,Paediatrics,,"Family, Diagnostics and Community",Medical Staff,Substantive,-43.59,
,"Babies, children and young people",258036,CHILD HEALTH MEDICAL,Pay,Medical,2023-12,,WTE,-3.21,"-£43,848.43",,,Paediatrics,,"Family, Diagnostics and Community",Medical Staff,Agency,-3.21,
,"Babies, children and young people",258036,CHILD HEALTH MEDICAL,Pay,Medical,2023-12,,WTE,-1.61,"-£31,285.23",,,Paediatrics,,"Family, Diagnostics and Community",Medical Staff,Bank,-1.61,
,"Babies, children and young people",258036,CHILD HEALTH MEDICAL,Pay,Medical,2023-12,,WTE,-42.30,"-£389,721.37",,,Paediatrics,,"Family, Diagnostics and Community",Medical Staff,Substantive,-42.30,
,"Babies, children and young people",258036,CHILD HEALTH MEDICAL,Pay,Medical,2024-01,,WTE,-2.47,"-£32,290.83",,,Paediatrics,,"Family, Diagnostics and Community",Medical Staff,Agency,-2.47,
,"Babies, children and young people",258036,CHILD HEALTH MEDICAL,Pay,Medical,2024-01,,WTE,-1.53,"-£38,980.10",,,Paediatrics,,"Family, Diagnostics and Community",Medical Staff,Bank,-1.53,
,"Babies, children and young people",258036,CHILD HEALTH MEDICAL,Pay,Medical,2024-01,,WTE,-44.48,"-£405,606.26",,,Paediatrics,,"Family, Diagnostics and Community",Medical Staff,Substantive,-44.48,
,"Babies, children and young people",258036,CHILD HEALTH MEDICAL,Pay,Medical,2024-02,,WTE,-2.64,"-£47,635.75",,,Paediatrics,,"Family, Diagnostics and Community",Medical Staff,Agency,-2.64,
,"Babies, children and young people",258036,CHILD HEALTH MEDICAL,Pay,Medical,2024-02,,WTE,-1.28,"-£21,954.61",,,Paediatrics,,"Family, Diagnostics and Community",Medical Staff,Bank,-1.28,
,"Babies, children and young people",258036,CHILD HEALTH MEDICAL,Pay,Medical,2024-02,,WTE,-40.96,"-£347,210.22",,,Paediatrics,,"Family, Diagnostics and Community",Medical Staff,Substantive,-40.96,
,"Babies, children and young people",258036,CHILD HEALTH MEDICAL,Pay,Medical,2024-03,,WTE,-3.69,"-£53,510.35",,,Paediatrics,,"Family, Diagnostics and Community",Medical Staff,Agency,-3.69,
,"Babies, children and young people",258036,CHILD HEALTH MEDICAL,Pay,Medical,2024-03,,WTE,-0.78,"£2,406.00",,,Paediatrics,,"Family, Diagnostics and Community",Medical Staff,Bank,-0.78,
,"Babies, children and young people",258036,CHILD HEALTH MEDICAL,Pay,Medical,2024-03,,WTE,-37.84,"-£467,564.49",,,Paediatrics,,"Family, Diagnostics and Community",Medical Staff,Substantive,-37.84,
,"Babies, children and young people",258036,CHILD HEALTH MEDICAL,Pay,Nursing,2023-11,,WTE,0.00,-£154.33,,,Paediatrics,,"Family, Diagnostics and Community",Nursing & Midwifery Staff,Bank,0.00,
,"Babies, children and young people",258036,CHILD HEALTH MEDICAL,Pay,Nursing,2023-12,,WTE,0.00,£1.29,,,Paediatrics,,"Family, Diagnostics and Community",Nursing & Midwifery Staff,Bank,0.00,
,"Babies, children and young people",258037,CHILD HEALTH ADDTNL SESSIONS,Pay,Medical,2023-11,,WTE,0.00,"-£1,127.58",,,Paediatrics,,"Family, Diagnostics and Community",Medical Staff,Substantive,0.00,
,"Babies, children and young people",258037,CHILD HEALTH ADDTNL SESSIONS,Pay,Medical,2023-12,,WTE,0.00,-£569.00,,,Paediatrics,,"Family, Diagnostics and Community",Medical Staff,Substantive,0.00,
,"Babies, children and young people",258037,CHILD HEALTH ADDTNL SESSIONS,Pay,Medical,2024-01,,WTE,-0.12,"-£2,842.79",,,Paediatrics,,"Family, Diagnostics and Community",Medical Staff,Substantive,-0.12,
,"Babies, children and young people",258037,CHILD HEALTH ADDTNL SESSIONS,Pay,Medical,2024-02,,WTE,-0.03,"-£2,256.20",,,Paediatrics,,"Family, Diagnostics and Community",Medical Staff,Substantive,-0.03,
,"Babies, children and young people",258037,CHILD HEALTH ADDTNL SESSIONS,Pay,Medical,2024-03,,WTE,-0.27,"-£6,960.94",,,Paediatrics,,"Family, Diagnostics and Community",Medical Staff,Substantive,-0.27,
,"Babies, children and young people",258042,Paediatric CNS,Pay,Nursing,2024-02,,WTE,-10.39,"-£549,633.61",,,Paediatrics,,"Family, Diagnostics and Community",Nursing & Midwifery Staff,Substantive,-10.39,
,"Babies, children and young people",258042,Paediatric CNS,Pay,Nursing,2024-03,,WTE,-10.39,"-£53,671.16",,,Paediatrics,,"Family, Diagnostics and Community",Nursing & Midwifery Staff,Substantive,-10.39,
,Community Services,258403,MEDICAL STAFF NEUROLOGY,Pay,Medical,2023-11,,WTE,-2.06,"-£59,478.33",,,Neurology,,"Family, Diagnostics and Community",Medical Staff,Agency,-2.06,
,Community Services,258403,MEDICAL STAFF NEUROLOGY,Pay,Medical,2023-11,,WTE,0.00,"-£4,730.69",,,Neurology,,"Family, Diagnostics and Community",Medical Staff,Bank,0.00,
,Community Services,258403,MEDICAL STAFF NEUROLOGY,Pay,Medical,2023-11,,WTE,-1.79,"-£35,709.49",,,Neurology,,"Family, Diagnostics and Community",Medical Staff,Substantive,-1.79,
,Community Services,258403,MEDICAL STAFF NEUROLOGY,Pay,Medical,2023-12,,WTE,-1.98,"-£54,098.78",,,Neurology,,"Family, Diagnostics and Community",Medical Staff,Agency,-1.98,
,Community Services,258403,MEDICAL STAFF NEUROLOGY,Pay,Medical,2023-12,,WTE,-0.15,"-£6,199.11",,,Neurology,,"Family, Diagnostics and Community",Medical Staff,Bank,-0.15,
,Community Services,258403,MEDICAL STAFF NEUROLOGY,Pay,Medical,2023-12,,WTE,-1.89,"£6,977.06",,,Neurology,,"Family, Diagnostics and Community",Medical Staff,Substantive,-1.89,
,Community Services,258403,MEDICAL STAFF NEUROLOGY,Pay,Medical,2024-01,,WTE,-1.23,"-£4,426.48",,,Neurology,,"Family, Diagnostics and Community",Medical Staff,Agency,-1.23,
,Community Services,258403,MEDICAL STAFF NEUROLOGY,Pay,Medical,2024-01,,WTE,-1.88,"-£13,975.94",,,Neurology,,"Family, Diagnostics and Community",Medical Staff,Substantive,-1.88,
,Community Services,258403,MEDICAL STAFF NEUROLOGY,Pay,Medical,2024-02,,WTE,-1.97,"-£55,359.67",,,Neurology,,"Family, Diagnostics and Community",Medical Staff,Agency,-1.97,
,Community Services,258403,MEDICAL STAFF NEUROLOGY,Pay,Medical,2024-02,,WTE,-0.06,"-£10,738.13",,,Neurology,,"Family, Diagnostics and Community",Medical Staff,Bank,-0.06,
,Community Services,258403,MEDICAL STAFF NEUROLOGY,Pay,Medical,2024-02,,WTE,-1.59,"-£18,923.89",,,Neurology,,"Family, Diagnostics and Community",Medical Staff,Substantive,-1.59,
,Community Services,258403,MEDICAL STAFF NEUROLOGY,Pay,Medical,2024-03,,WTE,-1.96,"-£53,866.71",,,Neurology,,"Family, Diagnostics and Community",Medical Staff,Agency,-1.96,
,Community Services,258403,MEDICAL STAFF NEUROLOGY,Pay,Medical,2024-03,,WTE,-0.12,£673.23,,,Neurology,,"Family, Diagnostics and Community",Medical Staff,Bank,-0.12,
,Community Services,258403,MEDICAL STAFF NEUROLOGY,Pay,Medical,2024-03,,WTE,-1.01,"-£28,513.89",,,Neurology,,"Family, Diagnostics and Community",Medical Staff,Substantive,-1.01,
,Community Services,258403,MEDICAL STAFF NEUROLOGY,Pay,Nursing,2023-11,,WTE,-1.00,"-£5,023.34",,,Neurology,,"Family, Diagnostics and Community",Nursing & Midwifery Staff,Substantive,-1.00,
,Community Services,258403,MEDICAL STAFF NEUROLOGY,Pay,Nursing,2023-12,,WTE,-1.00,"-£5,023.34",,,Neurology,,"Family, Diagnostics and Community",Nursing & Midwifery Staff,Substantive,-1.00,
,Community Services,258403,MEDICAL STAFF NEUROLOGY,Pay,Nursing,2024-01,,WTE,-1.00,"-£5,023.34",,,Neurology,,"Family, Diagnostics and Community",Nursing & Midwifery Staff,Substantive,-1.00,
,Community Services,258403,MEDICAL STAFF NEUROLOGY,Pay,Nursing,2024-02,,WTE,-1.00,"-£5,023.34",,,Neurology,,"Family, Diagnostics and Community",Nursing & Midwifery Staff,Substantive,-1.00,
,Community Services,258403,MEDICAL STAFF NEUROLOGY,Pay,Nursing,2024-03,,WTE,-1.00,"-£5,023.34",,,Neurology,,"Family, Diagnostics and Community",Nursing & Midwifery Staff,Substantive,-1.00,
,Community Services,258404,MEDICAL STAFF DERMATOLOGY,Pay,Admin & Clerical,2023-11,,WTE,-0.22,"-£1,072.59",,,Dermatology,,"Family, Diagnostics and Community",Admin & Clerical Staff,Bank,-0.22,
,Community Services,258404,MEDICAL STAFF DERMATOLOGY,Pay,Admin & Clerical,2023-11,,WTE,-2.75,"-£7,800.78",,,Dermatology,,"Family, Diagnostics and Community",Admin & Clerical Staff,Substantive,-2.75,
,Community Services,258404,MEDICAL STAFF DERMATOLOGY,Pay,Admin & Clerical,2023-12,,WTE,-0.16,-£747.40,,,Dermatology,,"Family, Diagnostics and Community",Admin & Clerical Staff,Bank,-0.16,
,Community Services,258404,MEDICAL STAFF DERMATOLOGY,Pay,Admin & Clerical,2023-12,,WTE,-3.00,"-£10,687.11",,,Dermatology,,"Family, Diagnostics and Community",Admin & Clerical Staff,Substantive,-3.00,
,Community Services,258404,MEDICAL STAFF DERMATOLOGY,Pay,Admin & Clerical,2024-01,,WTE,-0.20,"-£1,114.32",,,Dermatology,,"Family, Diagnostics and Community",Admin & Clerical Staff,Bank,-0.20,
,Community Services,258404,MEDICAL STAFF DERMATOLOGY,Pay,Admin & Clerical,2024-01,,WTE,-2.89,"-£9,966.11",,,Dermatology,,"Family, Diagnostics and Community",Admin & Clerical Staff,Substantive,-2.89,
,Community Services,258404,MEDICAL STAFF DERMATOLOGY,Pay,Admin & Clerical,2024-02,,WTE,-0.15,-£594.21,,,Dermatology,,"Family, Diagnostics and Community",Admin & Clerical Staff,Bank,-0.15,
,Community Services,258404,MEDICAL STAFF DERMATOLOGY,Pay,Admin & Clerical,2024-02,,WTE,-1.97,"-£7,669.60",,,Dermatology,,"Family, Diagnostics and Community",Admin & Clerical Staff,Substantive,-1.97,
,Community Services,258404,MEDICAL STAFF DERMATOLOGY,Pay,Admin & Clerical,2024-03,,WTE,-0.17,-£724.72,,,Dermatology,,"Family, Diagnostics and Community",Admin & Clerical Staff,Bank,-0.17,
,Community Services,258404,MEDICAL STAFF DERMATOLOGY,Pay,Admin & Clerical,2024-03,,WTE,-2.00,"-£7,874.93",,,Dermatology,,"Family, Diagnostics and Community",Admin & Clerical Staff,Substantive,-2.00,
,Community Services,258404,MEDICAL STAFF DERMATOLOGY,Pay,Medical,2023-11,,WTE,0.00,"£4,124.82",,,Dermatology,,"Family, Diagnostics and Community",Medical Staff,Bank,0.00,
,Community Services,258404,MEDICAL STAFF DERMATOLOGY,Pay,Medical,2023-11,,WTE,-7.12,"-£72,180.86",,,Dermatology,,"Family, Diagnostics and Community",Medical Staff,Substantive,-7.12,
,Community Services,258404,MEDICAL STAFF DERMATOLOGY,Pay,Medical,2023-12,,WTE,-0.03,£646.64,,,Dermatology,,"Family, Diagnostics and Community",Medical Staff,Bank,-0.03,
,Community Services,258404,MEDICAL STAFF DERMATOLOGY,Pay,Medical,2023-12,,WTE,-4.29,"-£74,085.91",,,Dermatology,,"Family, Diagnostics and Community",Medical Staff,Substantive,-4.29,
,Community Services,258404,MEDICAL STAFF DERMATOLOGY,Pay,Medical,2024-01,,WTE,0.00,"-£7,116.42",,,Dermatology,,"Family, Diagnostics and Community",Medical Staff,Agency,0.00,
,Community Services,258404,MEDICAL STAFF DERMATOLOGY,Pay,Medical,2024-01,,WTE,0.00,-£542.64,,,Dermatology,,"Family, Diagnostics and Community",Medical Staff,Bank,0.00,
,Community Services,258404,MEDICAL STAFF DERMATOLOGY,Pay,Medical,2024-01,,WTE,-7.29,"-£73,794.35",,,Dermatology,,"Family, Diagnostics and Community",Medical Staff,Substantive,-7.29,
,Community Services,258404,MEDICAL STAFF DERMATOLOGY,Pay,Medical,2024-02,,WTE,0.00,"-£6,200.73",,,Dermatology,,"Family, Diagnostics and Community",Medical Staff,Bank,0.00,
,Community Services,258404,MEDICAL STAFF DERMATOLOGY,Pay,Medical,2024-02,,WTE,-8.08,"-£74,182.43",,,Dermatology,,"Family, Diagnostics and Community",Medical Staff,Substantive,-8.08,
,Community Services,258404,MEDICAL STAFF DERMATOLOGY,Pay,Medical,2024-03,,WTE,0.00,"£1,529.71",,,Dermatology,,"Family, Diagnostics and Community",Medical Staff,Bank,0.00,
,Community Services,258404,MEDICAL STAFF DERMATOLOGY,Pay,Medical,2024-03,,WTE,-7.54,"-£80,598.32",,,Dermatology,,"Family, Diagnostics and Community",Medical Staff,Substantive,-7.54,
,Community Services,258404,MEDICAL STAFF DERMATOLOGY,Pay,Nursing,2024-01,,WTE,-1.00,"-£4,790.20",,,Dermatology,,"Family, Diagnostics and Community",Nursing & Midwifery Staff,Substantive,-1.00,
,Community Services,258404,MEDICAL STAFF DERMATOLOGY,Pay,Nursing,2024-02,,WTE,0.00,-£43.53,,,Dermatology,,"Family, Diagnostics and Community",Nursing & Midwifery Staff,Substantive,0.00,
,Community Services,258405,DERMATOLOGY NURSING,Pay,Nursing,2023-11,,WTE,-2.83,"-£15,365.96",,,Dermatology,,"Family, Diagnostics and Community",Nursing & Midwifery Staff,Substantive,-2.83,
,Community Services,258405,DERMATOLOGY NURSING,Pay,Nursing,2023-12,,WTE,-2.83,"-£15,365.21",,,Dermatology,,"Family, Diagnostics and Community",Nursing & Midwifery Staff,Substantive,-2.83,
,Community Services,258405,DERMATOLOGY NURSING,Pay,Nursing,2024-01,,WTE,-2.83,"-£15,366.21",,,Dermatology,,"Family, Diagnostics and Community",Nursing & Midwifery Staff,Substantive,-2.83,
,Community Services,258405,DERMATOLOGY NURSING,Pay,Nursing,2024-02,,WTE,-3.83,"-£20,294.96",,,Dermatology,,"Family, Diagnostics and Community",Nursing & Midwifery Staff,Substantive,-3.83,
,Community Services,258405,DERMATOLOGY NURSING,Pay,Nursing,2024-03,,WTE,-3.83,"-£20,395.44",,,Dermatology,,"Family, Diagnostics and Community",Nursing & Midwifery Staff,Substantive,-3.83,
,Outpatients and Diagnostics,258406,RECEPTION SERVICE,Pay,Admin & Clerical,2023-11,,WTE,-0.66,"-£3,759.36",,,Clinical Admin/Outpatients,,"Family, Diagnostics and Community",Admin & Clerical Staff,Bank,-0.66,
,Outpatients and Diagnostics,258406,RECEPTION SERVICE,Pay,Admin & Clerical,2023-11,,WTE,-11.47,"-£28,203.44",,,Clinical Admin/Outpatients,,"Family, Diagnostics and Community",Admin & Clerical Staff,Substantive,-11.47,
,Outpatients and Diagnostics,258406,RECEPTION SERVICE,Pay,Admin & Clerical,2023-12,,WTE,-0.43,"-£2,631.96",,,Clinical Admin/Outpatients,,"Family, Diagnostics and Community",Admin & Clerical Staff,Bank,-0.43,
,Outpatients and Diagnostics,258406,RECEPTION SERVICE,Pay,Admin & Clerical,2023-12,,WTE,-10.55,"-£26,643.70",,,Clinical Admin/Outpatients,,"Family, Diagnostics and Community",Admin & Clerical Staff,Substantive,-10.55,
,Outpatients and Diagnostics,258406,RECEPTION SERVICE,Pay,Admin & Clerical,2024-01,,WTE,-0.62,"-£3,124.04",,,Clinical Admin/Outpatients,,"Family, Diagnostics and Community",Admin & Clerical Staff,Bank,-0.62,
,Outpatients and Diagnostics,258406,RECEPTION SERVICE,Pay,Admin & Clerical,2024-01,,WTE,-10.67,"-£27,488.27",,,Clinical Admin/Outpatients,,"Family, Diagnostics and Community",Admin & Clerical Staff,Substantive,-10.67,
,Outpatients and Diagnostics,258406,RECEPTION SERVICE,Pay,Admin & Clerical,2024-02,,WTE,-1.03,"-£5,017.92",,,Clinical Admin/Outpatients,,"Family, Diagnostics and Community",Admin & Clerical Staff,Bank,-1.03,
,Outpatients and Diagnostics,258406,RECEPTION SERVICE,Pay,Admin & Clerical,2024-02,,WTE,-9.76,"-£24,281.12",,,Clinical Admin/Outpatients,,"Family, Diagnostics and Community",Admin & Clerical Staff,Substantive,-9.76,
,Outpatients and Diagnostics,258406,RECEPTION SERVICE,Pay,Admin & Clerical,2024-03,,WTE,-0.96,"-£4,512.22",,,Clinical Admin/Outpatients,,"Family, Diagnostics and Community",Admin & Clerical Staff,Bank,-0.96,
,Outpatients and Diagnostics,258406,RECEPTION SERVICE,Pay,Admin & Clerical,2024-03,,WTE,-13.72,"-£34,089.30",,,Clinical Admin/Outpatients,,"Family, Diagnostics and Community",Admin & Clerical Staff,Substantive,-13.72,
,Outpatients and Diagnostics,258408,SECRETARIAT,Pay,Admin & Clerical,2023-11,,WTE,-0.39,"-£1,353.30",,,Clinical Admin/Outpatients,,"Family, Diagnostics and Community",Admin & Clerical Staff,Bank,-0.39,
,Outpatients and Diagnostics,258408,SECRETARIAT,Pay,Admin & Clerical,2023-11,,WTE,-65.31,"-£177,005.49",,,Clinical Admin/Outpatients,,"Family, Diagnostics and Community",Admin & Clerical Staff,Substantive,-65.31,
,Outpatients and Diagnostics,258408,SECRETARIAT,Pay,Admin & Clerical,2023-12,,WTE,-0.30,-£951.91,,,Clinical Admin/Outpatients,,"Family, Diagnostics and Community",Admin & Clerical Staff,Bank,-0.30,
,Outpatients and Diagnostics,258408,SECRETARIAT,Pay,Admin & Clerical,2023-12,,WTE,-64.13,"-£174,205.32",,,Clinical Admin/Outpatients,,"Family, Diagnostics and Community",Admin & Clerical Staff,Substantive,-64.13,
,Outpatients and Diagnostics,258408,SECRETARIAT,Pay,Admin & Clerical,2024-01,,WTE,-0.42,"-£1,457.40",,,Clinical Admin/Outpatients,,"Family, Diagnostics and Community",Admin & Clerical Staff,Bank,-0.42,
,Outpatients and Diagnostics,258408,SECRETARIAT,Pay,Admin & Clerical,2024-01,,WTE,-62.99,"-£170,999.19",,,Clinical Admin/Outpatients,,"Family, Diagnostics and Community",Admin & Clerical Staff,Substantive,-62.99,
,Outpatients and Diagnostics,258408,SECRETARIAT,Pay,Admin & Clerical,2024-02,,WTE,-0.36,"-£1,248.20",,,Clinical Admin/Outpatients,,"Family, Diagnostics and Community",Admin & Clerical Staff,Bank,-0.36,
,Outpatients and Diagnostics,258408,SECRETARIAT,Pay,Admin & Clerical,2024-02,,WTE,-62.47,"-£170,332.49",,,Clinical Admin/Outpatients,,"Family, Diagnostics and Community",Admin & Clerical Staff,Substantive,-62.47,
,Outpatients and Diagnostics,258408,SECRETARIAT,Pay,Admin & Clerical,2024-03,,WTE,-0.37,"-£1,271.00",,,Clinical Admin/Outpatients,,"Family, Diagnostics and Community",Admin & Clerical Staff,Bank,-0.37,
,Outpatients and Diagnostics,258408,SECRETARIAT,Pay,Admin & Clerical,2024-03,,WTE,-61.47,"-£169,749.96",,,Clinical Admin/Outpatients,,"Family, Diagnostics and Community",Admin & Clerical Staff,Substantive,-61.47,
,Outpatients and Diagnostics,258409,MEDICAL RECORDS,Pay,Admin & Clerical,2023-11,,WTE,-0.01,£31.30,,,Clinical Admin/Outpatients,,"Family, Diagnostics and Community",Admin & Clerical Staff,Bank,-0.01,
,Outpatients and Diagnostics,258409,MEDICAL RECORDS,Pay,Admin & Clerical,2023-11,,WTE,-32.07,"-£77,903.37",,,Clinical Admin/Outpatients,,"Family, Diagnostics and Community",Admin & Clerical Staff,Substantive,-32.07,
,Outpatients and Diagnostics,258409,MEDICAL RECORDS,Pay,Admin & Clerical,2023-12,,WTE,0.00,£50.12,,,Clinical Admin/Outpatients,,"Family, Diagnostics and Community",Admin & Clerical Staff,Bank,0.00,
,Outpatients and Diagnostics,258409,MEDICAL RECORDS,Pay,Admin & Clerical,2023-12,,WTE,-32.75,"-£79,483.33",,,Clinical Admin/Outpatients,,"Family, Diagnostics and Community",Admin & Clerical Staff,Substantive,-32.75,
,Outpatients and Diagnostics,258409,MEDICAL RECORDS,Pay,Admin & Clerical,2024-01,,WTE,0.00,-£164.27,,,Clinical Admin/Outpatients,,"Family, Diagnostics and Community",Admin & Clerical Staff,Bank,0.00,
,Outpatients and Diagnostics,258409,MEDICAL RECORDS,Pay,Admin & Clerical,2024-01,,WTE,-32.85,"-£79,767.39",,,Clinical Admin/Outpatients,,"Family, Diagnostics and Community",Admin & Clerical Staff,Substantive,-32.85,
,Outpatients and Diagnostics,258409,MEDICAL RECORDS,Pay,Admin & Clerical,2024-02,,WTE,-0.15,-£706.54,,,Clinical Admin/Outpatients,,"Family, Diagnostics and Community",Admin & Clerical Staff,Bank,-0.15,
,Outpatients and Diagnostics,258409,MEDICAL RECORDS,Pay,Admin & Clerical,2024-02,,WTE,-31.80,"-£77,198.28",,,Clinical Admin/Outpatients,,"Family, Diagnostics and Community",Admin & Clerical Staff,Substantive,-31.80,
,Outpatients and Diagnostics,258409,MEDICAL RECORDS,Pay,Admin & Clerical,2024-03,,WTE,-0.17,-£838.77,,,Clinical Admin/Outpatients,,"Family, Diagnostics and Community",Admin & Clerical Staff,Bank,-0.17,
,Outpatients and Diagnostics,258409,MEDICAL RECORDS,Pay,Admin & Clerical,2024-03,,WTE,-32.28,"-£78,378.57",,,Clinical Admin/Outpatients,,"Family, Diagnostics and Community",Admin & Clerical Staff,Substantive,-32.28,
,Outpatients and Diagnostics,258409,MEDICAL RECORDS,Pay,Snr Managers,2023-11,,WTE,-1.00,"-£5,457.02",,,Clinical Admin/Outpatients,,"Family, Diagnostics and Community",Senior Managers,Substantive,-1.00,
,Outpatients and Diagnostics,258409,MEDICAL RECORDS,Pay,Snr Managers,2023-12,,WTE,-1.00,"-£5,457.02",,,Clinical Admin/Outpatients,,"Family, Diagnostics and Community",Senior Managers,Substantive,-1.00,
,Outpatients and Diagnostics,258409,MEDICAL RECORDS,Pay,Snr Managers,2024-01,,WTE,-1.00,"-£5,457.02",,,Clinical Admin/Outpatients,,"Family, Diagnostics and Community",Senior Managers,Substantive,-1.00,
,Outpatients and Diagnostics,258409,MEDICAL RECORDS,Pay,Snr Managers,2024-02,,WTE,-1.00,"-£5,457.02",,,Clinical Admin/Outpatients,,"Family, Diagnostics and Community",Senior Managers,Substantive,-1.00,
,Outpatients and Diagnostics,258409,MEDICAL RECORDS,Pay,Snr Managers,2024-03,,WTE,-1.00,"-£5,457.02",,,Clinical Admin/Outpatients,,"Family, Diagnostics and Community",Senior Managers,Substantive,-1.00,
,Outpatients and Diagnostics,258410,RADIOLOGY ADMIN,Pay,Admin & Clerical,2023-11,,WTE,-25.43,"-£65,308.58",,,Radiology,,"Family, Diagnostics and Community",Admin & Clerical Staff,Substantive,-25.43,
,Outpatients and Diagnostics,258410,RADIOLOGY ADMIN,Pay,Admin & Clerical,2023-12,,WTE,0.00,-£30.86,,,Radiology,,"Family, Diagnostics and Community",Admin & Clerical Staff,Bank,0.00,
,Outpatients and Diagnostics,258410,RADIOLOGY ADMIN,Pay,Admin & Clerical,2023-12,,WTE,-25.00,"-£63,561.52",,,Radiology,,"Family, Diagnostics and Community",Admin & Clerical Staff,Substantive,-25.00,
,Outpatients and Diagnostics,258410,RADIOLOGY ADMIN,Pay,Admin & Clerical,2024-01,,WTE,-25.21,"-£65,030.96",,,Radiology,,"Family, Diagnostics and Community",Admin & Clerical Staff,Substantive,-25.21,
,Outpatients and Diagnostics,258410,RADIOLOGY ADMIN,Pay,Admin & Clerical,2024-02,,WTE,-24.67,"-£63,341.43",,,Radiology,,"Family, Diagnostics and Community",Admin & Clerical Staff,Substantive,-24.67,
,Outpatients and Diagnostics,258410,RADIOLOGY ADMIN,Pay,Admin & Clerical,2024-03,,WTE,-25.11,"-£64,373.38",,,Radiology,,"Family, Diagnostics and Community",Admin & Clerical Staff,Substantive,-25.11,
,Community Services,258414,BREAST CARE NURSING,Pay,Admin & Clerical,2023-11,,WTE,-0.80,"-£2,372.88",,,Breast Unit,,"Family, Diagnostics and Community",Admin & Clerical Staff,Substantive,-0.80,
,Community Services,258414,BREAST CARE NURSING,Pay,Admin & Clerical,2023-12,,WTE,-0.80,"-£2,371.47",,,Breast Unit,,"Family, Diagnostics and Community",Admin & Clerical Staff,Substantive,-0.80,
,Community Services,258414,BREAST CARE NURSING,Pay,Admin & Clerical,2024-01,,WTE,-0.56,"-£2,123.86",,,Breast Unit,,"Family, Diagnostics and Community",Admin & Clerical Staff,Substantive,-0.56,
,Community Services,258414,BREAST CARE NURSING,Pay,Admin & Clerical,2024-02,,WTE,-0.72,"-£2,123.86",,,Breast Unit,,"Family, Diagnostics and Community",Admin & Clerical Staff,Substantive,-0.72,
,Community Services,258414,BREAST CARE NURSING,Pay,Admin & Clerical,2024-03,,WTE,-0.89,"-£2,379.46",,,Breast Unit,,"Family, Diagnostics and Community",Admin & Clerical Staff,Substantive,-0.89,
,Community Services,258414,BREAST CARE NURSING,Pay,Nursing,2023-11,,WTE,-0.22,"-£1,352.16",,,Breast Unit,,"Family, Diagnostics and Community",Nursing & Midwifery Staff,Bank,-0.22,
,Community Services,258414,BREAST CARE NURSING,Pay,Nursing,2023-11,,WTE,-4.80,"-£24,685.19",,,Breast Unit,,"Family, Diagnostics and Community",Nursing & Midwifery Staff,Substantive,-4.80,
,Community Services,258414,BREAST CARE NURSING,Pay,Nursing,2023-12,,WTE,-0.04,-£193.12,,,Breast Unit,,"Family, Diagnostics and Community",Nursing & Midwifery Staff,Bank,-0.04,
,Community Services,258414,BREAST CARE NURSING,Pay,Nursing,2023-12,,WTE,-4.80,"-£24,685.19",,,Breast Unit,,"Family, Diagnostics and Community",Nursing & Midwifery Staff,Substantive,-4.80,
,Community Services,258414,BREAST CARE NURSING,Pay,Nursing,2024-01,,WTE,-0.20,"-£1,090.75",,,Breast Unit,,"Family, Diagnostics and Community",Nursing & Midwifery Staff,Bank,-0.20,
,Community Services,258414,BREAST CARE NURSING,Pay,Nursing,2024-01,,WTE,-4.64,"-£24,044.94",,,Breast Unit,,"Family, Diagnostics and Community",Nursing & Midwifery Staff,Substantive,-4.64,
,Community Services,258414,BREAST CARE NURSING,Pay,Nursing,2024-02,,WTE,-0.14,-£923.25,,,Breast Unit,,"Family, Diagnostics and Community",Nursing & Midwifery Staff,Bank,-0.14,
,Community Services,258414,BREAST CARE NURSING,Pay,Nursing,2024-02,,WTE,-3.80,"-£20,820.32",,,Breast Unit,,"Family, Diagnostics and Community",Nursing & Midwifery Staff,Substantive,-3.80,
,Community Services,258414,BREAST CARE NURSING,Pay,Nursing,2024-03,,WTE,-0.27,"-£1,605.84",,,Breast Unit,,"Family, Diagnostics and Community",Nursing & Midwifery Staff,Bank,-0.27,
,Community Services,258414,BREAST CARE NURSING,Pay,Nursing,2024-03,,WTE,-3.80,"-£20,820.32",,,Breast Unit,,"Family, Diagnostics and Community",Nursing & Midwifery Staff,Substantive,-3.80,
,Community Services,258415,BREAST SURGERY,Pay,Medical,2023-11,,WTE,-6.40,"-£98,814.08",,,Breast Unit,,"Family, Diagnostics and Community",Medical Staff,Substantive,-6.40,
,Community Services,258415,BREAST SURGERY,Pay,Medical,2023-12,,WTE,-0.03,-£392.62,,,Breast Unit,,"Family, Diagnostics and Community",Medical Staff,Bank,-0.03,
,Community Services,258415,BREAST SURGERY,Pay,Medical,2023-12,,WTE,-5.62,"-£57,323.09",,,Breast Unit,,"Family, Diagnostics and Community",Medical Staff,Substantive,-5.62,
,Community Services,258415,BREAST SURGERY,Pay,Medical,2024-01,,WTE,0.00,-£841.04,,,Breast Unit,,"Family, Diagnostics and Community",Medical Staff,Bank,0.00,
,Community Services,258415,BREAST SURGERY,Pay,Medical,2024-01,,WTE,-7.01,"-£64,763.40",,,Breast Unit,,"Family, Diagnostics and Community",Medical Staff,Substantive,-7.01,
,Community Services,258415,BREAST SURGERY,Pay,Medical,2024-02,,WTE,-7.10,"-£45,911.78",,,Breast Unit,,"Family, Diagnostics and Community",Medical Staff,Substantive,-7.10,
,Community Services,258415,BREAST SURGERY,Pay,Medical,2024-03,,WTE,0.00,£94.07,,,Breast Unit,,"Family, Diagnostics and Community",Medical Staff,Bank,0.00,
,Community Services,258415,BREAST SURGERY,Pay,Medical,2024-03,,WTE,-6.74,"-£79,457.14",,,Breast Unit,,"Family, Diagnostics and Community",Medical Staff,Substantive,-6.74,
,Outpatients and Diagnostics,258416,AUDIOLOGY,Pay,Admin & Clerical,2023-11,,WTE,-0.20,"-£1,490.54",,,Audiology,,"Family, Diagnostics and Community",Admin & Clerical Staff,Bank,-0.20,
,Outpatients and Diagnostics,258416,AUDIOLOGY,Pay,Admin & Clerical,2023-11,,WTE,-1.00,"-£2,624.86",,,Audiology,,"Family, Diagnostics and Community",Admin & Clerical Staff,Substantive,-1.00,
,Outpatients and Diagnostics,258416,AUDIOLOGY,Pay,Admin & Clerical,2023-12,,WTE,0.00,£2.78,,,Audiology,,"Family, Diagnostics and Community",Admin & Clerical Staff,Bank,0.00,
,Outpatients and Diagnostics,258416,AUDIOLOGY,Pay,Admin & Clerical,2023-12,,WTE,-1.00,"-£2,624.86",,,Audiology,,"Family, Diagnostics and Community",Admin & Clerical Staff,Substantive,-1.00,
,Outpatients and Diagnostics,258416,AUDIOLOGY,Pay,Admin & Clerical,2024-01,,WTE,-0.06,-£261.10,,,Audiology,,"Family, Diagnostics and Community",Admin & Clerical Staff,Bank,-0.06,
,Outpatients and Diagnostics,258416,AUDIOLOGY,Pay,Admin & Clerical,2024-01,,WTE,-1.00,"-£2,624.86",,,Audiology,,"Family, Diagnostics and Community",Admin & Clerical Staff,Substantive,-1.00,
,Outpatients and Diagnostics,258416,AUDIOLOGY,Pay,Admin & Clerical,2024-02,,WTE,-0.30,"-£1,367.19",,,Audiology,,"Family, Diagnostics and Community",Admin & Clerical Staff,Bank,-0.30,
,Outpatients and Diagnostics,258416,AUDIOLOGY,Pay,Admin & Clerical,2024-02,,WTE,-1.00,"-£2,624.86",,,Audiology,,"Family, Diagnostics and Community",Admin & Clerical Staff,Substantive,-1.00,
,Outpatients and Diagnostics,258416,AUDIOLOGY,Pay,Admin & Clerical,2024-03,,WTE,-0.34,"-£1,656.23",,,Audiology,,"Family, Diagnostics and Community",Admin & Clerical Staff,Bank,-0.34,
,Outpatients and Diagnostics,258416,AUDIOLOGY,Pay,Admin & Clerical,2024-03,,WTE,-1.00,"-£2,624.86",,,Audiology,,"Family, Diagnostics and Community",Admin & Clerical Staff,Substantive,-1.00,
,Outpatients and Diagnostics,258416,AUDIOLOGY,Pay,"Scientific, Therapeutic & Tech",2023-11,,WTE,-0.72,"-£4,364.42",,,Audiology,,"Family, Diagnostics and Community","Scientific, Therapeutic & Technical Staff",Agency,-0.72,
,Outpatients and Diagnostics,258416,AUDIOLOGY,Pay,"Scientific, Therapeutic & Tech",2023-11,,WTE,-1.72,"-£15,037.34",,,Audiology,,"Family, Diagnostics and Community","Scientific, Therapeutic & Technical Staff",Bank,-1.72,
,Outpatients and Diagnostics,258416,AUDIOLOGY,Pay,"Scientific, Therapeutic & Tech",2023-11,,WTE,-10.63,"-£37,894.37",,,Audiology,,"Family, Diagnostics and Community","Scientific, Therapeutic & Technical Staff",Substantive,-10.63,
,Outpatients and Diagnostics,258416,AUDIOLOGY,Pay,"Scientific, Therapeutic & Tech",2023-12,,WTE,-0.60,"-£4,406.01",,,Audiology,,"Family, Diagnostics and Community","Scientific, Therapeutic & Technical Staff",Agency,-0.60,
,Outpatients and Diagnostics,258416,AUDIOLOGY,Pay,"Scientific, Therapeutic & Tech",2023-12,,WTE,-1.71,"-£9,856.33",,,Audiology,,"Family, Diagnostics and Community","Scientific, Therapeutic & Technical Staff",Bank,-1.71,
,Outpatients and Diagnostics,258416,AUDIOLOGY,Pay,"Scientific, Therapeutic & Tech",2023-12,,WTE,-9.29,"-£35,208.12",,,Audiology,,"Family, Diagnostics and Community","Scientific, Therapeutic & Technical Staff",Substantive,-9.29,
,Outpatients and Diagnostics,258416,AUDIOLOGY,Pay,"Scientific, Therapeutic & Tech",2024-01,,WTE,-0.96,"-£4,849.62",,,Audiology,,"Family, Diagnostics and Community","Scientific, Therapeutic & Technical Staff",Agency,-0.96,
,Outpatients and Diagnostics,258416,AUDIOLOGY,Pay,"Scientific, Therapeutic & Tech",2024-01,,WTE,-2.13,"-£18,555.83",,,Audiology,,"Family, Diagnostics and Community","Scientific, Therapeutic & Technical Staff",Bank,-2.13,
,Outpatients and Diagnostics,258416,AUDIOLOGY,Pay,"Scientific, Therapeutic & Tech",2024-01,,WTE,-6.96,"-£34,103.85",,,Audiology,,"Family, Diagnostics and Community","Scientific, Therapeutic & Technical Staff",Substantive,-6.96,
,Outpatients and Diagnostics,258416,AUDIOLOGY,Pay,"Scientific, Therapeutic & Tech",2024-02,,WTE,-0.66,"-£4,316.22",,,Audiology,,"Family, Diagnostics and Community","Scientific, Therapeutic & Technical Staff",Agency,-0.66,
,Outpatients and Diagnostics,258416,AUDIOLOGY,Pay,"Scientific, Therapeutic & Tech",2024-02,,WTE,-1.17,"-£7,503.29",,,Audiology,,"Family, Diagnostics and Community","Scientific, Therapeutic & Technical Staff",Bank,-1.17,
,Outpatients and Diagnostics,258416,AUDIOLOGY,Pay,"Scientific, Therapeutic & Tech",2024-02,,WTE,-9.60,"-£34,724.86",,,Audiology,,"Family, Diagnostics and Community","Scientific, Therapeutic & Technical Staff",Substantive,-9.60,
,Outpatients and Diagnostics,258416,AUDIOLOGY,Pay,"Scientific, Therapeutic & Tech",2024-03,,WTE,-0.66,"-£3,109.64",,,Audiology,,"Family, Diagnostics and Community","Scientific, Therapeutic & Technical Staff",Agency,-0.66,
,Outpatients and Diagnostics,258416,AUDIOLOGY,Pay,"Scientific, Therapeutic & Tech",2024-03,,WTE,-0.96,"-£10,000.20",,,Audiology,,"Family, Diagnostics and Community","Scientific, Therapeutic & Technical Staff",Bank,-0.96,
,Outpatients and Diagnostics,258416,AUDIOLOGY,Pay,"Scientific, Therapeutic & Tech",2024-03,,WTE,-9.42,"-£22,041.14",,,Audiology,,"Family, Diagnostics and Community","Scientific, Therapeutic & Technical Staff",Substantive,-9.42,
,Outpatients and Diagnostics,258416,AUDIOLOGY,Pay,Snr Managers,2024-02,,WTE,-1.50,£0.00,,,Audiology,,"Family, Diagnostics and Community",Senior Managers,Substantive,-1.50,
,Outpatients and Diagnostics,258416,AUDIOLOGY,Pay,Snr Managers,2024-03,,WTE,0.00,"-£15,473.01",,,Audiology,,"Family, Diagnostics and Community",Senior Managers,Substantive,0.00,
,Outpatients and Diagnostics,258426,RADIOLOGY MANAGEMENT,Pay,Medical,2023-11,,WTE,-20.37,"-£235,578.03",,,Radiology,,"Family, Diagnostics and Community",Medical Staff,Substantive,-20.37,
,Outpatients and Diagnostics,258426,RADIOLOGY MANAGEMENT,Pay,Medical,2023-12,,WTE,-19.38,"-£225,187.42",,,Radiology,,"Family, Diagnostics and Community",Medical Staff,Substantive,-19.38,
,Outpatients and Diagnostics,258426,RADIOLOGY MANAGEMENT,Pay,Medical,2024-01,,WTE,-14.58,"-£149,280.18",,,Radiology,,"Family, Diagnostics and Community",Medical Staff,Substantive,-14.58,
,Outpatients and Diagnostics,258426,RADIOLOGY MANAGEMENT,Pay,Medical,2024-02,,WTE,-0.90,"-£26,648.88",,,Radiology,,"Family, Diagnostics and Community",Medical Staff,Agency,-0.90,
,Outpatients and Diagnostics,258426,RADIOLOGY MANAGEMENT,Pay,Medical,2024-02,,WTE,0.00,"-£4,111.96",,,Radiology,,"Family, Diagnostics and Community",Medical Staff,Bank,0.00,
,Outpatients and Diagnostics,258426,RADIOLOGY MANAGEMENT,Pay,Medical,2024-02,,WTE,-17.08,"-£213,970.20",,,Radiology,,"Family, Diagnostics and Community",Medical Staff,Substantive,-17.08,
,Outpatients and Diagnostics,258426,RADIOLOGY MANAGEMENT,Pay,Medical,2024-03,,WTE,-1.05,"-£30,553.12",,,Radiology,,"Family, Diagnostics and Community",Medical Staff,Agency,-1.05,
,Outpatients and Diagnostics,258426,RADIOLOGY MANAGEMENT,Pay,Medical,2024-03,,WTE,0.00,-£781.90,,,Radiology,,"Family, Diagnostics and Community",Medical Staff,Bank,0.00,
,Outpatients and Diagnostics,258426,RADIOLOGY MANAGEMENT,Pay,Medical,2024-03,,WTE,-18.18,"-£278,633.73",,,Radiology,,"Family, Diagnostics and Community",Medical Staff,Substantive,-18.18,
,Outpatients and Diagnostics,258426,RADIOLOGY MANAGEMENT,Pay,Snr Managers,2023-11,,WTE,-1.00,"-£5,552.72",,,Radiology,,"Family, Diagnostics and Community",Senior Managers,Substantive,-1.00,
,Outpatients and Diagnostics,258426,RADIOLOGY MANAGEMENT,Pay,Snr Managers,2023-12,,WTE,-1.00,"-£5,552.72",,,Radiology,,"Family, Diagnostics and Community",Senior Managers,Substantive,-1.00,
,Outpatients and Diagnostics,258426,RADIOLOGY MANAGEMENT,Pay,Snr Managers,2024-01,,WTE,-1.00,"-£5,552.73",,,Radiology,,"Family, Diagnostics and Community",Senior Managers,Substantive,-1.00,
,Outpatients and Diagnostics,258426,RADIOLOGY MANAGEMENT,Pay,Snr Managers,2024-02,,WTE,-1.00,"-£5,561.16",,,Radiology,,"Family, Diagnostics and Community",Senior Managers,Substantive,-1.00,
,Outpatients and Diagnostics,258426,RADIOLOGY MANAGEMENT,Pay,Snr Managers,2024-03,,WTE,-1.00,"-£5,552.72",,,Radiology,,"Family, Diagnostics and Community",Senior Managers,Substantive,-1.00,
,Outpatients and Diagnostics,258427,SONOGRAPHERS,Pay,"Scientific, Therapeutic & Tech",2023-11,,WTE,0.00,-£405.76,,,Radiology,,"Family, Diagnostics and Community","Scientific, Therapeutic & Technical Staff",Bank,0.00,
,Outpatients and Diagnostics,258427,SONOGRAPHERS,Pay,"Scientific, Therapeutic & Tech",2023-11,,WTE,-15.18,"-£89,784.60",,,Radiology,,"Family, Diagnostics and Community","Scientific, Therapeutic & Technical Staff",Substantive,-15.18,
,Outpatients and Diagnostics,258427,SONOGRAPHERS,Pay,"Scientific, Therapeutic & Tech",2023-12,,WTE,0.00,£548.41,,,Radiology,,"Family, Diagnostics and Community","Scientific, Therapeutic & Technical Staff",Bank,0.00,
,Outpatients and Diagnostics,258427,SONOGRAPHERS,Pay,"Scientific, Therapeutic & Tech",2023-12,,WTE,-14.57,"-£85,403.88",,,Radiology,,"Family, Diagnostics and Community","Scientific, Therapeutic & Technical Staff",Substantive,-14.57,
,Outpatients and Diagnostics,258427,SONOGRAPHERS,Pay,"Scientific, Therapeutic & Tech",2024-01,,WTE,-15.04,"-£88,154.38",,,Radiology,,"Family, Diagnostics and Community","Scientific, Therapeutic & Technical Staff",Substantive,-15.04,
,Outpatients and Diagnostics,258427,SONOGRAPHERS,Pay,"Scientific, Therapeutic & Tech",2024-02,,WTE,-14.68,"-£83,470.30",,,Radiology,,"Family, Diagnostics and Community","Scientific, Therapeutic & Technical Staff",Substantive,-14.68,
,Outpatients and Diagnostics,258427,SONOGRAPHERS,Pay,"Scientific, Therapeutic & Tech",2024-03,,WTE,-13.74,"-£81,965.70",,,Radiology,,"Family, Diagnostics and Community","Scientific, Therapeutic & Technical Staff",Substantive,-13.74,
,Outpatients and Diagnostics,258428,PAH X-RAY,Pay,Medical,2024-03,,WTE,0.00,-£756.00,,,Radiology,,"Family, Diagnostics and Community",Medical Staff,Agency,0.00,
,Outpatients and Diagnostics,258428,PAH X-RAY,Pay,"Scientific, Therapeutic & Tech",2023-11,,WTE,-2.30,"-£17,117.77",,,Radiology,,"Family, Diagnostics and Community","Scientific, Therapeutic & Technical Staff",Agency,-2.30,
,Outpatients and Diagnostics,258428,PAH X-RAY,Pay,"Scientific, Therapeutic & Tech",2023-11,,WTE,-64.91,"-£262,352.37",,,Radiology,,"Family, Diagnostics and Community","Scientific, Therapeutic & Technical Staff",Substantive,-64.91,
,Outpatients and Diagnostics,258428,PAH X-RAY,Pay,"Scientific, Therapeutic & Tech",2023-12,,WTE,-2.04,"-£14,859.85",,,Radiology,,"Family, Diagnostics and Community","Scientific, Therapeutic & Technical Staff",Agency,-2.04,
,Outpatients and Diagnostics,258428,PAH X-RAY,Pay,"Scientific, Therapeutic & Tech",2023-12,,WTE,-64.91,"-£248,795.12",,,Radiology,,"Family, Diagnostics and Community","Scientific, Therapeutic & Technical Staff",Substantive,-64.91,
,Outpatients and Diagnostics,258428,PAH X-RAY,Pay,"Scientific, Therapeutic & Tech",2024-01,,WTE,-2.21,"-£12,169.67",,,Radiology,,"Family, Diagnostics and Community","Scientific, Therapeutic & Technical Staff",Agency,-2.21,
,Outpatients and Diagnostics,258428,PAH X-RAY,Pay,"Scientific, Therapeutic & Tech",2024-01,,WTE,-63.77,"-£254,128.33",,,Radiology,,"Family, Diagnostics and Community","Scientific, Therapeutic & Technical Staff",Substantive,-63.77,
,Outpatients and Diagnostics,258428,PAH X-RAY,Pay,"Scientific, Therapeutic & Tech",2024-02,,WTE,-1.99,"-£14,917.10",,,Radiology,,"Family, Diagnostics and Community","Scientific, Therapeutic & Technical Staff",Agency,-1.99,
,Outpatients and Diagnostics,258428,PAH X-RAY,Pay,"Scientific, Therapeutic & Tech",2024-02,,WTE,-65.78,"-£257,070.99",,,Radiology,,"Family, Diagnostics and Community","Scientific, Therapeutic & Technical Staff",Substantive,-65.78,
,Outpatients and Diagnostics,258428,PAH X-RAY,Pay,"Scientific, Therapeutic & Tech",2024-03,,WTE,-1.99,"-£13,325.76",,,Radiology,,"Family, Diagnostics and Community","Scientific, Therapeutic & Technical Staff",Agency,-1.99,
,Outpatients and Diagnostics,258428,PAH X-RAY,Pay,"Scientific, Therapeutic & Tech",2024-03,,WTE,-66.84,"-£261,190.14",,,Radiology,,"Family, Diagnostics and Community","Scientific, Therapeutic & Technical Staff",Substantive,-66.84,
,Outpatients and Diagnostics,258429,RADIOLOGY NURSING,Pay,Admin & Clerical,2023-11,,WTE,-0.80,"-£2,078.97",,,Radiology,,"Family, Diagnostics and Community",Admin & Clerical Staff,Substantive,-0.80,
,Outpatients and Diagnostics,258429,RADIOLOGY NURSING,Pay,Admin & Clerical,2023-12,,WTE,0.00,£39.98,,,Radiology,,"Family, Diagnostics and Community",Admin & Clerical Staff,Bank,0.00,
,Outpatients and Diagnostics,258429,RADIOLOGY NURSING,Pay,Admin & Clerical,2023-12,,WTE,-0.80,"-£2,078.97",,,Radiology,,"Family, Diagnostics and Community",Admin & Clerical Staff,Substantive,-0.80,
,Outpatients and Diagnostics,258429,RADIOLOGY NURSING,Pay,Admin & Clerical,2024-01,,WTE,-0.80,"-£2,078.97",,,Radiology,,"Family, Diagnostics and Community",Admin & Clerical Staff,Substantive,-0.80,
,Outpatients and Diagnostics,258429,RADIOLOGY NURSING,Pay,Admin & Clerical,2024-02,,WTE,-0.80,"-£2,078.97",,,Radiology,,"Family, Diagnostics and Community",Admin & Clerical Staff,Substantive,-0.80,
,Outpatients and Diagnostics,258429,RADIOLOGY NURSING,Pay,Admin & Clerical,2024-03,,WTE,-0.80,"-£2,078.97",,,Radiology,,"Family, Diagnostics and Community",Admin & Clerical Staff,Substantive,-0.80,
,Outpatients and Diagnostics,258429,RADIOLOGY NURSING,Pay,Nursing,2023-11,,WTE,-0.38,"-£2,280.69",,,Radiology,,"Family, Diagnostics and Community",Nursing & Midwifery Staff,Bank,-0.38,
,Outpatients and Diagnostics,258429,RADIOLOGY NURSING,Pay,Nursing,2023-11,,WTE,-9.71,"-£38,440.12",,,Radiology,,"Family, Diagnostics and Community",Nursing & Midwifery Staff,Substantive,-9.71,
,Outpatients and Diagnostics,258429,RADIOLOGY NURSING,Pay,Nursing,2023-12,,WTE,-0.67,"-£3,520.72",,,Radiology,,"Family, Diagnostics and Community",Nursing & Midwifery Staff,Bank,-0.67,
,Outpatients and Diagnostics,258429,RADIOLOGY NURSING,Pay,Nursing,2023-12,,WTE,-9.72,"-£41,266.88",,,Radiology,,"Family, Diagnostics and Community",Nursing & Midwifery Staff,Substantive,-9.72,
,Outpatients and Diagnostics,258429,RADIOLOGY NURSING,Pay,Nursing,2024-01,,WTE,-0.97,"-£4,852.49",,,Radiology,,"Family, Diagnostics and Community",Nursing & Midwifery Staff,Bank,-0.97,
,Outpatients and Diagnostics,258429,RADIOLOGY NURSING,Pay,Nursing,2024-01,,WTE,-9.72,"-£37,306.47",,,Radiology,,"Family, Diagnostics and Community",Nursing & Midwifery Staff,Substantive,-9.72,
,Outpatients and Diagnostics,258429,RADIOLOGY NURSING,Pay,Nursing,2024-02,,WTE,-0.65,"-£2,958.15",,,Radiology,,"Family, Diagnostics and Community",Nursing & Midwifery Staff,Bank,-0.65,
,Outpatients and Diagnostics,258429,RADIOLOGY NURSING,Pay,Nursing,2024-02,,WTE,-9.60,"-£36,588.89",,,Radiology,,"Family, Diagnostics and Community",Nursing & Midwifery Staff,Substantive,-9.60,
,Outpatients and Diagnostics,258429,RADIOLOGY NURSING,Pay,Nursing,2024-03,,WTE,-0.91,"-£5,165.34",,,Radiology,,"Family, Diagnostics and Community",Nursing & Midwifery Staff,Bank,-0.91,
,Outpatients and Diagnostics,258429,RADIOLOGY NURSING,Pay,Nursing,2024-03,,WTE,-9.52,"-£51,777.49",,,Radiology,,"Family, Diagnostics and Community",Nursing & Midwifery Staff,Substantive,-9.52,
,Outpatients and Diagnostics,258429,RADIOLOGY NURSING,Pay,"Scientific, Therapeutic & Tech",2024-02,,WTE,-0.03,-£272.90,,,Radiology,,"Family, Diagnostics and Community","Scientific, Therapeutic & Technical Staff",Bank,-0.03,
,Outpatients and Diagnostics,258429,RADIOLOGY NURSING,Pay,"Scientific, Therapeutic & Tech",2024-03,,WTE,-0.06,-£332.30,,,Radiology,,"Family, Diagnostics and Community","Scientific, Therapeutic & Technical Staff",Bank,-0.06,
,Outpatients and Diagnostics,258432,RADIOLOGY ADDITIONAL SESSIONS,Pay,Medical,2023-11,,WTE,0.00,"-£12,138.80",,,Radiology,,"Family, Diagnostics and Community",Medical Staff,Substantive,0.00,
,Outpatients and Diagnostics,258432,RADIOLOGY ADDITIONAL SESSIONS,Pay,Medical,2023-12,,WTE,0.00,"-£3,933.12",,,Radiology,,"Family, Diagnostics and Community",Medical Staff,Substantive,0.00,
,Outpatients and Diagnostics,258432,RADIOLOGY ADDITIONAL SESSIONS,Pay,Medical,2024-01,,WTE,0.00,-£795.54,,,Radiology,,"Family, Diagnostics and Community",Medical Staff,Substantive,0.00,
,Outpatients and Diagnostics,258432,RADIOLOGY ADDITIONAL SESSIONS,Pay,Medical,2024-02,,WTE,0.00,£585.73,,,Radiology,,"Family, Diagnostics and Community",Medical Staff,Substantive,0.00,
,Outpatients and Diagnostics,258432,RADIOLOGY ADDITIONAL SESSIONS,Pay,Medical,2024-03,,WTE,0.00,"-£3,892.49",,,Radiology,,"Family, Diagnostics and Community",Medical Staff,Substantive,0.00,
,Outpatients and Diagnostics,258432,RADIOLOGY ADDITIONAL SESSIONS,Pay,"Scientific, Therapeutic & Tech",2023-11,,WTE,-2.72,"-£23,518.61",,,Radiology,,"Family, Diagnostics and Community","Scientific, Therapeutic & Technical Staff",Substantive,-2.72,
,Outpatients and Diagnostics,258432,RADIOLOGY ADDITIONAL SESSIONS,Pay,"Scientific, Therapeutic & Tech",2023-12,,WTE,2.72,"-£25,831.80",,,Radiology,,"Family, Diagnostics and Community","Scientific, Therapeutic & Technical Staff",Substantive,2.72,
,Outpatients and Diagnostics,258432,RADIOLOGY ADDITIONAL SESSIONS,Pay,"Scientific, Therapeutic & Tech",2024-01,,WTE,-2.26,"-£21,115.31",,,Radiology,,"Family, Diagnostics and Community","Scientific, Therapeutic & Technical Staff",Substantive,-2.26,
,Outpatients and Diagnostics,258432,RADIOLOGY ADDITIONAL SESSIONS,Pay,"Scientific, Therapeutic & Tech",2024-02,,WTE,-2.35,"-£21,251.09",,,Radiology,,"Family, Diagnostics and Community","Scientific, Therapeutic & Technical Staff",Substantive,-2.35,
,Outpatients and Diagnostics,258432,RADIOLOGY ADDITIONAL SESSIONS,Pay,"Scientific, Therapeutic & Tech",2024-03,,WTE,-2.61,"-£26,450.34",,,Radiology,,"Family, Diagnostics and Community","Scientific, Therapeutic & Technical Staff",Substantive,-2.61,
,Outpatients and Diagnostics,258433,PACS,Pay,Admin & Clerical,2023-11,,WTE,-1.00,"-£2,990.50",,,Radiology,,"Family, Diagnostics and Community",Admin & Clerical Staff,Substantive,-1.00,
,Outpatients and Diagnostics,258433,PACS,Pay,Admin & Clerical,2023-12,,WTE,-1.00,"-£2,990.50",,,Radiology,,"Family, Diagnostics and Community",Admin & Clerical Staff,Substantive,-1.00,
,Outpatients and Diagnostics,258433,PACS,Pay,Admin & Clerical,2024-01,,WTE,-1.00,"-£2,990.50",,,Radiology,,"Family, Diagnostics and Community",Admin & Clerical Staff,Substantive,-1.00,
,Outpatients and Diagnostics,258433,PACS,Pay,Admin & Clerical,2024-02,,WTE,-1.00,"-£3,536.21",,,Radiology,,"Family, Diagnostics and Community",Admin & Clerical Staff,Substantive,-1.00,
,Outpatients and Diagnostics,258433,PACS,Pay,Admin & Clerical,2024-03,,WTE,-1.00,"-£3,081.45",,,Radiology,,"Family, Diagnostics and Community",Admin & Clerical Staff,Substantive,-1.00,
,Outpatients and Diagnostics,258433,PACS,Pay,"Scientific, Therapeutic & Tech",2023-11,,WTE,-1.00,"-£6,064.51",,,Radiology,,"Family, Diagnostics and Community","Scientific, Therapeutic & Technical Staff",Substantive,-1.00,
,Outpatients and Diagnostics,258433,PACS,Pay,"Scientific, Therapeutic & Tech",2023-12,,WTE,-1.00,"-£7,154.29",,,Radiology,,"Family, Diagnostics and Community","Scientific, Therapeutic & Technical Staff",Substantive,-1.00,
,Outpatients and Diagnostics,258433,PACS,Pay,"Scientific, Therapeutic & Tech",2024-01,,WTE,-1.00,"-£5,797.64",,,Radiology,,"Family, Diagnostics and Community","Scientific, Therapeutic & Technical Staff",Substantive,-1.00,
,Outpatients and Diagnostics,258433,PACS,Pay,"Scientific, Therapeutic & Tech",2024-02,,WTE,-1.00,"-£5,797.64",,,Radiology,,"Family, Diagnostics and Community","Scientific, Therapeutic & Technical Staff",Substantive,-1.00,
,Outpatients and Diagnostics,258433,PACS,Pay,"Scientific, Therapeutic & Tech",2024-03,,WTE,-1.00,"-£6,375.88",,,Radiology,,"Family, Diagnostics and Community","Scientific, Therapeutic & Technical Staff",Substantive,-1.00,
,Outpatients and Diagnostics,258433,PACS,Pay,Snr Managers,2024-01,,WTE,0.00,"£3,053.00",,,Radiology,,"Family, Diagnostics and Community",Senior Managers,Substantive,0.00,
,Community Services,258435,MAMMOGRAPHY,Pay,Admin & Clerical,2023-11,,WTE,-5.32,"-£15,540.74",,,Breast Unit,,"Family, Diagnostics and Community",Admin & Clerical Staff,Substantive,-5.32,
,Community Services,258435,MAMMOGRAPHY,Pay,Admin & Clerical,2023-12,,WTE,0.00,£0.63,,,Breast Unit,,"Family, Diagnostics and Community",Admin & Clerical Staff,Bank,0.00,
,Community Services,258435,MAMMOGRAPHY,Pay,Admin & Clerical,2023-12,,WTE,-5.85,"-£15,952.42",,,Breast Unit,,"Family, Diagnostics and Community",Admin & Clerical Staff,Substantive,-5.85,
,Community Services,258435,MAMMOGRAPHY,Pay,Admin & Clerical,2024-01,,WTE,-5.81,"-£16,054.74",,,Breast Unit,,"Family, Diagnostics and Community",Admin & Clerical Staff,Substantive,-5.81,
,Community Services,258435,MAMMOGRAPHY,Pay,Admin & Clerical,2024-02,,WTE,-5.80,"-£15,780.15",,,Breast Unit,,"Family, Diagnostics and Community",Admin & Clerical Staff,Substantive,-5.80,
,Community Services,258435,MAMMOGRAPHY,Pay,Admin & Clerical,2024-03,,WTE,-5.80,"-£15,779.90",,,Breast Unit,,"Family, Diagnostics and Community",Admin & Clerical Staff,Substantive,-5.80,
,Community Services,258435,MAMMOGRAPHY,Pay,Medical,2023-11,,WTE,-1.20,"-£17,238.38",,,Breast Unit,,"Family, Diagnostics and Community",Medical Staff,Substantive,-1.20,
,Community Services,258435,MAMMOGRAPHY,Pay,Medical,2023-12,,WTE,-1.20,"-£17,234.56",,,Breast Unit,,"Family, Diagnostics and Community",Medical Staff,Substantive,-1.20,
,Community Services,258435,MAMMOGRAPHY,Pay,Medical,2024-01,,WTE,-0.80,"-£12,482.36",,,Breast Unit,,"Family, Diagnostics and Community",Medical Staff,Substantive,-0.80,
,Community Services,258435,MAMMOGRAPHY,Pay,Medical,2024-02,,WTE,-0.80,"-£12,482.71",,,Breast Unit,,"Family, Diagnostics and Community",Medical Staff,Substantive,-0.80,
,Community Services,258435,MAMMOGRAPHY,Pay,Medical,2024-03,,WTE,-0.80,"-£15,250.09",,,Breast Unit,,"Family, Diagnostics and Community",Medical Staff,Substantive,-0.80,
,Community Services,258435,MAMMOGRAPHY,Pay,Nursing,2023-11,,WTE,-0.60,"-£1,829.27",,,Breast Unit,,"Family, Diagnostics and Community",Nursing & Midwifery Staff,Bank,-0.60,
,Community Services,258435,MAMMOGRAPHY,Pay,Nursing,2023-12,,WTE,-1.11,"-£2,778.63",,,Breast Unit,,"Family, Diagnostics and Community",Nursing & Midwifery Staff,Bank,-1.11,
,Community Services,258435,MAMMOGRAPHY,Pay,Nursing,2024-01,,WTE,-1.16,"-£2,661.84",,,Breast Unit,,"Family, Diagnostics and Community",Nursing & Midwifery Staff,Bank,-1.16,
,Community Services,258435,MAMMOGRAPHY,Pay,Nursing,2024-02,,WTE,-0.43,"-£1,308.93",,,Breast Unit,,"Family, Diagnostics and Community",Nursing & Midwifery Staff,Bank,-0.43,
,Community Services,258435,MAMMOGRAPHY,Pay,Nursing,2024-03,,WTE,-0.22,-£544.33,,,Breast Unit,,"Family, Diagnostics and Community",Nursing & Midwifery Staff,Bank,-0.22,
,Community Services,258435,MAMMOGRAPHY,Pay,"Scientific, Therapeutic & Tech",2023-11,,WTE,-0.96,"-£8,073.80",,,Breast Unit,,"Family, Diagnostics and Community","Scientific, Therapeutic & Technical Staff",Bank,-0.96,
,Community Services,258435,MAMMOGRAPHY,Pay,"Scientific, Therapeutic & Tech",2023-11,,WTE,-6.37,"-£35,038.40",,,Breast Unit,,"Family, Diagnostics and Community","Scientific, Therapeutic & Technical Staff",Substantive,-6.37,
,Community Services,258435,MAMMOGRAPHY,Pay,"Scientific, Therapeutic & Tech",2023-12,,WTE,-1.19,"-£6,610.74",,,Breast Unit,,"Family, Diagnostics and Community","Scientific, Therapeutic & Technical Staff",Bank,-1.19,
,Community Services,258435,MAMMOGRAPHY,Pay,"Scientific, Therapeutic & Tech",2023-12,,WTE,-6.60,"-£34,695.85",,,Breast Unit,,"Family, Diagnostics and Community","Scientific, Therapeutic & Technical Staff",Substantive,-6.60,
,Community Services,258435,MAMMOGRAPHY,Pay,"Scientific, Therapeutic & Tech",2024-01,,WTE,-1.41,"-£8,757.90",,,Breast Unit,,"Family, Diagnostics and Community","Scientific, Therapeutic & Technical Staff",Bank,-1.41,
,Community Services,258435,MAMMOGRAPHY,Pay,"Scientific, Therapeutic & Tech",2024-01,,WTE,-6.60,"-£34,232.81",,,Breast Unit,,"Family, Diagnostics and Community","Scientific, Therapeutic & Technical Staff",Substantive,-6.60,
,Community Services,258435,MAMMOGRAPHY,Pay,"Scientific, Therapeutic & Tech",2024-02,,WTE,-1.00,"-£5,334.03",,,Breast Unit,,"Family, Diagnostics and Community","Scientific, Therapeutic & Technical Staff",Bank,-1.00,
,Community Services,258435,MAMMOGRAPHY,Pay,"Scientific, Therapeutic & Tech",2024-02,,WTE,-7.89,"-£39,074.99",,,Breast Unit,,"Family, Diagnostics and Community","Scientific, Therapeutic & Technical Staff",Substantive,-7.89,
,Community Services,258435,MAMMOGRAPHY,Pay,"Scientific, Therapeutic & Tech",2024-03,,WTE,-0.20,"-£1,402.55",,,Breast Unit,,"Family, Diagnostics and Community","Scientific, Therapeutic & Technical Staff",Bank,-0.20,
,Community Services,258435,MAMMOGRAPHY,Pay,"Scientific, Therapeutic & Tech",2024-03,,WTE,-8.34,"-£39,787.35",,,Breast Unit,,"Family, Diagnostics and Community","Scientific, Therapeutic & Technical Staff",Substantive,-8.34,
,Community Services,258435,MAMMOGRAPHY,Pay,Snr Managers,2023-11,,WTE,-1.00,"-£4,620.33",,,Breast Unit,,"Family, Diagnostics and Community",Senior Managers,Substantive,-1.00,
,Community Services,258435,MAMMOGRAPHY,Pay,Snr Managers,2023-12,,WTE,-1.00,"-£4,620.33",,,Breast Unit,,"Family, Diagnostics and Community",Senior Managers,Substantive,-1.00,
,Community Services,258435,MAMMOGRAPHY,Pay,Snr Managers,2024-01,,WTE,-1.00,"-£4,620.33",,,Breast Unit,,"Family, Diagnostics and Community",Senior Managers,Substantive,-1.00,
,Community Services,258435,MAMMOGRAPHY,Pay,Snr Managers,2024-02,,WTE,-1.00,"-£4,620.33",,,Breast Unit,,"Family, Diagnostics and Community",Senior Managers,Substantive,-1.00,
,Community Services,258435,MAMMOGRAPHY,Pay,Snr Managers,2024-03,,WTE,-1.00,"-£4,620.33",,,Breast Unit,,"Family, Diagnostics and Community",Senior Managers,Substantive,-1.00,
,Outpatients and Diagnostics,258438,MEDICAL ILLUSTRATION,Pay,"Scientific, Therapeutic & Tech",2023-11,,WTE,-0.09,-£947.98,,,Radiology,,"Family, Diagnostics and Community","Scientific, Therapeutic & Technical Staff",Bank,-0.09,
,Outpatients and Diagnostics,258438,MEDICAL ILLUSTRATION,Pay,"Scientific, Therapeutic & Tech",2023-11,,WTE,-1.40,"-£6,506.60",,,Radiology,,"Family, Diagnostics and Community","Scientific, Therapeutic & Technical Staff",Substantive,-1.40,
,Outpatients and Diagnostics,258438,MEDICAL ILLUSTRATION,Pay,"Scientific, Therapeutic & Tech",2023-12,,WTE,-0.06,-£402.30,,,Radiology,,"Family, Diagnostics and Community","Scientific, Therapeutic & Technical Staff",Bank,-0.06,
,Outpatients and Diagnostics,258438,MEDICAL ILLUSTRATION,Pay,"Scientific, Therapeutic & Tech",2023-12,,WTE,-1.40,"-£6,506.60",,,Radiology,,"Family, Diagnostics and Community","Scientific, Therapeutic & Technical Staff",Substantive,-1.40,
,Outpatients and Diagnostics,258438,MEDICAL ILLUSTRATION,Pay,"Scientific, Therapeutic & Tech",2024-01,,WTE,-0.06,-£827.03,,,Radiology,,"Family, Diagnostics and Community","Scientific, Therapeutic & Technical Staff",Bank,-0.06,
,Outpatients and Diagnostics,258438,MEDICAL ILLUSTRATION,Pay,"Scientific, Therapeutic & Tech",2024-01,,WTE,-1.40,"-£6,506.60",,,Radiology,,"Family, Diagnostics and Community","Scientific, Therapeutic & Technical Staff",Substantive,-1.40,
,Outpatients and Diagnostics,258438,MEDICAL ILLUSTRATION,Pay,"Scientific, Therapeutic & Tech",2024-02,,WTE,-0.07,-£494.03,,,Radiology,,"Family, Diagnostics and Community","Scientific, Therapeutic & Technical Staff",Bank,-0.07,
,Outpatients and Diagnostics,258438,MEDICAL ILLUSTRATION,Pay,"Scientific, Therapeutic & Tech",2024-02,,WTE,-1.40,"-£6,506.60",,,Radiology,,"Family, Diagnostics and Community","Scientific, Therapeutic & Technical Staff",Substantive,-1.40,
,Outpatients and Diagnostics,258438,MEDICAL ILLUSTRATION,Pay,"Scientific, Therapeutic & Tech",2024-03,,WTE,-0.04,-£189.13,,,Radiology,,"Family, Diagnostics and Community","Scientific, Therapeutic & Technical Staff",Bank,-0.04,
,Outpatients and Diagnostics,258438,MEDICAL ILLUSTRATION,Pay,"Scientific, Therapeutic & Tech",2024-03,,WTE,-1.40,"-£6,506.60",,,Radiology,,"Family, Diagnostics and Community","Scientific, Therapeutic & Technical Staff",Substantive,-1.40,
,Outpatients and Diagnostics,258439,PATHOLOGY MANAGEMENT PATH MGT,Pay,"Scientific, Therapeutic & Tech",2023-11,,WTE,-3.00,"-£72,445.01",,,Pathology,,"Family, Diagnostics and Community","Scientific, Therapeutic & Technical Staff",Substantive,-3.00,
,Outpatients and Diagnostics,258439,PATHOLOGY MANAGEMENT PATH MGT,Pay,"Scientific, Therapeutic & Tech",2023-12,,WTE,-2.00,"-£73,519.63",,,Pathology,,"Family, Diagnostics and Community","Scientific, Therapeutic & Technical Staff",Substantive,-2.00,
,Outpatients and Diagnostics,258439,PATHOLOGY MANAGEMENT PATH MGT,Pay,"Scientific, Therapeutic & Tech",2024-01,,WTE,-2.00,"-£86,746.04",,,Pathology,,"Family, Diagnostics and Community","Scientific, Therapeutic & Technical Staff",Substantive,-2.00,
,Outpatients and Diagnostics,258439,PATHOLOGY MANAGEMENT PATH MGT,Pay,"Scientific, Therapeutic & Tech",2024-02,,WTE,-1.38,"-£73,746.81",,,Pathology,,"Family, Diagnostics and Community","Scientific, Therapeutic & Technical Staff",Substantive,-1.38,
,Outpatients and Diagnostics,258439,PATHOLOGY MANAGEMENT PATH MGT,Pay,"Scientific, Therapeutic & Tech",2024-03,,WTE,-1.85,"-£75,690.14",,,Pathology,,"Family, Diagnostics and Community","Scientific, Therapeutic & Technical Staff",Substantive,-1.85,
,Outpatients and Diagnostics,258440,MICROBIOLOGY,Pay,Medical,2023-11,,WTE,0.00,£720.00,,,Pathology,,"Family, Diagnostics and Community",Medical Staff,Agency,0.00,
,Outpatients and Diagnostics,258440,MICROBIOLOGY,Pay,Medical,2023-11,,WTE,-0.04,"-£1,121.52",,,Pathology,,"Family, Diagnostics and Community",Medical Staff,Bank,-0.04,
,Outpatients and Diagnostics,258440,MICROBIOLOGY,Pay,Medical,2023-11,,WTE,-2.00,"-£42,164.23",,,Pathology,,"Family, Diagnostics and Community",Medical Staff,Substantive,-2.00,
,Outpatients and Diagnostics,258440,MICROBIOLOGY,Pay,Medical,2023-12,,WTE,-0.35,"-£6,780.09",,,Pathology,,"Family, Diagnostics and Community",Medical Staff,Bank,-0.35,
,Outpatients and Diagnostics,258440,MICROBIOLOGY,Pay,Medical,2023-12,,WTE,-2.00,"-£34,097.15",,,Pathology,,"Family, Diagnostics and Community",Medical Staff,Substantive,-2.00,
,Outpatients and Diagnostics,258440,MICROBIOLOGY,Pay,Medical,2024-01,,WTE,-0.74,"-£6,934.68",,,Pathology,,"Family, Diagnostics and Community",Medical Staff,Bank,-0.74,
,Outpatients and Diagnostics,258440,MICROBIOLOGY,Pay,Medical,2024-01,,WTE,-2.00,"-£35,156.39",,,Pathology,,"Family, Diagnostics and Community",Medical Staff,Substantive,-2.00,
,Outpatients and Diagnostics,258440,MICROBIOLOGY,Pay,Medical,2024-02,,WTE,-0.28,"-£6,729.13",,,Pathology,,"Family, Diagnostics and Community",Medical Staff,Bank,-0.28,
,Outpatients and Diagnostics,258440,MICROBIOLOGY,Pay,Medical,2024-02,,WTE,-2.00,"-£35,232.88",,,Pathology,,"Family, Diagnostics and Community",Medical Staff,Substantive,-2.00,
,Outpatients and Diagnostics,258440,MICROBIOLOGY,Pay,Medical,2024-03,,WTE,-0.12,"-£7,050.13",,,Pathology,,"Family, Diagnostics and Community",Medical Staff,Bank,-0.12,
,Outpatients and Diagnostics,258440,MICROBIOLOGY,Pay,Medical,2024-03,,WTE,-2.00,"-£37,467.52",,,Pathology,,"Family, Diagnostics and Community",Medical Staff,Substantive,-2.00,
,Outpatients and Diagnostics,258440,MICROBIOLOGY,Pay,"Scientific, Therapeutic & Tech",2023-11,,WTE,0.00,"-£7,276.25",,,Pathology,,"Family, Diagnostics and Community","Scientific, Therapeutic & Technical Staff",Agency,0.00,
,Outpatients and Diagnostics,258440,MICROBIOLOGY,Pay,"Scientific, Therapeutic & Tech",2023-11,,WTE,-19.95,"-£74,061.85",,,Pathology,,"Family, Diagnostics and Community","Scientific, Therapeutic & Technical Staff",Substantive,-19.95,
,Outpatients and Diagnostics,258440,MICROBIOLOGY,Pay,"Scientific, Therapeutic & Tech",2023-12,,WTE,0.00,£141.58,,,Pathology,,"Family, Diagnostics and Community","Scientific, Therapeutic & Technical Staff",Bank,0.00,
,Outpatients and Diagnostics,258440,MICROBIOLOGY,Pay,"Scientific, Therapeutic & Tech",2023-12,,WTE,-19.04,"-£70,597.67",,,Pathology,,"Family, Diagnostics and Community","Scientific, Therapeutic & Technical Staff",Substantive,-19.04,
,Outpatients and Diagnostics,258440,MICROBIOLOGY,Pay,"Scientific, Therapeutic & Tech",2024-01,,WTE,0.00,"£7,276.25",,,Pathology,,"Family, Diagnostics and Community","Scientific, Therapeutic & Technical Staff",Agency,0.00,
,Outpatients and Diagnostics,258440,MICROBIOLOGY,Pay,"Scientific, Therapeutic & Tech",2024-01,,WTE,-19.01,"-£70,916.34",,,Pathology,,"Family, Diagnostics and Community","Scientific, Therapeutic & Technical Staff",Substantive,-19.01,
,Outpatients and Diagnostics,258440,MICROBIOLOGY,Pay,"Scientific, Therapeutic & Tech",2024-02,,WTE,-1.00,"-£4,533.34",,,Pathology,,"Family, Diagnostics and Community","Scientific, Therapeutic & Technical Staff",Agency,-1.00,
,Outpatients and Diagnostics,258440,MICROBIOLOGY,Pay,"Scientific, Therapeutic & Tech",2024-02,,WTE,-19.09,"-£70,070.35",,,Pathology,,"Family, Diagnostics and Community","Scientific, Therapeutic & Technical Staff",Substantive,-19.09,
,Outpatients and Diagnostics,258440,MICROBIOLOGY,Pay,"Scientific, Therapeutic & Tech",2024-03,,WTE,-1.93,"-£11,602.33",,,Pathology,,"Family, Diagnostics and Community","Scientific, Therapeutic & Technical Staff",Agency,-1.93,
,Outpatients and Diagnostics,258440,MICROBIOLOGY,Pay,"Scientific, Therapeutic & Tech",2024-03,,WTE,-19.23,"-£71,055.77",,,Pathology,,"Family, Diagnostics and Community","Scientific, Therapeutic & Technical Staff",Substantive,-19.23,
,Cancer,258441,ANTICOAG MONITORING SERVICE,Pay,Nursing,2023-11,,WTE,-1.67,"-£7,000.87",,,Cancer,,Planned Pathways,Nursing & Midwifery Staff,Substantive,-1.67,
,Cancer,258441,ANTICOAG MONITORING SERVICE,Pay,Nursing,2023-12,,WTE,-1.67,"-£6,552.98",,,Cancer,,Planned Pathways,Nursing & Midwifery Staff,Substantive,-1.67,
,Cancer,258441,ANTICOAG MONITORING SERVICE,Pay,Nursing,2024-01,,WTE,-1.67,"-£6,552.98",,,Cancer,,Planned Pathways,Nursing & Midwifery Staff,Substantive,-1.67,
,Cancer,258441,ANTICOAG MONITORING SERVICE,Pay,Nursing,2024-02,,WTE,-1.67,"-£6,560.85",,,Cancer,,Planned Pathways,Nursing & Midwifery Staff,Substantive,-1.67,
,Cancer,258441,ANTICOAG MONITORING SERVICE,Pay,Nursing,2024-03,,WTE,-1.67,"-£6,654.73",,,Cancer,,Planned Pathways,Nursing & Midwifery Staff,Substantive,-1.67,
,Cancer,258441,ANTICOAG MONITORING SERVICE,Pay,"Scientific, Therapeutic & Tech",2023-11,,WTE,-0.49,"-£3,897.43",,,Cancer,,Planned Pathways,"Scientific, Therapeutic & Technical Staff",Agency,-0.49,
,Cancer,258441,ANTICOAG MONITORING SERVICE,Pay,"Scientific, Therapeutic & Tech",2023-11,,WTE,-10.33,"-£39,650.64",,,Cancer,,Planned Pathways,"Scientific, Therapeutic & Technical Staff",Substantive,-10.33,
,Cancer,258441,ANTICOAG MONITORING SERVICE,Pay,"Scientific, Therapeutic & Tech",2023-12,,WTE,-0.48,"-£1,985.56",,,Cancer,,Planned Pathways,"Scientific, Therapeutic & Technical Staff",Agency,-0.48,
,Cancer,258441,ANTICOAG MONITORING SERVICE,Pay,"Scientific, Therapeutic & Tech",2023-12,,WTE,-10.34,"-£39,405.76",,,Cancer,,Planned Pathways,"Scientific, Therapeutic & Technical Staff",Substantive,-10.34,
,Cancer,258441,ANTICOAG MONITORING SERVICE,Pay,"Scientific, Therapeutic & Tech",2024-01,,WTE,-0.38,"-£2,260.05",,,Cancer,,Planned Pathways,"Scientific, Therapeutic & Technical Staff",Agency,-0.38,
,Cancer,258441,ANTICOAG MONITORING SERVICE,Pay,"Scientific, Therapeutic & Tech",2024-01,,WTE,-10.33,"-£39,677.70",,,Cancer,,Planned Pathways,"Scientific, Therapeutic & Technical Staff",Substantive,-10.33,
,Cancer,258441,ANTICOAG MONITORING SERVICE,Pay,"Scientific, Therapeutic & Tech",2024-02,,WTE,-0.53,"-£3,219.83",,,Cancer,,Planned Pathways,"Scientific, Therapeutic & Technical Staff",Agency,-0.53,
,Cancer,258441,ANTICOAG MONITORING SERVICE,Pay,"Scientific, Therapeutic & Tech",2024-02,,WTE,-10.33,"-£39,598.76",,,Cancer,,Planned Pathways,"Scientific, Therapeutic & Technical Staff",Substantive,-10.33,
,Cancer,258441,ANTICOAG MONITORING SERVICE,Pay,"Scientific, Therapeutic & Tech",2024-03,,WTE,-0.52,"-£3,104.65",,,Cancer,,Planned Pathways,"Scientific, Therapeutic & Technical Staff",Agency,-0.52,
,Cancer,258441,ANTICOAG MONITORING SERVICE,Pay,"Scientific, Therapeutic & Tech",2024-03,,WTE,-10.33,"-£39,767.37",,,Cancer,,Planned Pathways,"Scientific, Therapeutic & Technical Staff",Substantive,-10.33,
,Outpatients and Diagnostics,258442,CELLULAR PATHOLOGY,Pay,Admin & Clerical,2023-11,,WTE,-5.84,"-£17,527.26",,,Pathology,,"Family, Diagnostics and Community",Admin & Clerical Staff,Substantive,-5.84,
,Outpatients and Diagnostics,258442,CELLULAR PATHOLOGY,Pay,Admin & Clerical,2023-12,,WTE,-5.65,"-£17,084.11",,,Pathology,,"Family, Diagnostics and Community",Admin & Clerical Staff,Substantive,-5.65,
,Outpatients and Diagnostics,258442,CELLULAR PATHOLOGY,Pay,Admin & Clerical,2024-01,,WTE,-5.94,"-£17,463.82",,,Pathology,,"Family, Diagnostics and Community",Admin & Clerical Staff,Substantive,-5.94,
,Outpatients and Diagnostics,258442,CELLULAR PATHOLOGY,Pay,Admin & Clerical,2024-02,,WTE,-5.94,"-£17,080.14",,,Pathology,,"Family, Diagnostics and Community",Admin & Clerical Staff,Substantive,-5.94,
,Outpatients and Diagnostics,258442,CELLULAR PATHOLOGY,Pay,Admin & Clerical,2024-03,,WTE,-6.42,"-£18,188.51",,,Pathology,,"Family, Diagnostics and Community",Admin & Clerical Staff,Substantive,-6.42,
,Outpatients and Diagnostics,258442,CELLULAR PATHOLOGY,Pay,Medical,2023-11,,WTE,-16.67,"-£186,087.09",,,Pathology,,"Family, Diagnostics and Community",Medical Staff,Substantive,-16.67,
,Outpatients and Diagnostics,258442,CELLULAR PATHOLOGY,Pay,Medical,2023-12,,WTE,-16.89,"-£169,573.00",,,Pathology,,"Family, Diagnostics and Community",Medical Staff,Substantive,-16.89,
,Outpatients and Diagnostics,258442,CELLULAR PATHOLOGY,Pay,Medical,2024-01,,WTE,-16.83,"-£264,247.41",,,Pathology,,"Family, Diagnostics and Community",Medical Staff,Substantive,-16.83,
,Outpatients and Diagnostics,258442,CELLULAR PATHOLOGY,Pay,Medical,2024-02,,WTE,-17.99,"-£172,732.56",,,Pathology,,"Family, Diagnostics and Community",Medical Staff,Substantive,-17.99,
,Outpatients and Diagnostics,258442,CELLULAR PATHOLOGY,Pay,Medical,2024-03,,WTE,-18.20,"-£211,353.47",,,Pathology,,"Family, Diagnostics and Community",Medical Staff,Substantive,-18.20,
,Outpatients and Diagnostics,258442,CELLULAR PATHOLOGY,Pay,"Scientific, Therapeutic & Tech",2023-11,,WTE,-19.78,"-£76,714.91",,,Pathology,,"Family, Diagnostics and Community","Scientific, Therapeutic & Technical Staff",Substantive,-19.78,
,Outpatients and Diagnostics,258442,CELLULAR PATHOLOGY,Pay,"Scientific, Therapeutic & Tech",2023-12,,WTE,-21.43,"-£74,291.76",,,Pathology,,"Family, Diagnostics and Community","Scientific, Therapeutic & Technical Staff",Substantive,-21.43,
,Outpatients and Diagnostics,258442,CELLULAR PATHOLOGY,Pay,"Scientific, Therapeutic & Tech",2024-01,,WTE,-20.62,"-£75,003.24",,,Pathology,,"Family, Diagnostics and Community","Scientific, Therapeutic & Technical Staff",Substantive,-20.62,
,Outpatients and Diagnostics,258442,CELLULAR PATHOLOGY,Pay,"Scientific, Therapeutic & Tech",2024-02,,WTE,-21.82,"-£73,601.14",,,Pathology,,"Family, Diagnostics and Community","Scientific, Therapeutic & Technical Staff",Substantive,-21.82,
,Outpatients and Diagnostics,258442,CELLULAR PATHOLOGY,Pay,"Scientific, Therapeutic & Tech",2024-03,,WTE,-22.57,"-£80,443.57",,,Pathology,,"Family, Diagnostics and Community","Scientific, Therapeutic & Technical Staff",Substantive,-22.57,
,Outpatients and Diagnostics,258442,CELLULAR PATHOLOGY,Pay,Snr Managers,2023-11,,WTE,-0.50,"-£2,443.59",,,Pathology,,"Family, Diagnostics and Community",Senior Managers,Substantive,-0.50,
,Outpatients and Diagnostics,258442,CELLULAR PATHOLOGY,Pay,Snr Managers,2023-12,,WTE,-0.50,"-£2,443.59",,,Pathology,,"Family, Diagnostics and Community",Senior Managers,Substantive,-0.50,
,Outpatients and Diagnostics,258442,CELLULAR PATHOLOGY,Pay,Snr Managers,2024-01,,WTE,-0.50,"-£2,443.59",,,Pathology,,"Family, Diagnostics and Community",Senior Managers,Substantive,-0.50,
,Outpatients and Diagnostics,258442,CELLULAR PATHOLOGY,Pay,Snr Managers,2024-02,,WTE,-0.53,"-£2,624.98",,,Pathology,,"Family, Diagnostics and Community",Senior Managers,Substantive,-0.53,
,Outpatients and Diagnostics,258442,CELLULAR PATHOLOGY,Pay,Snr Managers,2024-03,,WTE,-0.50,"-£2,443.59",,,Pathology,,"Family, Diagnostics and Community",Senior Managers,Substantive,-0.50,
,Outpatients and Diagnostics,258443,PAH MORTUARY,Pay,Admin & Clerical,2023-11,,WTE,-1.00,"-£2,798.12",,,Pathology,,"Family, Diagnostics and Community",Admin & Clerical Staff,Substantive,-1.00,
,Outpatients and Diagnostics,258443,PAH MORTUARY,Pay,Admin & Clerical,2023-12,,WTE,-1.01,"-£2,757.02",,,Pathology,,"Family, Diagnostics and Community",Admin & Clerical Staff,Substantive,-1.01,
,Outpatients and Diagnostics,258443,PAH MORTUARY,Pay,Admin & Clerical,2024-01,,WTE,-1.10,"-£3,783.75",,,Pathology,,"Family, Diagnostics and Community",Admin & Clerical Staff,Bank,-1.10,
,Outpatients and Diagnostics,258443,PAH MORTUARY,Pay,Admin & Clerical,2024-01,,WTE,-1.07,"-£2,987.61",,,Pathology,,"Family, Diagnostics and Community",Admin & Clerical Staff,Substantive,-1.07,
,Outpatients and Diagnostics,258443,PAH MORTUARY,Pay,Admin & Clerical,2024-02,,WTE,-1.00,"-£3,436.92",,,Pathology,,"Family, Diagnostics and Community",Admin & Clerical Staff,Bank,-1.00,
,Outpatients and Diagnostics,258443,PAH MORTUARY,Pay,Admin & Clerical,2024-02,,WTE,-2.00,"-£6,354.21",,,Pathology,,"Family, Diagnostics and Community",Admin & Clerical Staff,Substantive,-2.00,
,Outpatients and Diagnostics,258443,PAH MORTUARY,Pay,Admin & Clerical,2024-03,,WTE,-0.95,"-£3,264.92",,,Pathology,,"Family, Diagnostics and Community",Admin & Clerical Staff,Bank,-0.95,
,Outpatients and Diagnostics,258443,PAH MORTUARY,Pay,Admin & Clerical,2024-03,,WTE,-1.00,"-£4,304.45",,,Pathology,,"Family, Diagnostics and Community",Admin & Clerical Staff,Substantive,-1.00,
,Outpatients and Diagnostics,258443,PAH MORTUARY,Pay,"Scientific, Therapeutic & Tech",2023-11,,WTE,-4.80,"-£17,966.70",,,Pathology,,"Family, Diagnostics and Community","Scientific, Therapeutic & Technical Staff",Substantive,-4.80,
,Outpatients and Diagnostics,258443,PAH MORTUARY,Pay,"Scientific, Therapeutic & Tech",2023-12,,WTE,-4.80,"-£18,007.17",,,Pathology,,"Family, Diagnostics and Community","Scientific, Therapeutic & Technical Staff",Substantive,-4.80,
,Outpatients and Diagnostics,258443,PAH MORTUARY,Pay,"Scientific, Therapeutic & Tech",2024-01,,WTE,-4.80,"-£17,944.78",,,Pathology,,"Family, Diagnostics and Community","Scientific, Therapeutic & Technical Staff",Substantive,-4.80,
,Outpatients and Diagnostics,258443,PAH MORTUARY,Pay,"Scientific, Therapeutic & Tech",2024-02,,WTE,-4.80,"-£18,211.53",,,Pathology,,"Family, Diagnostics and Community","Scientific, Therapeutic & Technical Staff",Substantive,-4.80,
,Outpatients and Diagnostics,258443,PAH MORTUARY,Pay,"Scientific, Therapeutic & Tech",2024-03,,WTE,-4.80,"-£17,945.99",,,Pathology,,"Family, Diagnostics and Community","Scientific, Therapeutic & Technical Staff",Substantive,-4.80,
,Outpatients and Diagnostics,258444,BLOOD TRANSFUSION,Pay,Nursing,2023-11,,WTE,0.00,£24.02,,,Pathology,,"Family, Diagnostics and Community",Nursing & Midwifery Staff,Bank,0.00,
,Outpatients and Diagnostics,258444,BLOOD TRANSFUSION,Pay,Nursing,2023-11,,WTE,-2.00,"-£8,202.32",,,Pathology,,"Family, Diagnostics and Community",Nursing & Midwifery Staff,Substantive,-2.00,
,Outpatients and Diagnostics,258444,BLOOD TRANSFUSION,Pay,Nursing,2023-12,,WTE,-2.00,"-£8,207.26",,,Pathology,,"Family, Diagnostics and Community",Nursing & Midwifery Staff,Substantive,-2.00,
,Outpatients and Diagnostics,258444,BLOOD TRANSFUSION,Pay,Nursing,2024-01,,WTE,-2.00,"-£8,354.40",,,Pathology,,"Family, Diagnostics and Community",Nursing & Midwifery Staff,Substantive,-2.00,
,Outpatients and Diagnostics,258444,BLOOD TRANSFUSION,Pay,Nursing,2024-02,,WTE,-2.00,"-£8,202.12",,,Pathology,,"Family, Diagnostics and Community",Nursing & Midwifery Staff,Substantive,-2.00,
,Outpatients and Diagnostics,258444,BLOOD TRANSFUSION,Pay,Nursing,2024-03,,WTE,-2.00,"-£8,203.09",,,Pathology,,"Family, Diagnostics and Community",Nursing & Midwifery Staff,Substantive,-2.00,
,Outpatients and Diagnostics,258444,BLOOD TRANSFUSION,Pay,"Scientific, Therapeutic & Tech",2023-11,,WTE,-0.77,"-£6,406.82",,,Pathology,,"Family, Diagnostics and Community","Scientific, Therapeutic & Technical Staff",Agency,-0.77,
,Outpatients and Diagnostics,258444,BLOOD TRANSFUSION,Pay,"Scientific, Therapeutic & Tech",2023-11,,WTE,-0.08,-£560.15,,,Pathology,,"Family, Diagnostics and Community","Scientific, Therapeutic & Technical Staff",Bank,-0.08,
,Outpatients and Diagnostics,258444,BLOOD TRANSFUSION,Pay,"Scientific, Therapeutic & Tech",2023-11,,WTE,-6.33,"-£29,033.55",,,Pathology,,"Family, Diagnostics and Community","Scientific, Therapeutic & Technical Staff",Substantive,-6.33,
,Outpatients and Diagnostics,258444,BLOOD TRANSFUSION,Pay,"Scientific, Therapeutic & Tech",2023-12,,WTE,-1.22,"-£12,962.89",,,Pathology,,"Family, Diagnostics and Community","Scientific, Therapeutic & Technical Staff",Agency,-1.22,
,Outpatients and Diagnostics,258444,BLOOD TRANSFUSION,Pay,"Scientific, Therapeutic & Tech",2023-12,,WTE,-0.18,-£978.69,,,Pathology,,"Family, Diagnostics and Community","Scientific, Therapeutic & Technical Staff",Bank,-0.18,
,Outpatients and Diagnostics,258444,BLOOD TRANSFUSION,Pay,"Scientific, Therapeutic & Tech",2023-12,,WTE,-5.91,"-£26,180.81",,,Pathology,,"Family, Diagnostics and Community","Scientific, Therapeutic & Technical Staff",Substantive,-5.91,
,Outpatients and Diagnostics,258444,BLOOD TRANSFUSION,Pay,"Scientific, Therapeutic & Tech",2024-01,,WTE,-0.80,-£313.50,,,Pathology,,"Family, Diagnostics and Community","Scientific, Therapeutic & Technical Staff",Agency,-0.80,
,Outpatients and Diagnostics,258444,BLOOD TRANSFUSION,Pay,"Scientific, Therapeutic & Tech",2024-01,,WTE,-0.10,-£656.74,,,Pathology,,"Family, Diagnostics and Community","Scientific, Therapeutic & Technical Staff",Bank,-0.10,
,Outpatients and Diagnostics,258444,BLOOD TRANSFUSION,Pay,"Scientific, Therapeutic & Tech",2024-01,,WTE,-5.62,"-£26,370.45",,,Pathology,,"Family, Diagnostics and Community","Scientific, Therapeutic & Technical Staff",Substantive,-5.62,
,Outpatients and Diagnostics,258444,BLOOD TRANSFUSION,Pay,"Scientific, Therapeutic & Tech",2024-02,,WTE,-0.53,"-£7,985.01",,,Pathology,,"Family, Diagnostics and Community","Scientific, Therapeutic & Technical Staff",Agency,-0.53,
,Outpatients and Diagnostics,258444,BLOOD TRANSFUSION,Pay,"Scientific, Therapeutic & Tech",2024-02,,WTE,-0.15,-£985.14,,,Pathology,,"Family, Diagnostics and Community","Scientific, Therapeutic & Technical Staff",Bank,-0.15,
,Outpatients and Diagnostics,258444,BLOOD TRANSFUSION,Pay,"Scientific, Therapeutic & Tech",2024-02,,WTE,-6.22,"-£27,377.10",,,Pathology,,"Family, Diagnostics and Community","Scientific, Therapeutic & Technical Staff",Substantive,-6.22,
,Outpatients and Diagnostics,258444,BLOOD TRANSFUSION,Pay,"Scientific, Therapeutic & Tech",2024-03,,WTE,-0.52,"-£1,322.54",,,Pathology,,"Family, Diagnostics and Community","Scientific, Therapeutic & Technical Staff",Agency,-0.52,
,Outpatients and Diagnostics,258444,BLOOD TRANSFUSION,Pay,"Scientific, Therapeutic & Tech",2024-03,,WTE,-0.48,"-£2,895.88",,,Pathology,,"Family, Diagnostics and Community","Scientific, Therapeutic & Technical Staff",Bank,-0.48,
,Outpatients and Diagnostics,258444,BLOOD TRANSFUSION,Pay,"Scientific, Therapeutic & Tech",2024-03,,WTE,-7.13,"-£29,571.25",,,Pathology,,"Family, Diagnostics and Community","Scientific, Therapeutic & Technical Staff",Substantive,-7.13,
,Outpatients and Diagnostics,258445,PATHOLOGY COMP REVENUE,Pay,Nursing,2023-11,,WTE,0.00,-£24.02,,,Pathology,,"Family, Diagnostics and Community",Nursing & Midwifery Staff,Bank,0.00,
,Outpatients and Diagnostics,258445,PATHOLOGY COMP REVENUE,Pay,Nursing,2023-12,,WTE,0.00,£0.50,,,Pathology,,"Family, Diagnostics and Community",Nursing & Midwifery Staff,Bank,0.00,
,Outpatients and Diagnostics,258445,PATHOLOGY COMP REVENUE,Pay,"Scientific, Therapeutic & Tech",2023-11,,WTE,-1.00,"-£6,236.03",,,Pathology,,"Family, Diagnostics and Community","Scientific, Therapeutic & Technical Staff",Substantive,-1.00,
,Outpatients and Diagnostics,258445,PATHOLOGY COMP REVENUE,Pay,"Scientific, Therapeutic & Tech",2023-12,,WTE,-1.00,"-£7,153.69",,,Pathology,,"Family, Diagnostics and Community","Scientific, Therapeutic & Technical Staff",Substantive,-1.00,
,Outpatients and Diagnostics,258445,PATHOLOGY COMP REVENUE,Pay,"Scientific, Therapeutic & Tech",2024-01,,WTE,-1.21,"-£7,699.93",,,Pathology,,"Family, Diagnostics and Community","Scientific, Therapeutic & Technical Staff",Substantive,-1.21,
,Outpatients and Diagnostics,258445,PATHOLOGY COMP REVENUE,Pay,"Scientific, Therapeutic & Tech",2024-02,,WTE,-1.00,"-£6,236.03",,,Pathology,,"Family, Diagnostics and Community","Scientific, Therapeutic & Technical Staff",Substantive,-1.00,
,Outpatients and Diagnostics,258445,PATHOLOGY COMP REVENUE,Pay,"Scientific, Therapeutic & Tech",2024-03,,WTE,-1.21,"-£7,699.92",,,Pathology,,"Family, Diagnostics and Community","Scientific, Therapeutic & Technical Staff",Substantive,-1.21,
,Outpatients and Diagnostics,258445,PATHOLOGY COMP REVENUE,Pay,Snr Managers,2023-11,,WTE,-0.80,"-£3,709.09",,,Pathology,,"Family, Diagnostics and Community",Senior Managers,Substantive,-0.80,
,Outpatients and Diagnostics,258445,PATHOLOGY COMP REVENUE,Pay,Snr Managers,2023-12,,WTE,-0.90,"-£4,322.97",,,Pathology,,"Family, Diagnostics and Community",Senior Managers,Substantive,-0.90,
,Outpatients and Diagnostics,258445,PATHOLOGY COMP REVENUE,Pay,Snr Managers,2024-01,,WTE,-0.47,"-£2,289.22",,,Pathology,,"Family, Diagnostics and Community",Senior Managers,Substantive,-0.47,
,Outpatients and Diagnostics,258445,PATHOLOGY COMP REVENUE,Pay,Snr Managers,2024-02,,WTE,-0.74,"-£30,184.59",,,Pathology,,"Family, Diagnostics and Community",Senior Managers,Substantive,-0.74,
,Outpatients and Diagnostics,258445,PATHOLOGY COMP REVENUE,Pay,Snr Managers,2024-03,,WTE,-0.80,"-£3,709.09",,,Pathology,,"Family, Diagnostics and Community",Senior Managers,Substantive,-0.80,
,Outpatients and Diagnostics,258446,PRE-ANALYTICAL SERVICES,Pay,Admin & Clerical,2023-11,,WTE,-1.95,"-£9,325.74",,,Pathology,,"Family, Diagnostics and Community",Admin & Clerical Staff,Bank,-1.95,
,Outpatients and Diagnostics,258446,PRE-ANALYTICAL SERVICES,Pay,Admin & Clerical,2023-12,,WTE,-2.27,"-£7,227.02",,,Pathology,,"Family, Diagnostics and Community",Admin & Clerical Staff,Bank,-2.27,
,Outpatients and Diagnostics,258446,PRE-ANALYTICAL SERVICES,Pay,Admin & Clerical,2024-01,,WTE,-1.95,"-£6,136.77",,,Pathology,,"Family, Diagnostics and Community",Admin & Clerical Staff,Bank,-1.95,
,Outpatients and Diagnostics,258446,PRE-ANALYTICAL SERVICES,Pay,Admin & Clerical,2024-02,,WTE,-1.48,"-£4,621.01",,,Pathology,,"Family, Diagnostics and Community",Admin & Clerical Staff,Bank,-1.48,
,Outpatients and Diagnostics,258446,PRE-ANALYTICAL SERVICES,Pay,Admin & Clerical,2024-03,,WTE,-1.35,"-£4,309.02",,,Pathology,,"Family, Diagnostics and Community",Admin & Clerical Staff,Bank,-1.35,
,Outpatients and Diagnostics,258446,PRE-ANALYTICAL SERVICES,Pay,Nursing,2023-12,,WTE,-0.24,-£576.40,,,Pathology,,"Family, Diagnostics and Community",Nursing & Midwifery Staff,Bank,-0.24,
,Outpatients and Diagnostics,258446,PRE-ANALYTICAL SERVICES,Pay,Nursing,2024-01,,WTE,-0.24,-£576.41,,,Pathology,,"Family, Diagnostics and Community",Nursing & Midwifery Staff,Bank,-0.24,
,Outpatients and Diagnostics,258446,PRE-ANALYTICAL SERVICES,Pay,Nursing,2024-02,,WTE,-0.40,-£992.79,,,Pathology,,"Family, Diagnostics and Community",Nursing & Midwifery Staff,Bank,-0.40,
,Outpatients and Diagnostics,258446,PRE-ANALYTICAL SERVICES,Pay,Nursing,2024-03,,WTE,-0.25,-£600.36,,,Pathology,,"Family, Diagnostics and Community",Nursing & Midwifery Staff,Bank,-0.25,
,Outpatients and Diagnostics,258446,PRE-ANALYTICAL SERVICES,Pay,"Scientific, Therapeutic & Tech",2023-11,,WTE,-0.64,"-£2,665.05",,,Pathology,,"Family, Diagnostics and Community","Scientific, Therapeutic & Technical Staff",Bank,-0.64,
,Outpatients and Diagnostics,258446,PRE-ANALYTICAL SERVICES,Pay,"Scientific, Therapeutic & Tech",2023-11,,WTE,-25.26,"-£70,577.74",,,Pathology,,"Family, Diagnostics and Community","Scientific, Therapeutic & Technical Staff",Substantive,-25.26,
,Outpatients and Diagnostics,258446,PRE-ANALYTICAL SERVICES,Pay,"Scientific, Therapeutic & Tech",2023-12,,WTE,-0.87,"-£2,867.00",,,Pathology,,"Family, Diagnostics and Community","Scientific, Therapeutic & Technical Staff",Bank,-0.87,
,Outpatients and Diagnostics,258446,PRE-ANALYTICAL SERVICES,Pay,"Scientific, Therapeutic & Tech",2023-12,,WTE,-25.75,"-£67,175.85",,,Pathology,,"Family, Diagnostics and Community","Scientific, Therapeutic & Technical Staff",Substantive,-25.75,
,Outpatients and Diagnostics,258446,PRE-ANALYTICAL SERVICES,Pay,"Scientific, Therapeutic & Tech",2024-01,,WTE,-0.78,"-£2,392.54",,,Pathology,,"Family, Diagnostics and Community","Scientific, Therapeutic & Technical Staff",Bank,-0.78,
,Outpatients and Diagnostics,258446,PRE-ANALYTICAL SERVICES,Pay,"Scientific, Therapeutic & Tech",2024-01,,WTE,-26.48,"-£67,653.66",,,Pathology,,"Family, Diagnostics and Community","Scientific, Therapeutic & Technical Staff",Substantive,-26.48,
,Outpatients and Diagnostics,258446,PRE-ANALYTICAL SERVICES,Pay,"Scientific, Therapeutic & Tech",2024-02,,WTE,-0.92,"-£3,266.51",,,Pathology,,"Family, Diagnostics and Community","Scientific, Therapeutic & Technical Staff",Bank,-0.92,
,Outpatients and Diagnostics,258446,PRE-ANALYTICAL SERVICES,Pay,"Scientific, Therapeutic & Tech",2024-02,,WTE,-27.15,"-£70,377.43",,,Pathology,,"Family, Diagnostics and Community","Scientific, Therapeutic & Technical Staff",Substantive,-27.15,
,Outpatients and Diagnostics,258446,PRE-ANALYTICAL SERVICES,Pay,"Scientific, Therapeutic & Tech",2024-03,,WTE,-0.69,"-£2,898.55",,,Pathology,,"Family, Diagnostics and Community","Scientific, Therapeutic & Technical Staff",Bank,-0.69,
,Outpatients and Diagnostics,258446,PRE-ANALYTICAL SERVICES,Pay,"Scientific, Therapeutic & Tech",2024-03,,WTE,-26.78,"-£70,387.96",,,Pathology,,"Family, Diagnostics and Community","Scientific, Therapeutic & Technical Staff",Substantive,-26.78,
,Outpatients and Diagnostics,258447,BIOCHEMISTRY,Pay,Admin & Clerical,2023-12,,WTE,-0.15,-£539.46,,,Pathology,,"Family, Diagnostics and Community",Admin & Clerical Staff,Bank,-0.15,
,Outpatients and Diagnostics,258447,BIOCHEMISTRY,Pay,Admin & Clerical,2024-01,,WTE,-0.12,-£616.30,,,Pathology,,"Family, Diagnostics and Community",Admin & Clerical Staff,Bank,-0.12,
,Outpatients and Diagnostics,258447,BIOCHEMISTRY,Pay,Admin & Clerical,2024-02,,WTE,-0.07,-£342.34,,,Pathology,,"Family, Diagnostics and Community",Admin & Clerical Staff,Bank,-0.07,
,Outpatients and Diagnostics,258447,BIOCHEMISTRY,Pay,Admin & Clerical,2024-03,,WTE,0.00,£0.04,,,Pathology,,"Family, Diagnostics and Community",Admin & Clerical Staff,Bank,0.00,
,Outpatients and Diagnostics,258447,BIOCHEMISTRY,Pay,Medical,2023-11,,WTE,-1.10,"-£27,858.26",,,Pathology,,"Family, Diagnostics and Community",Medical Staff,Substantive,-1.10,
,Outpatients and Diagnostics,258447,BIOCHEMISTRY,Pay,Medical,2023-12,,WTE,-1.50,"-£33,509.97",,,Pathology,,"Family, Diagnostics and Community",Medical Staff,Substantive,-1.50,
,Outpatients and Diagnostics,258447,BIOCHEMISTRY,Pay,Medical,2024-01,,WTE,-1.00,"-£15,302.26",,,Pathology,,"Family, Diagnostics and Community",Medical Staff,Substantive,-1.00,
,Outpatients and Diagnostics,258447,BIOCHEMISTRY,Pay,Medical,2024-02,,WTE,-1.00,"-£15,302.26",,,Pathology,,"Family, Diagnostics and Community",Medical Staff,Substantive,-1.00,
,Outpatients and Diagnostics,258447,BIOCHEMISTRY,Pay,Medical,2024-03,,WTE,-1.00,"-£12,110.99",,,Pathology,,"Family, Diagnostics and Community",Medical Staff,Substantive,-1.00,
,Outpatients and Diagnostics,258447,BIOCHEMISTRY,Pay,"Scientific, Therapeutic & Tech",2023-11,,WTE,-0.65,"-£3,614.57",,,Pathology,,"Family, Diagnostics and Community","Scientific, Therapeutic & Technical Staff",Agency,-0.65,
,Outpatients and Diagnostics,258447,BIOCHEMISTRY,Pay,"Scientific, Therapeutic & Tech",2023-11,,WTE,-1.38,"-£4,957.85",,,Pathology,,"Family, Diagnostics and Community","Scientific, Therapeutic & Technical Staff",Bank,-1.38,
,Outpatients and Diagnostics,258447,BIOCHEMISTRY,Pay,"Scientific, Therapeutic & Tech",2023-11,,WTE,-21.21,"-£92,701.21",,,Pathology,,"Family, Diagnostics and Community","Scientific, Therapeutic & Technical Staff",Substantive,-21.21,
,Outpatients and Diagnostics,258447,BIOCHEMISTRY,Pay,"Scientific, Therapeutic & Tech",2023-12,,WTE,-0.65,"-£3,197.57",,,Pathology,,"Family, Diagnostics and Community","Scientific, Therapeutic & Technical Staff",Agency,-0.65,
,Outpatients and Diagnostics,258447,BIOCHEMISTRY,Pay,"Scientific, Therapeutic & Tech",2023-12,,WTE,-1.40,"-£4,175.09",,,Pathology,,"Family, Diagnostics and Community","Scientific, Therapeutic & Technical Staff",Bank,-1.40,
,Outpatients and Diagnostics,258447,BIOCHEMISTRY,Pay,"Scientific, Therapeutic & Tech",2023-12,,WTE,-20.14,"-£96,698.16",,,Pathology,,"Family, Diagnostics and Community","Scientific, Therapeutic & Technical Staff",Substantive,-20.14,
,Outpatients and Diagnostics,258447,BIOCHEMISTRY,Pay,"Scientific, Therapeutic & Tech",2024-01,,WTE,-0.99,"-£4,726.30",,,Pathology,,"Family, Diagnostics and Community","Scientific, Therapeutic & Technical Staff",Agency,-0.99,
,Outpatients and Diagnostics,258447,BIOCHEMISTRY,Pay,"Scientific, Therapeutic & Tech",2024-01,,WTE,-2.23,"-£7,351.74",,,Pathology,,"Family, Diagnostics and Community","Scientific, Therapeutic & Technical Staff",Bank,-2.23,
,Outpatients and Diagnostics,258447,BIOCHEMISTRY,Pay,"Scientific, Therapeutic & Tech",2024-01,,WTE,-21.12,"-£83,883.32",,,Pathology,,"Family, Diagnostics and Community","Scientific, Therapeutic & Technical Staff",Substantive,-21.12,
,Outpatients and Diagnostics,258447,BIOCHEMISTRY,Pay,"Scientific, Therapeutic & Tech",2024-02,,WTE,-0.73,"-£2,947.11",,,Pathology,,"Family, Diagnostics and Community","Scientific, Therapeutic & Technical Staff",Agency,-0.73,
,Outpatients and Diagnostics,258447,BIOCHEMISTRY,Pay,"Scientific, Therapeutic & Tech",2024-02,,WTE,-2.25,"-£8,298.48",,,Pathology,,"Family, Diagnostics and Community","Scientific, Therapeutic & Technical Staff",Bank,-2.25,
,Outpatients and Diagnostics,258447,BIOCHEMISTRY,Pay,"Scientific, Therapeutic & Tech",2024-02,,WTE,-19.86,"-£82,493.94",,,Pathology,,"Family, Diagnostics and Community","Scientific, Therapeutic & Technical Staff",Substantive,-19.86,
,Outpatients and Diagnostics,258447,BIOCHEMISTRY,Pay,"Scientific, Therapeutic & Tech",2024-03,,WTE,-0.95,"-£5,019.35",,,Pathology,,"Family, Diagnostics and Community","Scientific, Therapeutic & Technical Staff",Agency,-0.95,
,Outpatients and Diagnostics,258447,BIOCHEMISTRY,Pay,"Scientific, Therapeutic & Tech",2024-03,,WTE,-1.94,"-£6,204.49",,,Pathology,,"Family, Diagnostics and Community","Scientific, Therapeutic & Technical Staff",Bank,-1.94,
,Outpatients and Diagnostics,258447,BIOCHEMISTRY,Pay,"Scientific, Therapeutic & Tech",2024-03,,WTE,-21.31,"-£83,835.80",,,Pathology,,"Family, Diagnostics and Community","Scientific, Therapeutic & Technical Staff",Substantive,-21.31,
,Outpatients and Diagnostics,258448,HAEMATOLOGY,Pay,"Scientific, Therapeutic & Tech",2023-11,,WTE,-1.44,"-£9,448.02",,,Pathology,,"Family, Diagnostics and Community","Scientific, Therapeutic & Technical Staff",Agency,-1.44,
,Outpatients and Diagnostics,258448,HAEMATOLOGY,Pay,"Scientific, Therapeutic & Tech",2023-11,,WTE,-14.15,"-£58,312.80",,,Pathology,,"Family, Diagnostics and Community","Scientific, Therapeutic & Technical Staff",Substantive,-14.15,
,Outpatients and Diagnostics,258448,HAEMATOLOGY,Pay,"Scientific, Therapeutic & Tech",2023-12,,WTE,-1.45,"-£16,594.66",,,Pathology,,"Family, Diagnostics and Community","Scientific, Therapeutic & Technical Staff",Agency,-1.45,
,Outpatients and Diagnostics,258448,HAEMATOLOGY,Pay,"Scientific, Therapeutic & Tech",2023-12,,WTE,0.00,£1.36,,,Pathology,,"Family, Diagnostics and Community","Scientific, Therapeutic & Technical Staff",Bank,0.00,
,Outpatients and Diagnostics,258448,HAEMATOLOGY,Pay,"Scientific, Therapeutic & Tech",2023-12,,WTE,-15.39,"-£63,099.90",,,Pathology,,"Family, Diagnostics and Community","Scientific, Therapeutic & Technical Staff",Substantive,-15.39,
,Outpatients and Diagnostics,258448,HAEMATOLOGY,Pay,"Scientific, Therapeutic & Tech",2024-01,,WTE,-1.81,"-£15,675.18",,,Pathology,,"Family, Diagnostics and Community","Scientific, Therapeutic & Technical Staff",Agency,-1.81,
,Outpatients and Diagnostics,258448,HAEMATOLOGY,Pay,"Scientific, Therapeutic & Tech",2024-01,,WTE,-14.31,"-£60,429.39",,,Pathology,,"Family, Diagnostics and Community","Scientific, Therapeutic & Technical Staff",Substantive,-14.31,
,Outpatients and Diagnostics,258448,HAEMATOLOGY,Pay,"Scientific, Therapeutic & Tech",2024-02,,WTE,-1.80,"-£11,561.52",,,Pathology,,"Family, Diagnostics and Community","Scientific, Therapeutic & Technical Staff",Agency,-1.80,
,Outpatients and Diagnostics,258448,HAEMATOLOGY,Pay,"Scientific, Therapeutic & Tech",2024-02,,WTE,-14.11,"-£59,378.96",,,Pathology,,"Family, Diagnostics and Community","Scientific, Therapeutic & Technical Staff",Substantive,-14.11,
,Outpatients and Diagnostics,258448,HAEMATOLOGY,Pay,"Scientific, Therapeutic & Tech",2024-03,,WTE,-1.55,"-£13,147.19",,,Pathology,,"Family, Diagnostics and Community","Scientific, Therapeutic & Technical Staff",Agency,-1.55,
,Outpatients and Diagnostics,258448,HAEMATOLOGY,Pay,"Scientific, Therapeutic & Tech",2024-03,,WTE,-12.89,"-£52,122.09",,,Pathology,,"Family, Diagnostics and Community","Scientific, Therapeutic & Technical Staff",Substantive,-12.89,
,Outpatients and Diagnostics,258451,OUTPATIENT APPOINTMENT DEPARTM,Pay,Admin & Clerical,2023-11,,WTE,-1.88,"-£14,238.31",,,Clinical Admin/Outpatients,,"Family, Diagnostics and Community",Admin & Clerical Staff,Bank,-1.88,
,Outpatients and Diagnostics,258451,OUTPATIENT APPOINTMENT DEPARTM,Pay,Admin & Clerical,2023-11,,WTE,-16.93,"-£44,585.07",,,Clinical Admin/Outpatients,,"Family, Diagnostics and Community",Admin & Clerical Staff,Substantive,-16.93,
,Outpatients and Diagnostics,258451,OUTPATIENT APPOINTMENT DEPARTM,Pay,Admin & Clerical,2023-12,,WTE,-0.64,"-£3,768.67",,,Clinical Admin/Outpatients,,"Family, Diagnostics and Community",Admin & Clerical Staff,Bank,-0.64,
,Outpatients and Diagnostics,258451,OUTPATIENT APPOINTMENT DEPARTM,Pay,Admin & Clerical,2023-12,,WTE,-18.23,"-£51,040.51",,,Clinical Admin/Outpatients,,"Family, Diagnostics and Community",Admin & Clerical Staff,Substantive,-18.23,
,Outpatients and Diagnostics,258451,OUTPATIENT APPOINTMENT DEPARTM,Pay,Admin & Clerical,2024-01,,WTE,-1.17,"-£7,714.80",,,Clinical Admin/Outpatients,,"Family, Diagnostics and Community",Admin & Clerical Staff,Bank,-1.17,
,Outpatients and Diagnostics,258451,OUTPATIENT APPOINTMENT DEPARTM,Pay,Admin & Clerical,2024-01,,WTE,-20.90,"-£55,192.42",,,Clinical Admin/Outpatients,,"Family, Diagnostics and Community",Admin & Clerical Staff,Substantive,-20.90,
,Outpatients and Diagnostics,258451,OUTPATIENT APPOINTMENT DEPARTM,Pay,Admin & Clerical,2024-02,,WTE,-1.15,"-£7,049.15",,,Clinical Admin/Outpatients,,"Family, Diagnostics and Community",Admin & Clerical Staff,Bank,-1.15,
,Outpatients and Diagnostics,258451,OUTPATIENT APPOINTMENT DEPARTM,Pay,Admin & Clerical,2024-02,,WTE,-19.70,"-£51,989.58",,,Clinical Admin/Outpatients,,"Family, Diagnostics and Community",Admin & Clerical Staff,Substantive,-19.70,
,Outpatients and Diagnostics,258451,OUTPATIENT APPOINTMENT DEPARTM,Pay,Admin & Clerical,2024-03,,WTE,-1.54,"-£10,173.55",,,Clinical Admin/Outpatients,,"Family, Diagnostics and Community",Admin & Clerical Staff,Bank,-1.54,
,Outpatients and Diagnostics,258451,OUTPATIENT APPOINTMENT DEPARTM,Pay,Admin & Clerical,2024-03,,WTE,-20.09,"-£51,678.38",,,Clinical Admin/Outpatients,,"Family, Diagnostics and Community",Admin & Clerical Staff,Substantive,-20.09,
,Outpatients and Diagnostics,258451,OUTPATIENT APPOINTMENT DEPARTM,Pay,Nursing,2023-11,,WTE,-0.18,"-£2,859.28",,,Clinical Admin/Outpatients,,"Family, Diagnostics and Community",Nursing & Midwifery Staff,Bank,-0.18,
,Outpatients and Diagnostics,258453,OUTPATIENT SERVICES,Pay,Admin & Clerical,2023-11,,WTE,-1.00,"-£2,715.81",,,Clinical Admin/Outpatients,,"Family, Diagnostics and Community",Admin & Clerical Staff,Substantive,-1.00,
,Outpatients and Diagnostics,258453,OUTPATIENT SERVICES,Pay,Admin & Clerical,2023-12,,WTE,0.00,£0.35,,,Clinical Admin/Outpatients,,"Family, Diagnostics and Community",Admin & Clerical Staff,Bank,0.00,
,Outpatients and Diagnostics,258453,OUTPATIENT SERVICES,Pay,Admin & Clerical,2023-12,,WTE,-1.00,"-£2,715.81",,,Clinical Admin/Outpatients,,"Family, Diagnostics and Community",Admin & Clerical Staff,Substantive,-1.00,
,Outpatients and Diagnostics,258453,OUTPATIENT SERVICES,Pay,Admin & Clerical,2024-01,,WTE,-1.00,"-£2,715.81",,,Clinical Admin/Outpatients,,"Family, Diagnostics and Community",Admin & Clerical Staff,Substantive,-1.00,
,Outpatients and Diagnostics,258453,OUTPATIENT SERVICES,Pay,Admin & Clerical,2024-02,,WTE,-1.00,"-£2,715.81",,,Clinical Admin/Outpatients,,"Family, Diagnostics and Community",Admin & Clerical Staff,Substantive,-1.00,
,Outpatients and Diagnostics,258453,OUTPATIENT SERVICES,Pay,Admin & Clerical,2024-03,,WTE,-1.00,"-£2,715.81",,,Clinical Admin/Outpatients,,"Family, Diagnostics and Community",Admin & Clerical Staff,Substantive,-1.00,
,Outpatients and Diagnostics,258453,OUTPATIENT SERVICES,Pay,Nursing,2023-11,,WTE,-0.64,"-£3,785.35",,,Clinical Admin/Outpatients,,"Family, Diagnostics and Community",Nursing & Midwifery Staff,Bank,-0.64,
,Outpatients and Diagnostics,258453,OUTPATIENT SERVICES,Pay,Nursing,2023-11,,WTE,-26.78,"-£88,932.95",,,Clinical Admin/Outpatients,,"Family, Diagnostics and Community",Nursing & Midwifery Staff,Substantive,-26.78,
,Outpatients and Diagnostics,258453,OUTPATIENT SERVICES,Pay,Nursing,2023-12,,WTE,-0.54,"-£1,916.89",,,Clinical Admin/Outpatients,,"Family, Diagnostics and Community",Nursing & Midwifery Staff,Bank,-0.54,
,Outpatients and Diagnostics,258453,OUTPATIENT SERVICES,Pay,Nursing,2023-12,,WTE,-25.88,"-£84,248.70",,,Clinical Admin/Outpatients,,"Family, Diagnostics and Community",Nursing & Midwifery Staff,Substantive,-25.88,
,Outpatients and Diagnostics,258453,OUTPATIENT SERVICES,Pay,Nursing,2024-01,,WTE,-0.32,"-£1,631.09",,,Clinical Admin/Outpatients,,"Family, Diagnostics and Community",Nursing & Midwifery Staff,Bank,-0.32,
,Outpatients and Diagnostics,258453,OUTPATIENT SERVICES,Pay,Nursing,2024-01,,WTE,-23.73,"-£89,160.22",,,Clinical Admin/Outpatients,,"Family, Diagnostics and Community",Nursing & Midwifery Staff,Substantive,-23.73,
,Outpatients and Diagnostics,258453,OUTPATIENT SERVICES,Pay,Nursing,2024-02,,WTE,-0.25,"-£1,321.48",,,Clinical Admin/Outpatients,,"Family, Diagnostics and Community",Nursing & Midwifery Staff,Bank,-0.25,
,Outpatients and Diagnostics,258453,OUTPATIENT SERVICES,Pay,Nursing,2024-02,,WTE,-27.09,"-£86,847.09",,,Clinical Admin/Outpatients,,"Family, Diagnostics and Community",Nursing & Midwifery Staff,Substantive,-27.09,
,Outpatients and Diagnostics,258453,OUTPATIENT SERVICES,Pay,Nursing,2024-03,,WTE,-0.51,"-£3,332.75",,,Clinical Admin/Outpatients,,"Family, Diagnostics and Community",Nursing & Midwifery Staff,Bank,-0.51,
,Outpatients and Diagnostics,258453,OUTPATIENT SERVICES,Pay,Nursing,2024-03,,WTE,-26.35,"-£128,080.38",,,Clinical Admin/Outpatients,,"Family, Diagnostics and Community",Nursing & Midwifery Staff,Substantive,-26.35,
,Outpatients and Diagnostics,258453,OUTPATIENT SERVICES,Pay,"Scientific, Therapeutic & Tech",2023-11,,WTE,-1.41,"-£4,936.41",,,Clinical Admin/Outpatients,,"Family, Diagnostics and Community","Scientific, Therapeutic & Technical Staff",Substantive,-1.41,
,Outpatients and Diagnostics,258453,OUTPATIENT SERVICES,Pay,"Scientific, Therapeutic & Tech",2023-12,,WTE,-1.41,"-£4,936.41",,,Clinical Admin/Outpatients,,"Family, Diagnostics and Community","Scientific, Therapeutic & Technical Staff",Substantive,-1.41,
,Outpatients and Diagnostics,258453,OUTPATIENT SERVICES,Pay,"Scientific, Therapeutic & Tech",2024-01,,WTE,-1.41,"-£4,936.41",,,Clinical Admin/Outpatients,,"Family, Diagnostics and Community","Scientific, Therapeutic & Technical Staff",Substantive,-1.41,
,Outpatients and Diagnostics,258453,OUTPATIENT SERVICES,Pay,"Scientific, Therapeutic & Tech",2024-02,,WTE,-1.41,"-£4,936.41",,,Clinical Admin/Outpatients,,"Family, Diagnostics and Community","Scientific, Therapeutic & Technical Staff",Substantive,-1.41,
,Outpatients and Diagnostics,258453,OUTPATIENT SERVICES,Pay,"Scientific, Therapeutic & Tech",2024-03,,WTE,-1.41,"-£4,936.41",,,Clinical Admin/Outpatients,,"Family, Diagnostics and Community","Scientific, Therapeutic & Technical Staff",Substantive,-1.41,
,Outpatients and Diagnostics,258455,PAH PHARMACY,Pay,Admin & Clerical,2023-11,,WTE,-0.16,"-£1,761.30",,,Pharmacy,,"Family, Diagnostics and Community",Admin & Clerical Staff,Bank,-0.16,
,Outpatients and Diagnostics,258455,PAH PHARMACY,Pay,Admin & Clerical,2023-11,,WTE,-3.77,"-£10,100.58",,,Pharmacy,,"Family, Diagnostics and Community",Admin & Clerical Staff,Substantive,-3.77,
,Outpatients and Diagnostics,258455,PAH PHARMACY,Pay,Admin & Clerical,2023-12,,WTE,-0.08,-£673.15,,,Pharmacy,,"Family, Diagnostics and Community",Admin & Clerical Staff,Bank,-0.08,
,Outpatients and Diagnostics,258455,PAH PHARMACY,Pay,Admin & Clerical,2023-12,,WTE,-3.64,"-£9,573.15",,,Pharmacy,,"Family, Diagnostics and Community",Admin & Clerical Staff,Substantive,-3.64,
,Outpatients and Diagnostics,258455,PAH PHARMACY,Pay,Admin & Clerical,2024-01,,WTE,-0.20,"-£1,761.41",,,Pharmacy,,"Family, Diagnostics and Community",Admin & Clerical Staff,Bank,-0.20,
,Outpatients and Diagnostics,258455,PAH PHARMACY,Pay,Admin & Clerical,2024-01,,WTE,-3.69,"-£9,831.89",,,Pharmacy,,"Family, Diagnostics and Community",Admin & Clerical Staff,Substantive,-3.69,
,Outpatients and Diagnostics,258455,PAH PHARMACY,Pay,Admin & Clerical,2024-02,,WTE,-0.20,"-£1,761.35",,,Pharmacy,,"Family, Diagnostics and Community",Admin & Clerical Staff,Bank,-0.20,
,Outpatients and Diagnostics,258455,PAH PHARMACY,Pay,Admin & Clerical,2024-02,,WTE,-2.65,"-£7,334.33",,,Pharmacy,,"Family, Diagnostics and Community",Admin & Clerical Staff,Substantive,-2.65,
,Outpatients and Diagnostics,258455,PAH PHARMACY,Pay,Admin & Clerical,2024-03,,WTE,-0.20,"-£1,761.35",,,Pharmacy,,"Family, Diagnostics and Community",Admin & Clerical Staff,Bank,-0.20,
,Outpatients and Diagnostics,258455,PAH PHARMACY,Pay,Admin & Clerical,2024-03,,WTE,-2.72,"-£7,545.78",,,Pharmacy,,"Family, Diagnostics and Community",Admin & Clerical Staff,Substantive,-2.72,
,Outpatients and Diagnostics,258455,PAH PHARMACY,Pay,"Scientific, Therapeutic & Tech",2023-11,,WTE,-3.50,"-£13,004.24",,,Pharmacy,,"Family, Diagnostics and Community","Scientific, Therapeutic & Technical Staff",Agency,-3.50,
,Outpatients and Diagnostics,258455,PAH PHARMACY,Pay,"Scientific, Therapeutic & Tech",2023-11,,WTE,-5.14,"-£32,180.60",,,Pharmacy,,"Family, Diagnostics and Community","Scientific, Therapeutic & Technical Staff",Bank,-5.14,
,Outpatients and Diagnostics,258455,PAH PHARMACY,Pay,"Scientific, Therapeutic & Tech",2023-11,,WTE,-77.79,"-£347,190.26",,,Pharmacy,,"Family, Diagnostics and Community","Scientific, Therapeutic & Technical Staff",Substantive,-77.79,
,Outpatients and Diagnostics,258455,PAH PHARMACY,Pay,"Scientific, Therapeutic & Tech",2023-12,,WTE,-3.32,"-£10,292.16",,,Pharmacy,,"Family, Diagnostics and Community","Scientific, Therapeutic & Technical Staff",Agency,-3.32,
,Outpatients and Diagnostics,258455,PAH PHARMACY,Pay,"Scientific, Therapeutic & Tech",2023-12,,WTE,-5.27,"-£28,153.62",,,Pharmacy,,"Family, Diagnostics and Community","Scientific, Therapeutic & Technical Staff",Bank,-5.27,
,Outpatients and Diagnostics,258455,PAH PHARMACY,Pay,"Scientific, Therapeutic & Tech",2023-12,,WTE,-74.01,"-£336,314.55",,,Pharmacy,,"Family, Diagnostics and Community","Scientific, Therapeutic & Technical Staff",Substantive,-74.01,
,Outpatients and Diagnostics,258455,PAH PHARMACY,Pay,"Scientific, Therapeutic & Tech",2024-01,,WTE,-5.25,"-£22,083.60",,,Pharmacy,,"Family, Diagnostics and Community","Scientific, Therapeutic & Technical Staff",Agency,-5.25,
,Outpatients and Diagnostics,258455,PAH PHARMACY,Pay,"Scientific, Therapeutic & Tech",2024-01,,WTE,-8.29,"-£33,640.41",,,Pharmacy,,"Family, Diagnostics and Community","Scientific, Therapeutic & Technical Staff",Bank,-8.29,
,Outpatients and Diagnostics,258455,PAH PHARMACY,Pay,"Scientific, Therapeutic & Tech",2024-01,,WTE,-74.97,"-£333,097.93",,,Pharmacy,,"Family, Diagnostics and Community","Scientific, Therapeutic & Technical Staff",Substantive,-74.97,
,Outpatients and Diagnostics,258455,PAH PHARMACY,Pay,"Scientific, Therapeutic & Tech",2024-02,,WTE,-1.42,"-£8,450.09",,,Pharmacy,,"Family, Diagnostics and Community","Scientific, Therapeutic & Technical Staff",Agency,-1.42,
,Outpatients and Diagnostics,258455,PAH PHARMACY,Pay,"Scientific, Therapeutic & Tech",2024-02,,WTE,-4.94,"-£27,265.29",,,Pharmacy,,"Family, Diagnostics and Community","Scientific, Therapeutic & Technical Staff",Bank,-4.94,
,Outpatients and Diagnostics,258455,PAH PHARMACY,Pay,"Scientific, Therapeutic & Tech",2024-02,,WTE,-73.63,"-£334,701.51",,,Pharmacy,,"Family, Diagnostics and Community","Scientific, Therapeutic & Technical Staff",Substantive,-73.63,
,Outpatients and Diagnostics,258455,PAH PHARMACY,Pay,"Scientific, Therapeutic & Tech",2024-03,,WTE,-1.26,"-£6,709.39",,,Pharmacy,,"Family, Diagnostics and Community","Scientific, Therapeutic & Technical Staff",Agency,-1.26,
,Outpatients and Diagnostics,258455,PAH PHARMACY,Pay,"Scientific, Therapeutic & Tech",2024-03,,WTE,-5.35,"-£33,166.13",,,Pharmacy,,"Family, Diagnostics and Community","Scientific, Therapeutic & Technical Staff",Bank,-5.35,
,Outpatients and Diagnostics,258455,PAH PHARMACY,Pay,"Scientific, Therapeutic & Tech",2024-03,,WTE,-75.90,"-£362,985.73",,,Pharmacy,,"Family, Diagnostics and Community","Scientific, Therapeutic & Technical Staff",Substantive,-75.90,
,Outpatients and Diagnostics,258458,EPMA TEAM,Pay,Nursing,2023-11,,WTE,-2.00,£0.00,,,Pharmacy,,"Family, Diagnostics and Community",Nursing & Midwifery Staff,Substantive,-2.00,
,Outpatients and Diagnostics,258458,EPMA TEAM,Pay,Nursing,2023-12,,WTE,0.00,£3.96,,,Pharmacy,,"Family, Diagnostics and Community",Nursing & Midwifery Staff,Bank,0.00,
,Outpatients and Diagnostics,258458,EPMA TEAM,Pay,Nursing,2024-01,,WTE,-1.83,"-£14,031.08",,,Pharmacy,,"Family, Diagnostics and Community",Nursing & Midwifery Staff,Substantive,-1.83,
,Outpatients and Diagnostics,258458,EPMA TEAM,Pay,Nursing,2024-02,,WTE,0.20,"-£4,646.70",,,Pharmacy,,"Family, Diagnostics and Community",Nursing & Midwifery Staff,Substantive,0.20,
,Outpatients and Diagnostics,258458,EPMA TEAM,Pay,Nursing,2024-03,,WTE,-0.80,"-£4,575.37",,,Pharmacy,,"Family, Diagnostics and Community",Nursing & Midwifery Staff,Substantive,-0.80,
,Outpatients and Diagnostics,258458,EPMA TEAM,Pay,"Scientific, Therapeutic & Tech",2023-11,,WTE,-4.40,"-£23,934.35",,,Pharmacy,,"Family, Diagnostics and Community","Scientific, Therapeutic & Technical Staff",Substantive,-4.40,
,Outpatients and Diagnostics,258458,EPMA TEAM,Pay,"Scientific, Therapeutic & Tech",2023-12,,WTE,-3.96,"-£21,966.55",,,Pharmacy,,"Family, Diagnostics and Community","Scientific, Therapeutic & Technical Staff",Substantive,-3.96,
,Outpatients and Diagnostics,258458,EPMA TEAM,Pay,"Scientific, Therapeutic & Tech",2024-01,,WTE,-4.03,"-£22,157.96",,,Pharmacy,,"Family, Diagnostics and Community","Scientific, Therapeutic & Technical Staff",Substantive,-4.03,
,Outpatients and Diagnostics,258458,EPMA TEAM,Pay,"Scientific, Therapeutic & Tech",2024-02,,WTE,-3.85,"-£21,106.44",,,Pharmacy,,"Family, Diagnostics and Community","Scientific, Therapeutic & Technical Staff",Substantive,-3.85,
,Outpatients and Diagnostics,258458,EPMA TEAM,Pay,"Scientific, Therapeutic & Tech",2024-03,,WTE,-3.87,"-£21,182.73",,,Pharmacy,,"Family, Diagnostics and Community","Scientific, Therapeutic & Technical Staff",Substantive,-3.87,
,"Family, Diagnostics and Community Management",258459,CCCS MANAGEMENT TEAM,Pay,Admin & Clerical,2023-11,,WTE,-0.10,"-£1,276.23",,,"Family, Diagnostics and Community Management",,"Family, Diagnostics and Community",Admin & Clerical Staff,Bank,-0.10,
,"Family, Diagnostics and Community Management",258459,CCCS MANAGEMENT TEAM,Pay,Admin & Clerical,2023-11,,WTE,-5.83,"-£21,183.66",,,"Family, Diagnostics and Community Management",,"Family, Diagnostics and Community",Admin & Clerical Staff,Substantive,-5.83,
,"Family, Diagnostics and Community Management",258459,CCCS MANAGEMENT TEAM,Pay,Admin & Clerical,2023-12,,WTE,-0.65,"-£11,154.78",,,"Family, Diagnostics and Community Management",,"Family, Diagnostics and Community",Admin & Clerical Staff,Agency,-0.65,
,"Family, Diagnostics and Community Management",258459,CCCS MANAGEMENT TEAM,Pay,Admin & Clerical,2023-12,,WTE,-0.12,-£971.55,,,"Family, Diagnostics and Community Management",,"Family, Diagnostics and Community",Admin & Clerical Staff,Bank,-0.12,
,"Family, Diagnostics and Community Management",258459,CCCS MANAGEMENT TEAM,Pay,Admin & Clerical,2023-12,,WTE,-4.80,"-£17,404.43",,,"Family, Diagnostics and Community Management",,"Family, Diagnostics and Community",Admin & Clerical Staff,Substantive,-4.80,
,"Family, Diagnostics and Community Management",258459,CCCS MANAGEMENT TEAM,Pay,Admin & Clerical,2024-01,,WTE,-1.10,"-£18,877.32",,,"Family, Diagnostics and Community Management",,"Family, Diagnostics and Community",Admin & Clerical Staff,Agency,-1.10,
,"Family, Diagnostics and Community Management",258459,CCCS MANAGEMENT TEAM,Pay,Admin & Clerical,2024-01,,WTE,-0.14,"-£1,579.32",,,"Family, Diagnostics and Community Management",,"Family, Diagnostics and Community",Admin & Clerical Staff,Bank,-0.14,
,"Family, Diagnostics and Community Management",258459,CCCS MANAGEMENT TEAM,Pay,Admin & Clerical,2024-01,,WTE,-4.80,"-£17,404.43",,,"Family, Diagnostics and Community Management",,"Family, Diagnostics and Community",Admin & Clerical Staff,Substantive,-4.80,
,"Family, Diagnostics and Community Management",258459,CCCS MANAGEMENT TEAM,Pay,Admin & Clerical,2024-02,,WTE,-1.05,"-£18,019.26",,,"Family, Diagnostics and Community Management",,"Family, Diagnostics and Community",Admin & Clerical Staff,Agency,-1.05,
,"Family, Diagnostics and Community Management",258459,CCCS MANAGEMENT TEAM,Pay,Admin & Clerical,2024-02,,WTE,-0.29,"-£2,726.32",,,"Family, Diagnostics and Community Management",,"Family, Diagnostics and Community",Admin & Clerical Staff,Bank,-0.29,
,"Family, Diagnostics and Community Management",258459,CCCS MANAGEMENT TEAM,Pay,Admin & Clerical,2024-02,,WTE,-4.80,"-£17,404.43",,,"Family, Diagnostics and Community Management",,"Family, Diagnostics and Community",Admin & Clerical Staff,Substantive,-4.80,
,"Family, Diagnostics and Community Management",258459,CCCS MANAGEMENT TEAM,Pay,Admin & Clerical,2024-03,,WTE,-1.00,"-£17,161.20",,,"Family, Diagnostics and Community Management",,"Family, Diagnostics and Community",Admin & Clerical Staff,Agency,-1.00,
,"Family, Diagnostics and Community Management",258459,CCCS MANAGEMENT TEAM,Pay,Admin & Clerical,2024-03,,WTE,-0.15,-£866.42,,,"Family, Diagnostics and Community Management",,"Family, Diagnostics and Community",Admin & Clerical Staff,Bank,-0.15,
,"Family, Diagnostics and Community Management",258459,CCCS MANAGEMENT TEAM,Pay,Admin & Clerical,2024-03,,WTE,-4.80,"-£17,404.43",,,"Family, Diagnostics and Community Management",,"Family, Diagnostics and Community",Admin & Clerical Staff,Substantive,-4.80,
,"Family, Diagnostics and Community Management",258459,CCCS MANAGEMENT TEAM,Pay,Medical,2023-11,,WTE,-0.40,"-£6,030.51",,,"Family, Diagnostics and Community Management",,"Family, Diagnostics and Community",Medical Staff,Substantive,-0.40,
,"Family, Diagnostics and Community Management",258459,CCCS MANAGEMENT TEAM,Pay,Medical,2023-12,,WTE,-0.40,"-£8,514.58",,,"Family, Diagnostics and Community Management",,"Family, Diagnostics and Community",Medical Staff,Substantive,-0.40,
,"Family, Diagnostics and Community Management",258459,CCCS MANAGEMENT TEAM,Pay,Medical,2024-01,,WTE,-0.60,"-£17,508.73",,,"Family, Diagnostics and Community Management",,"Family, Diagnostics and Community",Medical Staff,Substantive,-0.60,
,"Family, Diagnostics and Community Management",258459,CCCS MANAGEMENT TEAM,Pay,Medical,2024-02,,WTE,-0.40,"-£11,435.31",,,"Family, Diagnostics and Community Management",,"Family, Diagnostics and Community",Medical Staff,Substantive,-0.40,
,"Family, Diagnostics and Community Management",258459,CCCS MANAGEMENT TEAM,Pay,Medical,2024-03,,WTE,-0.40,"-£11,792.19",,,"Family, Diagnostics and Community Management",,"Family, Diagnostics and Community",Medical Staff,Substantive,-0.40,
,"Family, Diagnostics and Community Management",258459,CCCS MANAGEMENT TEAM,Pay,Nursing,2023-11,,WTE,0.00,-£440.40,,,"Family, Diagnostics and Community Management",,"Family, Diagnostics and Community",Nursing & Midwifery Staff,Bank,0.00,
,"Family, Diagnostics and Community Management",258459,CCCS MANAGEMENT TEAM,Pay,Nursing,2023-11,,WTE,-3.20,"-£21,129.78",,,"Family, Diagnostics and Community Management",,"Family, Diagnostics and Community",Nursing & Midwifery Staff,Substantive,-3.20,
,"Family, Diagnostics and Community Management",258459,CCCS MANAGEMENT TEAM,Pay,Nursing,2023-12,,WTE,0.00,£16.89,,,"Family, Diagnostics and Community Management",,"Family, Diagnostics and Community",Nursing & Midwifery Staff,Bank,0.00,
,"Family, Diagnostics and Community Management",258459,CCCS MANAGEMENT TEAM,Pay,Nursing,2023-12,,WTE,-3.20,"-£21,204.30",,,"Family, Diagnostics and Community Management",,"Family, Diagnostics and Community",Nursing & Midwifery Staff,Substantive,-3.20,
,"Family, Diagnostics and Community Management",258459,CCCS MANAGEMENT TEAM,Pay,Nursing,2024-01,,WTE,-3.20,"-£21,052.70",,,"Family, Diagnostics and Community Management",,"Family, Diagnostics and Community",Nursing & Midwifery Staff,Substantive,-3.20,
,"Family, Diagnostics and Community Management",258459,CCCS MANAGEMENT TEAM,Pay,Nursing,2024-02,,WTE,-0.05,-£468.23,,,"Family, Diagnostics and Community Management",,"Family, Diagnostics and Community",Nursing & Midwifery Staff,Bank,-0.05,
,"Family, Diagnostics and Community Management",258459,CCCS MANAGEMENT TEAM,Pay,Nursing,2024-02,,WTE,-3.20,"-£21,206.85",,,"Family, Diagnostics and Community Management",,"Family, Diagnostics and Community",Nursing & Midwifery Staff,Substantive,-3.20,
,"Family, Diagnostics and Community Management",258459,CCCS MANAGEMENT TEAM,Pay,Nursing,2024-03,,WTE,-3.20,"-£21,137.25",,,"Family, Diagnostics and Community Management",,"Family, Diagnostics and Community",Nursing & Midwifery Staff,Substantive,-3.20,
,"Family, Diagnostics and Community Management",258459,CCCS MANAGEMENT TEAM,Pay,"Scientific, Therapeutic & Tech",2023-12,,WTE,0.00,£0.94,,,"Family, Diagnostics and Community Management",,"Family, Diagnostics and Community","Scientific, Therapeutic & Technical Staff",Bank,0.00,
,"Family, Diagnostics and Community Management",258459,CCCS MANAGEMENT TEAM,Pay,Snr Managers,2023-11,,WTE,-6.20,"-£38,063.44",,,"Family, Diagnostics and Community Management",,"Family, Diagnostics and Community",Senior Managers,Substantive,-6.20,
,"Family, Diagnostics and Community Management",258459,CCCS MANAGEMENT TEAM,Pay,Snr Managers,2023-12,,WTE,-7.80,"-£51,947.92",,,"Family, Diagnostics and Community Management",,"Family, Diagnostics and Community",Senior Managers,Substantive,-7.80,
,"Family, Diagnostics and Community Management",258459,CCCS MANAGEMENT TEAM,Pay,Snr Managers,2024-01,,WTE,-7.17,"-£46,663.39",,,"Family, Diagnostics and Community Management",,"Family, Diagnostics and Community",Senior Managers,Substantive,-7.17,
,"Family, Diagnostics and Community Management",258459,CCCS MANAGEMENT TEAM,Pay,Snr Managers,2024-02,,WTE,-6.70,"-£44,709.69",,,"Family, Diagnostics and Community Management",,"Family, Diagnostics and Community",Senior Managers,Substantive,-6.70,
,"Family, Diagnostics and Community Management",258459,CCCS MANAGEMENT TEAM,Pay,Snr Managers,2024-03,,WTE,-8.18,"-£52,029.11",,,"Family, Diagnostics and Community Management",,"Family, Diagnostics and Community",Senior Managers,Substantive,-8.18,
,Outpatients and Diagnostics,258460,OCCUPATIONAL THERAPY PAH ACUTE,Pay,Admin & Clerical,2023-11,,WTE,-0.80,"-£2,371.47",,,Therapies,,"Family, Diagnostics and Community",Admin & Clerical Staff,Substantive,-0.80,
,Outpatients and Diagnostics,258460,OCCUPATIONAL THERAPY PAH ACUTE,Pay,Admin & Clerical,2023-12,,WTE,-0.80,"-£2,371.47",,,Therapies,,"Family, Diagnostics and Community",Admin & Clerical Staff,Substantive,-0.80,
,Outpatients and Diagnostics,258460,OCCUPATIONAL THERAPY PAH ACUTE,Pay,Admin & Clerical,2024-01,,WTE,-0.80,"-£2,371.47",,,Therapies,,"Family, Diagnostics and Community",Admin & Clerical Staff,Substantive,-0.80,
,Outpatients and Diagnostics,258460,OCCUPATIONAL THERAPY PAH ACUTE,Pay,Admin & Clerical,2024-02,,WTE,-0.80,"-£2,371.47",,,Therapies,,"Family, Diagnostics and Community",Admin & Clerical Staff,Substantive,-0.80,
,Outpatients and Diagnostics,258460,OCCUPATIONAL THERAPY PAH ACUTE,Pay,Admin & Clerical,2024-03,,WTE,-0.80,"-£2,371.47",,,Therapies,,"Family, Diagnostics and Community",Admin & Clerical Staff,Substantive,-0.80,
,Outpatients and Diagnostics,258460,OCCUPATIONAL THERAPY PAH ACUTE,Pay,"Scientific, Therapeutic & Tech",2023-11,,WTE,-1.05,"-£2,513.85",,,Therapies,,"Family, Diagnostics and Community","Scientific, Therapeutic & Technical Staff",Agency,-1.05,
,Outpatients and Diagnostics,258460,OCCUPATIONAL THERAPY PAH ACUTE,Pay,"Scientific, Therapeutic & Tech",2023-11,,WTE,-0.67,"-£6,752.20",,,Therapies,,"Family, Diagnostics and Community","Scientific, Therapeutic & Technical Staff",Bank,-0.67,
,Outpatients and Diagnostics,258460,OCCUPATIONAL THERAPY PAH ACUTE,Pay,"Scientific, Therapeutic & Tech",2023-11,,WTE,-17.33,"-£64,075.71",,,Therapies,,"Family, Diagnostics and Community","Scientific, Therapeutic & Technical Staff",Substantive,-17.33,
,Outpatients and Diagnostics,258460,OCCUPATIONAL THERAPY PAH ACUTE,Pay,"Scientific, Therapeutic & Tech",2023-12,,WTE,-1.41,"-£7,237.53",,,Therapies,,"Family, Diagnostics and Community","Scientific, Therapeutic & Technical Staff",Agency,-1.41,
,Outpatients and Diagnostics,258460,OCCUPATIONAL THERAPY PAH ACUTE,Pay,"Scientific, Therapeutic & Tech",2023-12,,WTE,-0.91,"-£5,854.03",,,Therapies,,"Family, Diagnostics and Community","Scientific, Therapeutic & Technical Staff",Bank,-0.91,
,Outpatients and Diagnostics,258460,OCCUPATIONAL THERAPY PAH ACUTE,Pay,"Scientific, Therapeutic & Tech",2023-12,,WTE,-16.62,"-£58,590.83",,,Therapies,,"Family, Diagnostics and Community","Scientific, Therapeutic & Technical Staff",Substantive,-16.62,
,Outpatients and Diagnostics,258460,OCCUPATIONAL THERAPY PAH ACUTE,Pay,"Scientific, Therapeutic & Tech",2024-01,,WTE,-1.61,"-£7,991.87",,,Therapies,,"Family, Diagnostics and Community","Scientific, Therapeutic & Technical Staff",Agency,-1.61,
,Outpatients and Diagnostics,258460,OCCUPATIONAL THERAPY PAH ACUTE,Pay,"Scientific, Therapeutic & Tech",2024-01,,WTE,-0.67,"-£4,510.73",,,Therapies,,"Family, Diagnostics and Community","Scientific, Therapeutic & Technical Staff",Bank,-0.67,
,Outpatients and Diagnostics,258460,OCCUPATIONAL THERAPY PAH ACUTE,Pay,"Scientific, Therapeutic & Tech",2024-01,,WTE,-17.60,"-£60,649.04",,,Therapies,,"Family, Diagnostics and Community","Scientific, Therapeutic & Technical Staff",Substantive,-17.60,
,Outpatients and Diagnostics,258460,OCCUPATIONAL THERAPY PAH ACUTE,Pay,"Scientific, Therapeutic & Tech",2024-02,,WTE,-2.39,"-£12,226.07",,,Therapies,,"Family, Diagnostics and Community","Scientific, Therapeutic & Technical Staff",Agency,-2.39,
,Outpatients and Diagnostics,258460,OCCUPATIONAL THERAPY PAH ACUTE,Pay,"Scientific, Therapeutic & Tech",2024-02,,WTE,-1.58,"-£8,571.12",,,Therapies,,"Family, Diagnostics and Community","Scientific, Therapeutic & Technical Staff",Bank,-1.58,
,Outpatients and Diagnostics,258460,OCCUPATIONAL THERAPY PAH ACUTE,Pay,"Scientific, Therapeutic & Tech",2024-02,,WTE,-17.78,"-£60,250.49",,,Therapies,,"Family, Diagnostics and Community","Scientific, Therapeutic & Technical Staff",Substantive,-17.78,
,Outpatients and Diagnostics,258460,OCCUPATIONAL THERAPY PAH ACUTE,Pay,"Scientific, Therapeutic & Tech",2024-03,,WTE,-2.13,"-£11,777.61",,,Therapies,,"Family, Diagnostics and Community","Scientific, Therapeutic & Technical Staff",Agency,-2.13,
,Outpatients and Diagnostics,258460,OCCUPATIONAL THERAPY PAH ACUTE,Pay,"Scientific, Therapeutic & Tech",2024-03,,WTE,-1.90,"-£12,000.93",,,Therapies,,"Family, Diagnostics and Community","Scientific, Therapeutic & Technical Staff",Bank,-1.90,
,Outpatients and Diagnostics,258460,OCCUPATIONAL THERAPY PAH ACUTE,Pay,"Scientific, Therapeutic & Tech",2024-03,,WTE,-17.52,"-£72,426.27",,,Therapies,,"Family, Diagnostics and Community","Scientific, Therapeutic & Technical Staff",Substantive,-17.52,
,Outpatients and Diagnostics,258461,PHYSIOTHERAPY PAH ACUTE,Pay,Admin & Clerical,2023-11,,WTE,-1.60,"-£3,819.91",,,Therapies,,"Family, Diagnostics and Community",Admin & Clerical Staff,Substantive,-1.60,
,Outpatients and Diagnostics,258461,PHYSIOTHERAPY PAH ACUTE,Pay,Admin & Clerical,2023-12,,WTE,-1.60,"-£3,819.91",,,Therapies,,"Family, Diagnostics and Community",Admin & Clerical Staff,Substantive,-1.60,
,Outpatients and Diagnostics,258461,PHYSIOTHERAPY PAH ACUTE,Pay,Admin & Clerical,2024-01,,WTE,-1.60,"-£3,819.91",,,Therapies,,"Family, Diagnostics and Community",Admin & Clerical Staff,Substantive,-1.60,
,Outpatients and Diagnostics,258461,PHYSIOTHERAPY PAH ACUTE,Pay,Admin & Clerical,2024-02,,WTE,-1.60,"-£3,819.91",,,Therapies,,"Family, Diagnostics and Community",Admin & Clerical Staff,Substantive,-1.60,
,Outpatients and Diagnostics,258461,PHYSIOTHERAPY PAH ACUTE,Pay,Admin & Clerical,2024-03,,WTE,-1.60,"-£3,819.91",,,Therapies,,"Family, Diagnostics and Community",Admin & Clerical Staff,Substantive,-1.60,
,Outpatients and Diagnostics,258461,PHYSIOTHERAPY PAH ACUTE,Pay,"Scientific, Therapeutic & Tech",2023-11,,WTE,-6.43,"-£32,804.87",,,Therapies,,"Family, Diagnostics and Community","Scientific, Therapeutic & Technical Staff",Agency,-6.43,
,Outpatients and Diagnostics,258461,PHYSIOTHERAPY PAH ACUTE,Pay,"Scientific, Therapeutic & Tech",2023-11,,WTE,-3.09,"-£21,015.77",,,Therapies,,"Family, Diagnostics and Community","Scientific, Therapeutic & Technical Staff",Bank,-3.09,
,Outpatients and Diagnostics,258461,PHYSIOTHERAPY PAH ACUTE,Pay,"Scientific, Therapeutic & Tech",2023-11,,WTE,-33.17,"-£139,310.48",,,Therapies,,"Family, Diagnostics and Community","Scientific, Therapeutic & Technical Staff",Substantive,-33.17,
,Outpatients and Diagnostics,258461,PHYSIOTHERAPY PAH ACUTE,Pay,"Scientific, Therapeutic & Tech",2023-12,,WTE,-4.66,"-£22,021.62",,,Therapies,,"Family, Diagnostics and Community","Scientific, Therapeutic & Technical Staff",Agency,-4.66,
,Outpatients and Diagnostics,258461,PHYSIOTHERAPY PAH ACUTE,Pay,"Scientific, Therapeutic & Tech",2023-12,,WTE,-4.79,"-£27,645.28",,,Therapies,,"Family, Diagnostics and Community","Scientific, Therapeutic & Technical Staff",Bank,-4.79,
,Outpatients and Diagnostics,258461,PHYSIOTHERAPY PAH ACUTE,Pay,"Scientific, Therapeutic & Tech",2023-12,,WTE,-35.53,"-£136,518.34",,,Therapies,,"Family, Diagnostics and Community","Scientific, Therapeutic & Technical Staff",Substantive,-35.53,
,Outpatients and Diagnostics,258461,PHYSIOTHERAPY PAH ACUTE,Pay,"Scientific, Therapeutic & Tech",2024-01,,WTE,-4.89,"-£8,574.41",,,Therapies,,"Family, Diagnostics and Community","Scientific, Therapeutic & Technical Staff",Agency,-4.89,
,Outpatients and Diagnostics,258461,PHYSIOTHERAPY PAH ACUTE,Pay,"Scientific, Therapeutic & Tech",2024-01,,WTE,-4.36,"-£24,565.12",,,Therapies,,"Family, Diagnostics and Community","Scientific, Therapeutic & Technical Staff",Bank,-4.36,
,Outpatients and Diagnostics,258461,PHYSIOTHERAPY PAH ACUTE,Pay,"Scientific, Therapeutic & Tech",2024-01,,WTE,-35.98,"-£132,564.29",,,Therapies,,"Family, Diagnostics and Community","Scientific, Therapeutic & Technical Staff",Substantive,-35.98,
,Outpatients and Diagnostics,258461,PHYSIOTHERAPY PAH ACUTE,Pay,"Scientific, Therapeutic & Tech",2024-02,,WTE,-2.93,"-£10,231.91",,,Therapies,,"Family, Diagnostics and Community","Scientific, Therapeutic & Technical Staff",Agency,-2.93,
,Outpatients and Diagnostics,258461,PHYSIOTHERAPY PAH ACUTE,Pay,"Scientific, Therapeutic & Tech",2024-02,,WTE,-5.42,"-£27,427.99",,,Therapies,,"Family, Diagnostics and Community","Scientific, Therapeutic & Technical Staff",Bank,-5.42,
,Outpatients and Diagnostics,258461,PHYSIOTHERAPY PAH ACUTE,Pay,"Scientific, Therapeutic & Tech",2024-02,,WTE,-36.22,"-£127,885.84",,,Therapies,,"Family, Diagnostics and Community","Scientific, Therapeutic & Technical Staff",Substantive,-36.22,
,Outpatients and Diagnostics,258461,PHYSIOTHERAPY PAH ACUTE,Pay,"Scientific, Therapeutic & Tech",2024-03,,WTE,-3.52,"-£13,999.97",,,Therapies,,"Family, Diagnostics and Community","Scientific, Therapeutic & Technical Staff",Agency,-3.52,
,Outpatients and Diagnostics,258461,PHYSIOTHERAPY PAH ACUTE,Pay,"Scientific, Therapeutic & Tech",2024-03,,WTE,-5.94,"-£35,419.73",,,Therapies,,"Family, Diagnostics and Community","Scientific, Therapeutic & Technical Staff",Bank,-5.94,
,Outpatients and Diagnostics,258461,PHYSIOTHERAPY PAH ACUTE,Pay,"Scientific, Therapeutic & Tech",2024-03,,WTE,-33.30,"-£137,980.27",,,Therapies,,"Family, Diagnostics and Community","Scientific, Therapeutic & Technical Staff",Substantive,-33.30,
,Outpatients and Diagnostics,258462,SPEECH & LANGUAGE THERAPY,Pay,"Scientific, Therapeutic & Tech",2023-11,,WTE,-0.33,"-£2,173.62",,,Therapies,,"Family, Diagnostics and Community","Scientific, Therapeutic & Technical Staff",Bank,-0.33,
,Outpatients and Diagnostics,258462,SPEECH & LANGUAGE THERAPY,Pay,"Scientific, Therapeutic & Tech",2023-11,,WTE,-5.20,"-£20,115.67",,,Therapies,,"Family, Diagnostics and Community","Scientific, Therapeutic & Technical Staff",Substantive,-5.20,
,Outpatients and Diagnostics,258462,SPEECH & LANGUAGE THERAPY,Pay,"Scientific, Therapeutic & Tech",2023-12,,WTE,-0.20,"-£1,340.08",,,Therapies,,"Family, Diagnostics and Community","Scientific, Therapeutic & Technical Staff",Bank,-0.20,
,Outpatients and Diagnostics,258462,SPEECH & LANGUAGE THERAPY,Pay,"Scientific, Therapeutic & Tech",2023-12,,WTE,-5.18,"-£19,893.57",,,Therapies,,"Family, Diagnostics and Community","Scientific, Therapeutic & Technical Staff",Substantive,-5.18,
,Outpatients and Diagnostics,258462,SPEECH & LANGUAGE THERAPY,Pay,"Scientific, Therapeutic & Tech",2024-01,,WTE,-0.42,"-£3,221.09",,,Therapies,,"Family, Diagnostics and Community","Scientific, Therapeutic & Technical Staff",Bank,-0.42,
,Outpatients and Diagnostics,258462,SPEECH & LANGUAGE THERAPY,Pay,"Scientific, Therapeutic & Tech",2024-01,,WTE,-4.08,"-£17,433.37",,,Therapies,,"Family, Diagnostics and Community","Scientific, Therapeutic & Technical Staff",Substantive,-4.08,
,Outpatients and Diagnostics,258462,SPEECH & LANGUAGE THERAPY,Pay,"Scientific, Therapeutic & Tech",2024-02,,WTE,-0.51,"-£3,479.25",,,Therapies,,"Family, Diagnostics and Community","Scientific, Therapeutic & Technical Staff",Bank,-0.51,
,Outpatients and Diagnostics,258462,SPEECH & LANGUAGE THERAPY,Pay,"Scientific, Therapeutic & Tech",2024-02,,WTE,-4.00,"-£16,732.29",,,Therapies,,"Family, Diagnostics and Community","Scientific, Therapeutic & Technical Staff",Substantive,-4.00,
,Outpatients and Diagnostics,258462,SPEECH & LANGUAGE THERAPY,Pay,"Scientific, Therapeutic & Tech",2024-03,,WTE,-0.96,"-£5,669.63",,,Therapies,,"Family, Diagnostics and Community","Scientific, Therapeutic & Technical Staff",Bank,-0.96,
,Outpatients and Diagnostics,258462,SPEECH & LANGUAGE THERAPY,Pay,"Scientific, Therapeutic & Tech",2024-03,,WTE,-4.00,"-£22,799.32",,,Therapies,,"Family, Diagnostics and Community","Scientific, Therapeutic & Technical Staff",Substantive,-4.00,
,Outpatients and Diagnostics,258463,DIETETICS,Pay,Admin & Clerical,2023-11,,WTE,-0.80,"-£2,078.97",,,Therapies,,"Family, Diagnostics and Community",Admin & Clerical Staff,Substantive,-0.80,
,Outpatients and Diagnostics,258463,DIETETICS,Pay,Admin & Clerical,2023-12,,WTE,-0.80,"-£2,078.97",,,Therapies,,"Family, Diagnostics and Community",Admin & Clerical Staff,Substantive,-0.80,
,Outpatients and Diagnostics,258463,DIETETICS,Pay,Admin & Clerical,2024-01,,WTE,-0.80,"-£2,078.97",,,Therapies,,"Family, Diagnostics and Community",Admin & Clerical Staff,Substantive,-0.80,
,Outpatients and Diagnostics,258463,DIETETICS,Pay,Admin & Clerical,2024-02,,WTE,-0.80,"-£2,078.97",,,Therapies,,"Family, Diagnostics and Community",Admin & Clerical Staff,Substantive,-0.80,
,Outpatients and Diagnostics,258463,DIETETICS,Pay,Admin & Clerical,2024-03,,WTE,-0.80,"-£2,078.97",,,Therapies,,"Family, Diagnostics and Community",Admin & Clerical Staff,Substantive,-0.80,
,Outpatients and Diagnostics,258463,DIETETICS,Pay,Nursing,2023-11,,WTE,-1.00,"-£3,864.87",,,Therapies,,"Family, Diagnostics and Community",Nursing & Midwifery Staff,Substantive,-1.00,
,Outpatients and Diagnostics,258463,DIETETICS,Pay,Nursing,2023-12,,WTE,0.00,"£3,864.87",,,Therapies,,"Family, Diagnostics and Community",Nursing & Midwifery Staff,Substantive,0.00,
,Outpatients and Diagnostics,258463,DIETETICS,Pay,"Scientific, Therapeutic & Tech",2023-11,,WTE,-0.95,"-£3,114.49",,,Therapies,,"Family, Diagnostics and Community","Scientific, Therapeutic & Technical Staff",Agency,-0.95,
,Outpatients and Diagnostics,258463,DIETETICS,Pay,"Scientific, Therapeutic & Tech",2023-11,,WTE,-0.54,"-£3,963.78",,,Therapies,,"Family, Diagnostics and Community","Scientific, Therapeutic & Technical Staff",Bank,-0.54,
,Outpatients and Diagnostics,258463,DIETETICS,Pay,"Scientific, Therapeutic & Tech",2023-11,,WTE,-10.45,"-£39,547.87",,,Therapies,,"Family, Diagnostics and Community","Scientific, Therapeutic & Technical Staff",Substantive,-10.45,
,Outpatients and Diagnostics,258463,DIETETICS,Pay,"Scientific, Therapeutic & Tech",2023-12,,WTE,-0.85,"-£2,797.43",,,Therapies,,"Family, Diagnostics and Community","Scientific, Therapeutic & Technical Staff",Agency,-0.85,
,Outpatients and Diagnostics,258463,DIETETICS,Pay,"Scientific, Therapeutic & Tech",2023-12,,WTE,-0.59,"-£6,027.21",,,Therapies,,"Family, Diagnostics and Community","Scientific, Therapeutic & Technical Staff",Bank,-0.59,
,Outpatients and Diagnostics,258463,DIETETICS,Pay,"Scientific, Therapeutic & Tech",2023-12,,WTE,-10.71,"-£50,793.66",,,Therapies,,"Family, Diagnostics and Community","Scientific, Therapeutic & Technical Staff",Substantive,-10.71,
,Outpatients and Diagnostics,258463,DIETETICS,Pay,"Scientific, Therapeutic & Tech",2024-01,,WTE,0.00,£772.34,,,Therapies,,"Family, Diagnostics and Community","Scientific, Therapeutic & Technical Staff",Agency,0.00,
,Outpatients and Diagnostics,258463,DIETETICS,Pay,"Scientific, Therapeutic & Tech",2024-01,,WTE,0.00,"-£2,261.11",,,Therapies,,"Family, Diagnostics and Community","Scientific, Therapeutic & Technical Staff",Bank,0.00,
,Outpatients and Diagnostics,258463,DIETETICS,Pay,"Scientific, Therapeutic & Tech",2024-01,,WTE,-10.83,"-£42,084.03",,,Therapies,,"Family, Diagnostics and Community","Scientific, Therapeutic & Technical Staff",Substantive,-10.83,
,Outpatients and Diagnostics,258463,DIETETICS,Pay,"Scientific, Therapeutic & Tech",2024-02,,WTE,-0.46,"-£6,663.23",,,Therapies,,"Family, Diagnostics and Community","Scientific, Therapeutic & Technical Staff",Bank,-0.46,
,Outpatients and Diagnostics,258463,DIETETICS,Pay,"Scientific, Therapeutic & Tech",2024-02,,WTE,-10.52,"-£45,273.74",,,Therapies,,"Family, Diagnostics and Community","Scientific, Therapeutic & Technical Staff",Substantive,-10.52,
,Outpatients and Diagnostics,258463,DIETETICS,Pay,"Scientific, Therapeutic & Tech",2024-03,,WTE,-0.85,"-£6,045.93",,,Therapies,,"Family, Diagnostics and Community","Scientific, Therapeutic & Technical Staff",Bank,-0.85,
,Outpatients and Diagnostics,258463,DIETETICS,Pay,"Scientific, Therapeutic & Tech",2024-03,,WTE,-10.47,"-£45,114.34",,,Therapies,,"Family, Diagnostics and Community","Scientific, Therapeutic & Technical Staff",Substantive,-10.47,
,Outpatients and Diagnostics,258466,PAMS TRAINING,Pay,"Scientific, Therapeutic & Tech",2023-11,,WTE,-8.13,"-£25,673.72",,,Pharmacy,,"Family, Diagnostics and Community","Scientific, Therapeutic & Technical Staff",Substantive,-8.13,
,Outpatients and Diagnostics,258466,PAMS TRAINING,Pay,"Scientific, Therapeutic & Tech",2023-12,,WTE,-8.15,"-£25,385.08",,,Pharmacy,,"Family, Diagnostics and Community","Scientific, Therapeutic & Technical Staff",Substantive,-8.15,
,Outpatients and Diagnostics,258466,PAMS TRAINING,Pay,"Scientific, Therapeutic & Tech",2024-01,,WTE,-9.13,"-£25,310.28",,,Pharmacy,,"Family, Diagnostics and Community","Scientific, Therapeutic & Technical Staff",Substantive,-9.13,
,Outpatients and Diagnostics,258466,PAMS TRAINING,Pay,"Scientific, Therapeutic & Tech",2024-02,,WTE,-10.18,"-£27,484.79",,,Pharmacy,,"Family, Diagnostics and Community","Scientific, Therapeutic & Technical Staff",Substantive,-10.18,
,Outpatients and Diagnostics,258466,PAMS TRAINING,Pay,"Scientific, Therapeutic & Tech",2024-03,,WTE,-10.12,"-£27,072.83",,,Pharmacy,,"Family, Diagnostics and Community","Scientific, Therapeutic & Technical Staff",Substantive,-10.12,
,Cancer,258467,ONCOLOGY CANCER,Pay,Admin & Clerical,2023-11,,WTE,-6.00,"-£17,107.15",,,Cancer,,Planned Pathways,Admin & Clerical Staff,Substantive,-6.00,
,Cancer,258467,ONCOLOGY CANCER,Pay,Admin & Clerical,2023-12,,WTE,-7.07,"-£20,424.91",,,Cancer,,Planned Pathways,Admin & Clerical Staff,Substantive,-7.07,
,Cancer,258467,ONCOLOGY CANCER,Pay,Admin & Clerical,2024-01,,WTE,-7.00,"-£21,040.62",,,Cancer,,Planned Pathways,Admin & Clerical Staff,Substantive,-7.00,
,Cancer,258467,ONCOLOGY CANCER,Pay,Admin & Clerical,2024-02,,WTE,-7.00,"-£21,324.97",,,Cancer,,Planned Pathways,Admin & Clerical Staff,Substantive,-7.00,
,Cancer,258467,ONCOLOGY CANCER,Pay,Admin & Clerical,2024-03,,WTE,-7.00,"-£21,384.76",,,Cancer,,Planned Pathways,Admin & Clerical Staff,Substantive,-7.00,
,Cancer,258467,ONCOLOGY CANCER,Pay,Medical,2023-11,,WTE,-1.03,"-£21,961.83",,,Cancer,,Planned Pathways,Medical Staff,Agency,-1.03,
,Cancer,258467,ONCOLOGY CANCER,Pay,Medical,2023-11,,WTE,-0.28,"-£8,494.78",,,Cancer,,Planned Pathways,Medical Staff,Bank,-0.28,
,Cancer,258467,ONCOLOGY CANCER,Pay,Medical,2023-11,,WTE,-12.06,"-£82,982.07",,,Cancer,,Planned Pathways,Medical Staff,Substantive,-12.06,
,Cancer,258467,ONCOLOGY CANCER,Pay,Medical,2023-12,,WTE,-1.23,"-£24,879.80",,,Cancer,,Planned Pathways,Medical Staff,Agency,-1.23,
,Cancer,258467,ONCOLOGY CANCER,Pay,Medical,2023-12,,WTE,0.00,£3.26,,,Cancer,,Planned Pathways,Medical Staff,Bank,0.00,
,Cancer,258467,ONCOLOGY CANCER,Pay,Medical,2023-12,,WTE,-8.10,"-£89,415.81",,,Cancer,,Planned Pathways,Medical Staff,Substantive,-8.10,
,Cancer,258467,ONCOLOGY CANCER,Pay,Medical,2024-01,,WTE,-0.38,"-£7,883.63",,,Cancer,,Planned Pathways,Medical Staff,Agency,-0.38,
,Cancer,258467,ONCOLOGY CANCER,Pay,Medical,2024-01,,WTE,-0.24,"-£7,281.24",,,Cancer,,Planned Pathways,Medical Staff,Bank,-0.24,
,Cancer,258467,ONCOLOGY CANCER,Pay,Medical,2024-01,,WTE,-7.90,"-£111,841.21",,,Cancer,,Planned Pathways,Medical Staff,Substantive,-7.90,
,Cancer,258467,ONCOLOGY CANCER,Pay,Medical,2024-02,,WTE,-1.01,"-£15,371.37",,,Cancer,,Planned Pathways,Medical Staff,Agency,-1.01,
,Cancer,258467,ONCOLOGY CANCER,Pay,Medical,2024-02,,WTE,-0.24,"-£7,268.21",,,Cancer,,Planned Pathways,Medical Staff,Bank,-0.24,
,Cancer,258467,ONCOLOGY CANCER,Pay,Medical,2024-02,,WTE,-7.84,"-£56,033.19",,,Cancer,,Planned Pathways,Medical Staff,Substantive,-7.84,
,Cancer,258467,ONCOLOGY CANCER,Pay,Medical,2024-03,,WTE,-1.07,"-£15,823.21",,,Cancer,,Planned Pathways,Medical Staff,Agency,-1.07,
,Cancer,258467,ONCOLOGY CANCER,Pay,Medical,2024-03,,WTE,0.00,"£3,055.18",,,Cancer,,Planned Pathways,Medical Staff,Bank,0.00,
,Cancer,258467,ONCOLOGY CANCER,Pay,Medical,2024-03,,WTE,-6.11,"-£98,390.38",,,Cancer,,Planned Pathways,Medical Staff,Substantive,-6.11,
,Cancer,258467,ONCOLOGY CANCER,Pay,"Scientific, Therapeutic & Tech",2023-11,,WTE,-0.44,"-£2,663.46",,,Cancer,,Planned Pathways,"Scientific, Therapeutic & Technical Staff",Bank,-0.44,
,Cancer,258467,ONCOLOGY CANCER,Pay,"Scientific, Therapeutic & Tech",2023-12,,WTE,-0.05,-£650.14,,,Cancer,,Planned Pathways,"Scientific, Therapeutic & Technical Staff",Bank,-0.05,
,Cancer,258467,ONCOLOGY CANCER,Pay,Snr Managers,2023-11,,WTE,-1.00,"-£5,457.02",,,Cancer,,Planned Pathways,Senior Managers,Substantive,-1.00,
,Cancer,258467,ONCOLOGY CANCER,Pay,Snr Managers,2023-12,,WTE,-1.00,"-£5,457.02",,,Cancer,,Planned Pathways,Senior Managers,Substantive,-1.00,
,Cancer,258467,ONCOLOGY CANCER,Pay,Snr Managers,2024-01,,WTE,-1.00,"-£5,457.02",,,Cancer,,Planned Pathways,Senior Managers,Substantive,-1.00,
,Cancer,258467,ONCOLOGY CANCER,Pay,Snr Managers,2024-02,,WTE,-1.00,"-£5,457.02",,,Cancer,,Planned Pathways,Senior Managers,Substantive,-1.00,
,Cancer,258467,ONCOLOGY CANCER,Pay,Snr Managers,2024-03,,WTE,-1.00,"-£5,457.02",,,Cancer,,Planned Pathways,Senior Managers,Substantive,-1.00,
,Cancer,258468,HAEMATOLOGY CONSULTANTS,Pay,Medical,2023-11,,WTE,-8.00,"-£92,765.47",,,Cancer,,Planned Pathways,Medical Staff,Substantive,-8.00,
,Cancer,258468,HAEMATOLOGY CONSULTANTS,Pay,Medical,2023-12,,WTE,-8.02,"-£90,890.83",,,Cancer,,Planned Pathways,Medical Staff,Substantive,-8.02,
,Cancer,258468,HAEMATOLOGY CONSULTANTS,Pay,Medical,2024-01,,WTE,-8.00,"-£95,050.88",,,Cancer,,Planned Pathways,Medical Staff,Substantive,-8.00,
,Cancer,258468,HAEMATOLOGY CONSULTANTS,Pay,Medical,2024-02,,WTE,-8.00,"-£91,882.20",,,Cancer,,Planned Pathways,Medical Staff,Substantive,-8.00,
,Cancer,258468,HAEMATOLOGY CONSULTANTS,Pay,Medical,2024-03,,WTE,-8.00,"-£104,499.73",,,Cancer,,Planned Pathways,Medical Staff,Substantive,-8.00,
,Cancer,258469,WILLIAMS DAY UNIT,Pay,Nursing,2023-11,,WTE,-1.18,"-£11,418.67",,,Cancer,,Planned Pathways,Nursing & Midwifery Staff,Agency,-1.18,
,Cancer,258469,WILLIAMS DAY UNIT,Pay,Nursing,2023-11,,WTE,-0.70,"-£4,683.44",,,Cancer,,Planned Pathways,Nursing & Midwifery Staff,Bank,-0.70,
,Cancer,258469,WILLIAMS DAY UNIT,Pay,Nursing,2023-11,,WTE,-10.45,"-£40,130.56",,,Cancer,,Planned Pathways,Nursing & Midwifery Staff,Substantive,-10.45,
,Cancer,258469,WILLIAMS DAY UNIT,Pay,Nursing,2023-12,,WTE,-0.39,"-£11,972.79",,,Cancer,,Planned Pathways,Nursing & Midwifery Staff,Agency,-0.39,
,Cancer,258469,WILLIAMS DAY UNIT,Pay,Nursing,2023-12,,WTE,-0.37,"-£1,985.57",,,Cancer,,Planned Pathways,Nursing & Midwifery Staff,Bank,-0.37,
,Cancer,258469,WILLIAMS DAY UNIT,Pay,Nursing,2023-12,,WTE,-10.45,"-£41,345.94",,,Cancer,,Planned Pathways,Nursing & Midwifery Staff,Substantive,-10.45,
,Cancer,258469,WILLIAMS DAY UNIT,Pay,Nursing,2024-01,,WTE,-0.50,"-£13,346.24",,,Cancer,,Planned Pathways,Nursing & Midwifery Staff,Agency,-0.50,
,Cancer,258469,WILLIAMS DAY UNIT,Pay,Nursing,2024-01,,WTE,-0.64,"-£3,533.39",,,Cancer,,Planned Pathways,Nursing & Midwifery Staff,Bank,-0.64,
,Cancer,258469,WILLIAMS DAY UNIT,Pay,Nursing,2024-01,,WTE,-11.01,"-£43,430.03",,,Cancer,,Planned Pathways,Nursing & Midwifery Staff,Substantive,-11.01,
,Cancer,258469,WILLIAMS DAY UNIT,Pay,Nursing,2024-02,,WTE,-1.20,"-£27,434.14",,,Cancer,,Planned Pathways,Nursing & Midwifery Staff,Agency,-1.20,
,Cancer,258469,WILLIAMS DAY UNIT,Pay,Nursing,2024-02,,WTE,-0.41,"-£2,221.43",,,Cancer,,Planned Pathways,Nursing & Midwifery Staff,Bank,-0.41,
,Cancer,258469,WILLIAMS DAY UNIT,Pay,Nursing,2024-02,,WTE,-10.69,"-£41,711.63",,,Cancer,,Planned Pathways,Nursing & Midwifery Staff,Substantive,-10.69,
,Cancer,258469,WILLIAMS DAY UNIT,Pay,Nursing,2024-03,,WTE,-0.32,"-£8,324.10",,,Cancer,,Planned Pathways,Nursing & Midwifery Staff,Agency,-0.32,
,Cancer,258469,WILLIAMS DAY UNIT,Pay,Nursing,2024-03,,WTE,-1.01,"-£5,359.73",,,Cancer,,Planned Pathways,Nursing & Midwifery Staff,Bank,-1.01,
,Cancer,258469,WILLIAMS DAY UNIT,Pay,Nursing,2024-03,,WTE,-10.56,"-£57,770.72",,,Cancer,,Planned Pathways,Nursing & Midwifery Staff,Substantive,-10.56,
,Cancer,258470,ANTI-COAGULATION NURSES,Pay,Nursing,2023-11,,WTE,-0.12,-£859.54,,,Cancer,,Planned Pathways,Nursing & Midwifery Staff,Bank,-0.12,
,Cancer,258470,ANTI-COAGULATION NURSES,Pay,Nursing,2023-11,,WTE,-3.60,"-£16,047.94",,,Cancer,,Planned Pathways,Nursing & Midwifery Staff,Substantive,-3.60,
,Cancer,258470,ANTI-COAGULATION NURSES,Pay,Nursing,2023-12,,WTE,-0.30,"-£1,837.44",,,Cancer,,Planned Pathways,Nursing & Midwifery Staff,Bank,-0.30,
,Cancer,258470,ANTI-COAGULATION NURSES,Pay,Nursing,2023-12,,WTE,-3.60,"-£16,047.37",,,Cancer,,Planned Pathways,Nursing & Midwifery Staff,Substantive,-3.60,
,Cancer,258470,ANTI-COAGULATION NURSES,Pay,Nursing,2024-01,,WTE,-0.30,"-£1,545.32",,,Cancer,,Planned Pathways,Nursing & Midwifery Staff,Bank,-0.30,
,Cancer,258470,ANTI-COAGULATION NURSES,Pay,Nursing,2024-01,,WTE,-3.60,"-£16,047.66",,,Cancer,,Planned Pathways,Nursing & Midwifery Staff,Substantive,-3.60,
,Cancer,258470,ANTI-COAGULATION NURSES,Pay,Nursing,2024-02,,WTE,-0.20,"-£1,236.16",,,Cancer,,Planned Pathways,Nursing & Midwifery Staff,Bank,-0.20,
,Cancer,258470,ANTI-COAGULATION NURSES,Pay,Nursing,2024-02,,WTE,-3.60,"-£16,052.88",,,Cancer,,Planned Pathways,Nursing & Midwifery Staff,Substantive,-3.60,
,Cancer,258470,ANTI-COAGULATION NURSES,Pay,Nursing,2024-03,,WTE,-0.28,"-£1,812.88",,,Cancer,,Planned Pathways,Nursing & Midwifery Staff,Bank,-0.28,
,Cancer,258470,ANTI-COAGULATION NURSES,Pay,Nursing,2024-03,,WTE,-3.60,"-£16,047.94",,,Cancer,,Planned Pathways,Nursing & Midwifery Staff,Substantive,-3.60,
,Cancer,258472,CANCER ADDITIONAL SESSIONS,Pay,Medical,2023-11,,WTE,0.00,"-£1,266.98",,,Cancer,,Planned Pathways,Medical Staff,Substantive,0.00,
,Cancer,258472,CANCER ADDITIONAL SESSIONS,Pay,Medical,2023-12,,WTE,0.00,"£3,151.44",,,Cancer,,Planned Pathways,Medical Staff,Substantive,0.00,
,Cancer,258472,CANCER ADDITIONAL SESSIONS,Pay,Medical,2024-01,,WTE,-0.03,"-£8,876.10",,,Cancer,,Planned Pathways,Medical Staff,Substantive,-0.03,
,Cancer,258472,CANCER ADDITIONAL SESSIONS,Pay,Medical,2024-02,,WTE,-0.45,"-£16,547.74",,,Cancer,,Planned Pathways,Medical Staff,Substantive,-0.45,
,Cancer,258472,CANCER ADDITIONAL SESSIONS,Pay,Medical,2024-03,,WTE,-0.30,"-£8,595.86",,,Cancer,,Planned Pathways,Medical Staff,Substantive,-0.30,
,Cancer,258473,CANCER CLINICAL NURSE SPEC,Pay,Admin & Clerical,2023-11,,WTE,-3.00,"-£8,422.12",,,Cancer,,Planned Pathways,Admin & Clerical Staff,Substantive,-3.00,
,Cancer,258473,CANCER CLINICAL NURSE SPEC,Pay,Admin & Clerical,2023-12,,WTE,-4.00,"-£34,832.03",,,Cancer,,Planned Pathways,Admin & Clerical Staff,Substantive,-4.00,
,Cancer,258473,CANCER CLINICAL NURSE SPEC,Pay,Admin & Clerical,2024-01,,WTE,-3.00,"£15,271.98",,,Cancer,,Planned Pathways,Admin & Clerical Staff,Substantive,-3.00,
,Cancer,258473,CANCER CLINICAL NURSE SPEC,Pay,Admin & Clerical,2024-02,,WTE,-2.00,"-£5,706.31",,,Cancer,,Planned Pathways,Admin & Clerical Staff,Substantive,-2.00,
,Cancer,258473,CANCER CLINICAL NURSE SPEC,Pay,Admin & Clerical,2024-03,,WTE,-2.00,"-£5,706.31",,,Cancer,,Planned Pathways,Admin & Clerical Staff,Substantive,-2.00,
,Cancer,258473,CANCER CLINICAL NURSE SPEC,Pay,Nursing,2023-11,,WTE,-20.25,"-£105,656.93",,,Cancer,,Planned Pathways,Nursing & Midwifery Staff,Substantive,-20.25,
,Cancer,258473,CANCER CLINICAL NURSE SPEC,Pay,Nursing,2023-12,,WTE,-19.89,"-£103,227.63",,,Cancer,,Planned Pathways,Nursing & Midwifery Staff,Substantive,-19.89,
,Cancer,258473,CANCER CLINICAL NURSE SPEC,Pay,Nursing,2024-01,,WTE,-0.52,"-£3,825.01",,,Cancer,,Planned Pathways,Nursing & Midwifery Staff,Agency,-0.52,
,Cancer,258473,CANCER CLINICAL NURSE SPEC,Pay,Nursing,2024-01,,WTE,-0.06,-£289.80,,,Cancer,,Planned Pathways,Nursing & Midwifery Staff,Bank,-0.06,
,Cancer,258473,CANCER CLINICAL NURSE SPEC,Pay,Nursing,2024-01,,WTE,-19.71,"-£103,628.41",,,Cancer,,Planned Pathways,Nursing & Midwifery Staff,Substantive,-19.71,
,Cancer,258473,CANCER CLINICAL NURSE SPEC,Pay,Nursing,2024-02,,WTE,-0.66,"-£8,535.01",,,Cancer,,Planned Pathways,Nursing & Midwifery Staff,Agency,-0.66,
,Cancer,258473,CANCER CLINICAL NURSE SPEC,Pay,Nursing,2024-02,,WTE,-0.12,-£724.50,,,Cancer,,Planned Pathways,Nursing & Midwifery Staff,Bank,-0.12,
,Cancer,258473,CANCER CLINICAL NURSE SPEC,Pay,Nursing,2024-02,,WTE,-18.71,"-£96,889.69",,,Cancer,,Planned Pathways,Nursing & Midwifery Staff,Substantive,-18.71,
,Cancer,258473,CANCER CLINICAL NURSE SPEC,Pay,Nursing,2024-03,,WTE,-1.02,"-£11,970.00",,,Cancer,,Planned Pathways,Nursing & Midwifery Staff,Agency,-1.02,
,Cancer,258473,CANCER CLINICAL NURSE SPEC,Pay,Nursing,2024-03,,WTE,-0.06,-£289.80,,,Cancer,,Planned Pathways,Nursing & Midwifery Staff,Bank,-0.06,
,Cancer,258473,CANCER CLINICAL NURSE SPEC,Pay,Nursing,2024-03,,WTE,-18.60,"-£95,460.87",,,Cancer,,Planned Pathways,Nursing & Midwifery Staff,Substantive,-18.60,
,Cancer,258473,CANCER CLINICAL NURSE SPEC,Pay,Snr Managers,2024-03,,WTE,-0.90,"-£4,821.80",,,Cancer,,Planned Pathways,Senior Managers,Substantive,-0.90,
,Outpatients and Diagnostics,258474,PICC LINE SERVICE,Pay,Nursing,2023-11,,WTE,-1.40,"-£3,516.05",,,Radiology,,"Family, Diagnostics and Community",Nursing & Midwifery Staff,Substantive,-1.40,
,Outpatients and Diagnostics,258474,PICC LINE SERVICE,Pay,Nursing,2023-12,,WTE,-1.00,"-£3,516.05",,,Radiology,,"Family, Diagnostics and Community",Nursing & Midwifery Staff,Substantive,-1.00,
,Outpatients and Diagnostics,258474,PICC LINE SERVICE,Pay,Nursing,2024-01,,WTE,-0.06,-£332.28,,,Radiology,,"Family, Diagnostics and Community",Nursing & Midwifery Staff,Bank,-0.06,
,Outpatients and Diagnostics,258474,PICC LINE SERVICE,Pay,Nursing,2024-01,,WTE,-1.00,"-£3,516.05",,,Radiology,,"Family, Diagnostics and Community",Nursing & Midwifery Staff,Substantive,-1.00,
,Outpatients and Diagnostics,258474,PICC LINE SERVICE,Pay,Nursing,2024-02,,WTE,-1.12,"-£3,997.52",,,Radiology,,"Family, Diagnostics and Community",Nursing & Midwifery Staff,Substantive,-1.12,
,Outpatients and Diagnostics,258474,PICC LINE SERVICE,Pay,Nursing,2024-03,,WTE,-1.20,"-£12,012.54",,,Radiology,,"Family, Diagnostics and Community",Nursing & Midwifery Staff,Substantive,-1.20,
,Outpatients and Diagnostics,258475,Community Diagnostic Centre,Pay,Admin & Clerical,2023-11,,WTE,-1.37,"-£3,464.23",,,Radiology,,"Family, Diagnostics and Community",Admin & Clerical Staff,Substantive,-1.37,
,Outpatients and Diagnostics,258475,Community Diagnostic Centre,Pay,Admin & Clerical,2023-12,,WTE,-2.00,"-£4,838.54",,,Radiology,,"Family, Diagnostics and Community",Admin & Clerical Staff,Substantive,-2.00,
,Outpatients and Diagnostics,258475,Community Diagnostic Centre,Pay,Admin & Clerical,2024-01,,WTE,-2.00,"-£4,827.83",,,Radiology,,"Family, Diagnostics and Community",Admin & Clerical Staff,Substantive,-2.00,
,Outpatients and Diagnostics,258475,Community Diagnostic Centre,Pay,Admin & Clerical,2024-02,,WTE,-2.09,"-£5,192.10",,,Radiology,,"Family, Diagnostics and Community",Admin & Clerical Staff,Substantive,-2.09,
,Outpatients and Diagnostics,258475,Community Diagnostic Centre,Pay,Admin & Clerical,2024-03,,WTE,-2.00,"-£4,872.33",,,Radiology,,"Family, Diagnostics and Community",Admin & Clerical Staff,Substantive,-2.00,
,Outpatients and Diagnostics,258475,Community Diagnostic Centre,Pay,Medical,2024-01,,WTE,-2.00,£0.00,,,Radiology,,"Family, Diagnostics and Community",Medical Staff,Substantive,-2.00,
,Outpatients and Diagnostics,258475,Community Diagnostic Centre,Pay,Medical,2024-02,,WTE,-3.17,"-£32,754.76",,,Radiology,,"Family, Diagnostics and Community",Medical Staff,Substantive,-3.17,
,Outpatients and Diagnostics,258475,Community Diagnostic Centre,Pay,Medical,2024-03,,WTE,-1.89,"-£26,866.50",,,Radiology,,"Family, Diagnostics and Community",Medical Staff,Substantive,-1.89,
,Outpatients and Diagnostics,258475,Community Diagnostic Centre,Pay,"Scientific, Therapeutic & Tech",2023-11,,WTE,-5.65,"-£26,139.21",,,Radiology,,"Family, Diagnostics and Community","Scientific, Therapeutic & Technical Staff",Substantive,-5.65,
,Outpatients and Diagnostics,258475,Community Diagnostic Centre,Pay,"Scientific, Therapeutic & Tech",2023-12,,WTE,-10.12,"-£43,316.98",,,Radiology,,"Family, Diagnostics and Community","Scientific, Therapeutic & Technical Staff",Substantive,-10.12,
,Outpatients and Diagnostics,258475,Community Diagnostic Centre,Pay,"Scientific, Therapeutic & Tech",2024-01,,WTE,-10.51,"-£37,393.15",,,Radiology,,"Family, Diagnostics and Community","Scientific, Therapeutic & Technical Staff",Substantive,-10.51,
,Outpatients and Diagnostics,258475,Community Diagnostic Centre,Pay,"Scientific, Therapeutic & Tech",2024-02,,WTE,-10.30,"-£42,344.39",,,Radiology,,"Family, Diagnostics and Community","Scientific, Therapeutic & Technical Staff",Substantive,-10.30,
,Outpatients and Diagnostics,258475,Community Diagnostic Centre,Pay,"Scientific, Therapeutic & Tech",2024-03,,WTE,-10.00,"-£40,682.09",,,Radiology,,"Family, Diagnostics and Community","Scientific, Therapeutic & Technical Staff",Substantive,-10.00,
,Outpatients and Diagnostics,258475,Community Diagnostic Centre,Pay,Snr Managers,2024-01,,WTE,0.00,"-£19,679.72",,,Radiology,,"Family, Diagnostics and Community",Senior Managers,Substantive,0.00,
,Outpatients and Diagnostics,258475,Community Diagnostic Centre,Pay,Snr Managers,2024-02,,WTE,-2.00,"-£11,788.75",,,Radiology,,"Family, Diagnostics and Community",Senior Managers,Substantive,-2.00,
,Outpatients and Diagnostics,258475,Community Diagnostic Centre,Pay,Snr Managers,2024-03,,WTE,-2.00,"-£11,788.75",,,Radiology,,"Family, Diagnostics and Community",Senior Managers,Substantive,-2.00,
,Integrated Emergency and Medical Pathways,258700,DISCHARGE TEAM,Pay,Admin & Clerical,2023-11,,WTE,-0.09,-£538.37,,,Integrated Emergency and Medical Pathways,,Integrated Emergency and Medical Pathways,Admin & Clerical Staff,Bank,-0.09,
,Integrated Emergency and Medical Pathways,258700,DISCHARGE TEAM,Pay,Admin & Clerical,2023-11,,WTE,-4.79,"-£16,210.87",,,Integrated Emergency and Medical Pathways,,Integrated Emergency and Medical Pathways,Admin & Clerical Staff,Substantive,-4.79,
,Integrated Emergency and Medical Pathways,258700,DISCHARGE TEAM,Pay,Admin & Clerical,2023-12,,WTE,-0.05,-£196.38,,,Integrated Emergency and Medical Pathways,,Integrated Emergency and Medical Pathways,Admin & Clerical Staff,Bank,-0.05,
,Integrated Emergency and Medical Pathways,258700,DISCHARGE TEAM,Pay,Admin & Clerical,2023-12,,WTE,-5.00,"-£16,956.72",,,Integrated Emergency and Medical Pathways,,Integrated Emergency and Medical Pathways,Admin & Clerical Staff,Substantive,-5.00,
,Integrated Emergency and Medical Pathways,258700,DISCHARGE TEAM,Pay,Admin & Clerical,2024-01,,WTE,-0.22,-£947.96,,,Integrated Emergency and Medical Pathways,,Integrated Emergency and Medical Pathways,Admin & Clerical Staff,Bank,-0.22,
,Integrated Emergency and Medical Pathways,258700,DISCHARGE TEAM,Pay,Admin & Clerical,2024-01,,WTE,-5.00,"-£17,030.54",,,Integrated Emergency and Medical Pathways,,Integrated Emergency and Medical Pathways,Admin & Clerical Staff,Substantive,-5.00,
,Integrated Emergency and Medical Pathways,258700,DISCHARGE TEAM,Pay,Admin & Clerical,2024-02,,WTE,-0.27,"-£1,239.06",,,Integrated Emergency and Medical Pathways,,Integrated Emergency and Medical Pathways,Admin & Clerical Staff,Bank,-0.27,
,Integrated Emergency and Medical Pathways,258700,DISCHARGE TEAM,Pay,Admin & Clerical,2024-02,,WTE,-5.00,"-£17,020.74",,,Integrated Emergency and Medical Pathways,,Integrated Emergency and Medical Pathways,Admin & Clerical Staff,Substantive,-5.00,
,Integrated Emergency and Medical Pathways,258700,DISCHARGE TEAM,Pay,Admin & Clerical,2024-03,,WTE,-0.11,-£499.00,,,Integrated Emergency and Medical Pathways,,Integrated Emergency and Medical Pathways,Admin & Clerical Staff,Bank,-0.11,
,Integrated Emergency and Medical Pathways,258700,DISCHARGE TEAM,Pay,Admin & Clerical,2024-03,,WTE,-5.00,"-£16,939.62",,,Integrated Emergency and Medical Pathways,,Integrated Emergency and Medical Pathways,Admin & Clerical Staff,Substantive,-5.00,
,Integrated Emergency and Medical Pathways,258700,DISCHARGE TEAM,Pay,Nursing,2023-11,,WTE,-4.85,"-£25,075.87",,,Integrated Emergency and Medical Pathways,,Integrated Emergency and Medical Pathways,Nursing & Midwifery Staff,Substantive,-4.85,
,Integrated Emergency and Medical Pathways,258700,DISCHARGE TEAM,Pay,Nursing,2023-12,,WTE,-6.00,"-£28,681.01",,,Integrated Emergency and Medical Pathways,,Integrated Emergency and Medical Pathways,Nursing & Midwifery Staff,Substantive,-6.00,
,Integrated Emergency and Medical Pathways,258700,DISCHARGE TEAM,Pay,Nursing,2024-01,,WTE,-4.81,"-£23,445.33",,,Integrated Emergency and Medical Pathways,,Integrated Emergency and Medical Pathways,Nursing & Midwifery Staff,Substantive,-4.81,
,Integrated Emergency and Medical Pathways,258700,DISCHARGE TEAM,Pay,Nursing,2024-02,,WTE,-5.00,"-£23,452.29",,,Integrated Emergency and Medical Pathways,,Integrated Emergency and Medical Pathways,Nursing & Midwifery Staff,Substantive,-5.00,
,Integrated Emergency and Medical Pathways,258700,DISCHARGE TEAM,Pay,Nursing,2024-03,,WTE,-5.00,"-£10,781.49",,,Integrated Emergency and Medical Pathways,,Integrated Emergency and Medical Pathways,Nursing & Midwifery Staff,Substantive,-5.00,
,Integrated Emergency and Medical Pathways,258700,DISCHARGE TEAM,Pay,Snr Managers,2024-03,,WTE,0.00,"-£3,455.04",,,Integrated Emergency and Medical Pathways,,Integrated Emergency and Medical Pathways,Senior Managers,Substantive,0.00,
,Chief Nurse,258701,SAFEGUARDING TEAM,Pay,Admin & Clerical,2023-11,,WTE,-0.28,"-£4,185.60",,,Chief Nurse,,Corporate Services,Admin & Clerical Staff,Agency,-0.28,
,Chief Nurse,258701,SAFEGUARDING TEAM,Pay,Admin & Clerical,2023-11,,WTE,-0.67,"-£2,591.18",,,Chief Nurse,,Corporate Services,Admin & Clerical Staff,Bank,-0.67,
,Chief Nurse,258701,SAFEGUARDING TEAM,Pay,Admin & Clerical,2023-11,,WTE,0.00,"-£1,524.31",,,Chief Nurse,,Corporate Services,Admin & Clerical Staff,Substantive,0.00,
,Chief Nurse,258701,SAFEGUARDING TEAM,Pay,Admin & Clerical,2023-12,,WTE,-0.95,"-£10,867.20",,,Chief Nurse,,Corporate Services,Admin & Clerical Staff,Agency,-0.95,
,Chief Nurse,258701,SAFEGUARDING TEAM,Pay,Admin & Clerical,2023-12,,WTE,-1.60,"-£5,082.89",,,Chief Nurse,,Corporate Services,Admin & Clerical Staff,Bank,-1.60,
,Chief Nurse,258701,SAFEGUARDING TEAM,Pay,Admin & Clerical,2023-12,,WTE,0.00,"-£1,260.12",,,Chief Nurse,,Corporate Services,Admin & Clerical Staff,Substantive,0.00,
,Chief Nurse,258701,SAFEGUARDING TEAM,Pay,Admin & Clerical,2024-01,,WTE,-1.05,"-£12,134.40",,,Chief Nurse,,Corporate Services,Admin & Clerical Staff,Agency,-1.05,
,Chief Nurse,258701,SAFEGUARDING TEAM,Pay,Admin & Clerical,2024-01,,WTE,-1.73,"-£5,520.56",,,Chief Nurse,,Corporate Services,Admin & Clerical Staff,Bank,-1.73,
,Chief Nurse,258701,SAFEGUARDING TEAM,Pay,Admin & Clerical,2024-01,,WTE,-0.50,"-£1,260.12",,,Chief Nurse,,Corporate Services,Admin & Clerical Staff,Substantive,-0.50,
,Chief Nurse,258701,SAFEGUARDING TEAM,Pay,Admin & Clerical,2024-02,,WTE,-1.00,"-£11,520.00",,,Chief Nurse,,Corporate Services,Admin & Clerical Staff,Agency,-1.00,
,Chief Nurse,258701,SAFEGUARDING TEAM,Pay,Admin & Clerical,2024-02,,WTE,-0.74,"-£2,299.40",,,Chief Nurse,,Corporate Services,Admin & Clerical Staff,Bank,-0.74,
,Chief Nurse,258701,SAFEGUARDING TEAM,Pay,Admin & Clerical,2024-02,,WTE,-0.50,"-£1,260.12",,,Chief Nurse,,Corporate Services,Admin & Clerical Staff,Substantive,-0.50,
,Chief Nurse,258701,SAFEGUARDING TEAM,Pay,Admin & Clerical,2024-03,,WTE,-1.05,"-£12,096.00",,,Chief Nurse,,Corporate Services,Admin & Clerical Staff,Agency,-1.05,
,Chief Nurse,258701,SAFEGUARDING TEAM,Pay,Admin & Clerical,2024-03,,WTE,-0.25,-£889.17,,,Chief Nurse,,Corporate Services,Admin & Clerical Staff,Bank,-0.25,
,Chief Nurse,258701,SAFEGUARDING TEAM,Pay,Admin & Clerical,2024-03,,WTE,-0.50,"-£1,260.12",,,Chief Nurse,,Corporate Services,Admin & Clerical Staff,Substantive,-0.50,
,Chief Nurse,258701,SAFEGUARDING TEAM,Pay,Nursing,2023-11,,WTE,-0.03,-£179.34,,,Chief Nurse,,Corporate Services,Nursing & Midwifery Staff,Bank,-0.03,
,Chief Nurse,258701,SAFEGUARDING TEAM,Pay,Nursing,2023-11,,WTE,-4.60,"-£34,522.45",,,Chief Nurse,,Corporate Services,Nursing & Midwifery Staff,Substantive,-4.60,
,Chief Nurse,258701,SAFEGUARDING TEAM,Pay,Nursing,2023-12,,WTE,0.00,£0.03,,,Chief Nurse,,Corporate Services,Nursing & Midwifery Staff,Bank,0.00,
,Chief Nurse,258701,SAFEGUARDING TEAM,Pay,Nursing,2023-12,,WTE,-4.60,"-£30,924.96",,,Chief Nurse,,Corporate Services,Nursing & Midwifery Staff,Substantive,-4.60,
,Chief Nurse,258701,SAFEGUARDING TEAM,Pay,Nursing,2024-01,,WTE,-5.08,"-£27,740.18",,,Chief Nurse,,Corporate Services,Nursing & Midwifery Staff,Substantive,-5.08,
,Chief Nurse,258701,SAFEGUARDING TEAM,Pay,Nursing,2024-02,,WTE,-0.02,-£114.65,,,Chief Nurse,,Corporate Services,Nursing & Midwifery Staff,Bank,-0.02,
,Chief Nurse,258701,SAFEGUARDING TEAM,Pay,Nursing,2024-02,,WTE,-5.00,"-£27,225.04",,,Chief Nurse,,Corporate Services,Nursing & Midwifery Staff,Substantive,-5.00,
,Chief Nurse,258701,SAFEGUARDING TEAM,Pay,Nursing,2024-03,,WTE,-5.36,"-£29,411.26",,,Chief Nurse,,Corporate Services,Nursing & Midwifery Staff,Substantive,-5.36,
,Chief Op Off,258702,RTT VALIDATORS,Pay,Admin & Clerical,2023-11,,WTE,-17.86,"-£51,539.26",,,Chief Op Off,,Corporate Services,Admin & Clerical Staff,Substantive,-17.86,
,Chief Op Off,258702,RTT VALIDATORS,Pay,Admin & Clerical,2023-12,,WTE,-17.09,"-£49,455.04",,,Chief Op Off,,Corporate Services,Admin & Clerical Staff,Substantive,-17.09,
,Chief Op Off,258702,RTT VALIDATORS,Pay,Admin & Clerical,2024-01,,WTE,-17.04,"-£49,307.75",,,Chief Op Off,,Corporate Services,Admin & Clerical Staff,Substantive,-17.04,
,Chief Op Off,258702,RTT VALIDATORS,Pay,Admin & Clerical,2024-02,,WTE,-17.03,"-£49,291.38",,,Chief Op Off,,Corporate Services,Admin & Clerical Staff,Substantive,-17.03,
,Chief Op Off,258702,RTT VALIDATORS,Pay,Admin & Clerical,2024-03,,WTE,-17.09,"-£49,442.68",,,Chief Op Off,,Corporate Services,Admin & Clerical Staff,Substantive,-17.09,
,Chief Op Off,258702,RTT VALIDATORS,Pay,"Scientific, Therapeutic & Tech",2023-12,,WTE,0.00,"-£1,515.00",,,Chief Op Off,,Corporate Services,"Scientific, Therapeutic & Technical Staff",Agency,0.00,
,Chief Op Off,258702,RTT VALIDATORS,Pay,"Scientific, Therapeutic & Tech",2024-03,,WTE,0.00,"£1,515.00",,,Chief Op Off,,Corporate Services,"Scientific, Therapeutic & Technical Staff",Agency,0.00,
,Chief Op Off,258702,RTT VALIDATORS,Pay,Snr Managers,2023-11,,WTE,-2.00,"-£10,335.29",,,Chief Op Off,,Corporate Services,Senior Managers,Substantive,-2.00,
,Chief Op Off,258702,RTT VALIDATORS,Pay,Snr Managers,2023-12,,WTE,-2.00,"-£10,335.29",,,Chief Op Off,,Corporate Services,Senior Managers,Substantive,-2.00,
,Chief Op Off,258702,RTT VALIDATORS,Pay,Snr Managers,2024-01,,WTE,-2.00,"-£10,335.30",,,Chief Op Off,,Corporate Services,Senior Managers,Substantive,-2.00,
,Chief Op Off,258702,RTT VALIDATORS,Pay,Snr Managers,2024-02,,WTE,-2.00,"-£10,335.29",,,Chief Op Off,,Corporate Services,Senior Managers,Substantive,-2.00,
,Chief Op Off,258702,RTT VALIDATORS,Pay,Snr Managers,2024-03,,WTE,-2.00,"-£10,335.29",,,Chief Op Off,,Corporate Services,Senior Managers,Substantive,-2.00,
,Chief Nurse,258703,INFECTION CONTROL,Pay,Admin & Clerical,2023-11,,WTE,-2.00,"-£7,074.99",,,Chief Nurse,,Corporate Services,Admin & Clerical Staff,Substantive,-2.00,
,Chief Nurse,258703,INFECTION CONTROL,Pay,Admin & Clerical,2023-12,,WTE,-2.00,"-£7,074.99",,,Chief Nurse,,Corporate Services,Admin & Clerical Staff,Substantive,-2.00,
,Chief Nurse,258703,INFECTION CONTROL,Pay,Admin & Clerical,2024-01,,WTE,-2.00,"-£7,074.99",,,Chief Nurse,,Corporate Services,Admin & Clerical Staff,Substantive,-2.00,
,Chief Nurse,258703,INFECTION CONTROL,Pay,Admin & Clerical,2024-02,,WTE,-2.00,"-£7,074.99",,,Chief Nurse,,Corporate Services,Admin & Clerical Staff,Substantive,-2.00,
,Chief Nurse,258703,INFECTION CONTROL,Pay,Admin & Clerical,2024-03,,WTE,-2.00,"-£7,074.99",,,Chief Nurse,,Corporate Services,Admin & Clerical Staff,Substantive,-2.00,
,Chief Nurse,258703,INFECTION CONTROL,Pay,Nursing,2023-11,,WTE,-7.00,"-£31,571.54",,,Chief Nurse,,Corporate Services,Nursing & Midwifery Staff,Substantive,-7.00,
,Chief Nurse,258703,INFECTION CONTROL,Pay,Nursing,2023-12,,WTE,-7.00,"-£31,412.25",,,Chief Nurse,,Corporate Services,Nursing & Midwifery Staff,Substantive,-7.00,
,Chief Nurse,258703,INFECTION CONTROL,Pay,Nursing,2024-01,,WTE,-7.00,"-£31,666.51",,,Chief Nurse,,Corporate Services,Nursing & Midwifery Staff,Substantive,-7.00,
,Chief Nurse,258703,INFECTION CONTROL,Pay,Nursing,2024-02,,WTE,-7.00,"-£32,137.23",,,Chief Nurse,,Corporate Services,Nursing & Midwifery Staff,Substantive,-7.00,
,Chief Nurse,258703,INFECTION CONTROL,Pay,Nursing,2024-03,,WTE,-7.00,"-£32,225.04",,,Chief Nurse,,Corporate Services,Nursing & Midwifery Staff,Substantive,-7.00,
,Chief Med Off,258704,MEDICAL EXAMINER FEES,Pay,Admin & Clerical,2023-11,,WTE,0.00,"-£10,769.07",,,Chief Med Off,,Corporate Services,Admin & Clerical Staff,Substantive,0.00,
,Chief Med Off,258704,MEDICAL EXAMINER FEES,Pay,Admin & Clerical,2023-12,,WTE,-3.04,"-£10,443.07",,,Chief Med Off,,Corporate Services,Admin & Clerical Staff,Substantive,-3.04,
,Chief Med Off,258704,MEDICAL EXAMINER FEES,Pay,Admin & Clerical,2024-01,,WTE,-3.05,"-£10,540.82",,,Chief Med Off,,Corporate Services,Admin & Clerical Staff,Substantive,-3.05,
,Chief Med Off,258704,MEDICAL EXAMINER FEES,Pay,Admin & Clerical,2024-02,,WTE,-3.00,"-£10,247.39",,,Chief Med Off,,Corporate Services,Admin & Clerical Staff,Substantive,-3.00,
,Chief Med Off,258704,MEDICAL EXAMINER FEES,Pay,Admin & Clerical,2024-03,,WTE,-3.00,"-£10,346.67",,,Chief Med Off,,Corporate Services,Admin & Clerical Staff,Substantive,-3.00,
,Chief Med Off,258704,MEDICAL EXAMINER FEES,Pay,Medical,2023-11,,WTE,0.00,£0.11,,,Chief Med Off,,Corporate Services,Medical Staff,Bank,0.00,
,Chief Med Off,258704,MEDICAL EXAMINER FEES,Pay,Medical,2023-11,,WTE,-0.70,"-£11,492.67",,,Chief Med Off,,Corporate Services,Medical Staff,Substantive,-0.70,
,Chief Med Off,258704,MEDICAL EXAMINER FEES,Pay,Medical,2023-12,,WTE,-0.83,"-£23,139.11",,,Chief Med Off,,Corporate Services,Medical Staff,Substantive,-0.83,
,Chief Med Off,258704,MEDICAL EXAMINER FEES,Pay,Medical,2024-01,,WTE,-0.70,"-£12,137.94",,,Chief Med Off,,Corporate Services,Medical Staff,Substantive,-0.70,
,Chief Med Off,258704,MEDICAL EXAMINER FEES,Pay,Medical,2024-02,,WTE,-0.70,"-£12,304.30",,,Chief Med Off,,Corporate Services,Medical Staff,Substantive,-0.70,
,Chief Med Off,258704,MEDICAL EXAMINER FEES,Pay,Medical,2024-03,,WTE,0.00,£32.64,,,Chief Med Off,,Corporate Services,Medical Staff,Bank,0.00,
,Chief Med Off,258704,MEDICAL EXAMINER FEES,Pay,Medical,2024-03,,WTE,-0.70,"-£15,978.87",,,Chief Med Off,,Corporate Services,Medical Staff,Substantive,-0.70,
,Director of ICT,258706,TELECOMMUNICATIONS,Pay,Admin & Clerical,2023-11,,WTE,-2.81,"-£13,288.91",,,IM&T,,Corporate Services,Admin & Clerical Staff,Bank,-2.81,
,Director of ICT,258706,TELECOMMUNICATIONS,Pay,Admin & Clerical,2023-11,,WTE,-10.86,"-£32,013.77",,,IM&T,,Corporate Services,Admin & Clerical Staff,Substantive,-10.86,
,Director of ICT,258706,TELECOMMUNICATIONS,Pay,Admin & Clerical,2023-12,,WTE,-2.41,"-£10,196.64",,,IM&T,,Corporate Services,Admin & Clerical Staff,Bank,-2.41,
,Director of ICT,258706,TELECOMMUNICATIONS,Pay,Admin & Clerical,2023-12,,WTE,-11.74,"-£34,611.84",,,IM&T,,Corporate Services,Admin & Clerical Staff,Substantive,-11.74,
,Director of ICT,258706,TELECOMMUNICATIONS,Pay,Admin & Clerical,2024-01,,WTE,-4.02,"-£17,408.89",,,IM&T,,Corporate Services,Admin & Clerical Staff,Bank,-4.02,
,Director of ICT,258706,TELECOMMUNICATIONS,Pay,Admin & Clerical,2024-01,,WTE,-11.62,"-£35,616.48",,,IM&T,,Corporate Services,Admin & Clerical Staff,Substantive,-11.62,
,Director of ICT,258706,TELECOMMUNICATIONS,Pay,Admin & Clerical,2024-02,,WTE,-4.48,"-£18,243.53",,,IM&T,,Corporate Services,Admin & Clerical Staff,Bank,-4.48,
,Director of ICT,258706,TELECOMMUNICATIONS,Pay,Admin & Clerical,2024-02,,WTE,-11.51,"-£33,794.09",,,IM&T,,Corporate Services,Admin & Clerical Staff,Substantive,-11.51,
,Director of ICT,258706,TELECOMMUNICATIONS,Pay,Admin & Clerical,2024-03,,WTE,-4.04,"-£16,271.66",,,IM&T,,Corporate Services,Admin & Clerical Staff,Bank,-4.04,
,Director of ICT,258706,TELECOMMUNICATIONS,Pay,Admin & Clerical,2024-03,,WTE,-11.27,"-£31,740.31",,,IM&T,,Corporate Services,Admin & Clerical Staff,Substantive,-11.27,
,Chief Nurse,258707,PATIENT SAFETY & QUALITY,Pay,Admin & Clerical,2023-11,,WTE,-4.60,"-£17,479.33",,,Chief Nurse,,Corporate Services,Admin & Clerical Staff,Substantive,-4.60,
,Chief Nurse,258707,PATIENT SAFETY & QUALITY,Pay,Admin & Clerical,2023-12,,WTE,0.00,£238.20,,,Chief Nurse,,Corporate Services,Admin & Clerical Staff,Bank,0.00,
,Chief Nurse,258707,PATIENT SAFETY & QUALITY,Pay,Admin & Clerical,2023-12,,WTE,-4.60,"-£14,588.81",,,Chief Nurse,,Corporate Services,Admin & Clerical Staff,Substantive,-4.60,
,Chief Nurse,258707,PATIENT SAFETY & QUALITY,Pay,Admin & Clerical,2024-01,,WTE,-4.60,"-£14,588.81",,,Chief Nurse,,Corporate Services,Admin & Clerical Staff,Substantive,-4.60,
,Chief Nurse,258707,PATIENT SAFETY & QUALITY,Pay,Admin & Clerical,2024-02,,WTE,-4.60,"-£14,588.81",,,Chief Nurse,,Corporate Services,Admin & Clerical Staff,Substantive,-4.60,
,Chief Nurse,258707,PATIENT SAFETY & QUALITY,Pay,Admin & Clerical,2024-03,,WTE,-4.60,"-£14,588.81",,,Chief Nurse,,Corporate Services,Admin & Clerical Staff,Substantive,-4.60,
,Chief Nurse,258707,PATIENT SAFETY & QUALITY,Pay,Nursing,2023-11,,WTE,-3.00,"-£21,318.80",,,Chief Nurse,,Corporate Services,Nursing & Midwifery Staff,Substantive,-3.00,
,Chief Nurse,258707,PATIENT SAFETY & QUALITY,Pay,Nursing,2023-12,,WTE,-3.00,"-£21,318.80",,,Chief Nurse,,Corporate Services,Nursing & Midwifery Staff,Substantive,-3.00,
,Chief Nurse,258707,PATIENT SAFETY & QUALITY,Pay,Nursing,2024-01,,WTE,-2.80,"-£19,216.95",,,Chief Nurse,,Corporate Services,Nursing & Midwifery Staff,Substantive,-2.80,
,Chief Nurse,258707,PATIENT SAFETY & QUALITY,Pay,Nursing,2024-02,,WTE,-2.90,"-£20,267.87",,,Chief Nurse,,Corporate Services,Nursing & Midwifery Staff,Substantive,-2.90,
,Chief Nurse,258707,PATIENT SAFETY & QUALITY,Pay,Nursing,2024-03,,WTE,-2.70,"-£19,155.55",,,Chief Nurse,,Corporate Services,Nursing & Midwifery Staff,Substantive,-2.70,
,Chief Nurse,258707,PATIENT SAFETY & QUALITY,Pay,Snr Managers,2023-11,,WTE,-0.90,"-£4,900.86",,,Chief Nurse,,Corporate Services,Senior Managers,Substantive,-0.90,
,Chief Nurse,258707,PATIENT SAFETY & QUALITY,Pay,Snr Managers,2023-12,,WTE,-0.90,"-£4,900.86",,,Chief Nurse,,Corporate Services,Senior Managers,Substantive,-0.90,
,Chief Nurse,258707,PATIENT SAFETY & QUALITY,Pay,Snr Managers,2024-01,,WTE,-0.90,"-£4,900.86",,,Chief Nurse,,Corporate Services,Senior Managers,Substantive,-0.90,
,Chief Nurse,258707,PATIENT SAFETY & QUALITY,Pay,Snr Managers,2024-02,,WTE,-0.90,"-£4,900.86",,,Chief Nurse,,Corporate Services,Senior Managers,Substantive,-0.90,
,Chief Nurse,258707,PATIENT SAFETY & QUALITY,Pay,Snr Managers,2024-03,,WTE,-0.90,"-£4,900.86",,,Chief Nurse,,Corporate Services,Senior Managers,Substantive,-0.90,
,Chief Med Off,258709,CHIEF MED OFFICER,Pay,Medical,2023-11,,WTE,-1.40,"-£22,314.39",,,Chief Med Off,,Corporate Services,Medical Staff,Substantive,-1.40,
,Chief Med Off,258709,CHIEF MED OFFICER,Pay,Medical,2023-12,,WTE,-1.40,"-£17,275.10",,,Chief Med Off,,Corporate Services,Medical Staff,Substantive,-1.40,
,Chief Med Off,258709,CHIEF MED OFFICER,Pay,Medical,2024-01,,WTE,-1.40,"-£19,586.65",,,Chief Med Off,,Corporate Services,Medical Staff,Substantive,-1.40,
,Chief Med Off,258709,CHIEF MED OFFICER,Pay,Medical,2024-02,,WTE,-1.40,"-£21,849.70",,,Chief Med Off,,Corporate Services,Medical Staff,Substantive,-1.40,
,Chief Med Off,258709,CHIEF MED OFFICER,Pay,Medical,2024-03,,WTE,-1.40,"-£26,913.88",,,Chief Med Off,,Corporate Services,Medical Staff,Substantive,-1.40,
,Chief Med Off,258709,CHIEF MED OFFICER,Pay,Nursing,2023-11,,WTE,-1.00,"-£6,409.39",,,Chief Med Off,,Corporate Services,Nursing & Midwifery Staff,Substantive,-1.00,
,Chief Med Off,258709,CHIEF MED OFFICER,Pay,Nursing,2023-12,,WTE,-1.00,"-£6,409.39",,,Chief Med Off,,Corporate Services,Nursing & Midwifery Staff,Substantive,-1.00,
,Chief Med Off,258709,CHIEF MED OFFICER,Pay,Nursing,2024-01,,WTE,-1.00,"-£6,409.39",,,Chief Med Off,,Corporate Services,Nursing & Midwifery Staff,Substantive,-1.00,
,Chief Med Off,258709,CHIEF MED OFFICER,Pay,Nursing,2024-02,,WTE,-1.00,"-£6,409.39",,,Chief Med Off,,Corporate Services,Nursing & Midwifery Staff,Substantive,-1.00,
,Chief Med Off,258709,CHIEF MED OFFICER,Pay,Nursing,2024-03,,WTE,-1.00,"-£6,409.39",,,Chief Med Off,,Corporate Services,Nursing & Midwifery Staff,Substantive,-1.00,
,Chief Med Off,258710,PAH POST GRAD CENTRE,Pay,Admin & Clerical,2023-11,,WTE,-1.00,"-£4,084.49",,,Chief Med Off,,Corporate Services,Admin & Clerical Staff,Substantive,-1.00,
,Chief Med Off,258710,PAH POST GRAD CENTRE,Pay,Admin & Clerical,2023-12,,WTE,0.00,£0.75,,,Chief Med Off,,Corporate Services,Admin & Clerical Staff,Bank,0.00,
,Chief Med Off,258710,PAH POST GRAD CENTRE,Pay,Admin & Clerical,2023-12,,WTE,-1.00,"-£4,084.49",,,Chief Med Off,,Corporate Services,Admin & Clerical Staff,Substantive,-1.00,
,Chief Med Off,258710,PAH POST GRAD CENTRE,Pay,Admin & Clerical,2024-01,,WTE,-0.06,-£322.80,,,Chief Med Off,,Corporate Services,Admin & Clerical Staff,Bank,-0.06,
,Chief Med Off,258710,PAH POST GRAD CENTRE,Pay,Admin & Clerical,2024-01,,WTE,-1.00,"-£4,084.49",,,Chief Med Off,,Corporate Services,Admin & Clerical Staff,Substantive,-1.00,
,Chief Med Off,258710,PAH POST GRAD CENTRE,Pay,Admin & Clerical,2024-02,,WTE,-0.06,-£348.26,,,Chief Med Off,,Corporate Services,Admin & Clerical Staff,Bank,-0.06,
,Chief Med Off,258710,PAH POST GRAD CENTRE,Pay,Admin & Clerical,2024-02,,WTE,-1.00,"-£4,084.49",,,Chief Med Off,,Corporate Services,Admin & Clerical Staff,Substantive,-1.00,
,Chief Med Off,258710,PAH POST GRAD CENTRE,Pay,Admin & Clerical,2024-03,,WTE,-0.06,-£348.28,,,Chief Med Off,,Corporate Services,Admin & Clerical Staff,Bank,-0.06,
,Chief Med Off,258710,PAH POST GRAD CENTRE,Pay,Admin & Clerical,2024-03,,WTE,-1.00,"-£4,084.49",,,Chief Med Off,,Corporate Services,Admin & Clerical Staff,Substantive,-1.00,
,Chief Med Off,258710,PAH POST GRAD CENTRE,Pay,Medical,2023-11,,WTE,0.00,"-£6,774.31",,,Chief Med Off,,Corporate Services,Medical Staff,Substantive,0.00,
,Chief Med Off,258710,PAH POST GRAD CENTRE,Pay,Medical,2023-12,,WTE,0.00,"-£6,759.98",,,Chief Med Off,,Corporate Services,Medical Staff,Substantive,0.00,
,Chief Med Off,258710,PAH POST GRAD CENTRE,Pay,Medical,2024-01,,WTE,0.00,"-£6,762.47",,,Chief Med Off,,Corporate Services,Medical Staff,Substantive,0.00,
,Chief Med Off,258710,PAH POST GRAD CENTRE,Pay,Medical,2024-02,,WTE,0.00,"-£6,769.20",,,Chief Med Off,,Corporate Services,Medical Staff,Substantive,0.00,
,Chief Med Off,258710,PAH POST GRAD CENTRE,Pay,Medical,2024-03,,WTE,0.00,"-£7,204.71",,,Chief Med Off,,Corporate Services,Medical Staff,Substantive,0.00,
,Chief Med Off,258710,PAH POST GRAD CENTRE,Pay,Nursing,2023-11,,WTE,-0.80,"-£3,805.14",,,Chief Med Off,,Corporate Services,Nursing & Midwifery Staff,Substantive,-0.80,
,Chief Med Off,258710,PAH POST GRAD CENTRE,Pay,Nursing,2023-12,,WTE,-0.80,"-£3,869.66",,,Chief Med Off,,Corporate Services,Nursing & Midwifery Staff,Substantive,-0.80,
,Chief Med Off,258710,PAH POST GRAD CENTRE,Pay,Nursing,2024-01,,WTE,-0.80,"-£3,805.14",,,Chief Med Off,,Corporate Services,Nursing & Midwifery Staff,Substantive,-0.80,
,Chief Med Off,258710,PAH POST GRAD CENTRE,Pay,Nursing,2024-02,,WTE,-0.80,"-£3,806.46",,,Chief Med Off,,Corporate Services,Nursing & Midwifery Staff,Substantive,-0.80,
,Chief Med Off,258710,PAH POST GRAD CENTRE,Pay,Nursing,2024-03,,WTE,-0.80,"-£3,805.14",,,Chief Med Off,,Corporate Services,Nursing & Midwifery Staff,Substantive,-0.80,
,Chief Med Off,258710,PAH POST GRAD CENTRE,Pay,"Scientific, Therapeutic & Tech",2023-12,,WTE,0.00,£0.71,,,Chief Med Off,,Corporate Services,"Scientific, Therapeutic & Technical Staff",Bank,0.00,
,Chief Med Off,258710,PAH POST GRAD CENTRE,Pay,Snr Managers,2023-11,,WTE,-1.56,"-£8,668.03",,,Chief Med Off,,Corporate Services,Senior Managers,Substantive,-1.56,
,Chief Med Off,258710,PAH POST GRAD CENTRE,Pay,Snr Managers,2023-12,,WTE,-1.56,"-£8,668.03",,,Chief Med Off,,Corporate Services,Senior Managers,Substantive,-1.56,
,Chief Med Off,258710,PAH POST GRAD CENTRE,Pay,Snr Managers,2024-01,,WTE,-1.56,"-£8,668.03",,,Chief Med Off,,Corporate Services,Senior Managers,Substantive,-1.56,
,Chief Med Off,258710,PAH POST GRAD CENTRE,Pay,Snr Managers,2024-02,,WTE,-1.56,"-£8,669.11",,,Chief Med Off,,Corporate Services,Senior Managers,Substantive,-1.56,
,Chief Med Off,258710,PAH POST GRAD CENTRE,Pay,Snr Managers,2024-03,,WTE,-1.56,"-£8,668.03",,,Chief Med Off,,Corporate Services,Senior Managers,Substantive,-1.56,
,Chief Med Off,258711,GP SPECIALTY TRAINING,Pay,Admin & Clerical,2023-11,,WTE,-1.77,"-£4,594.38",,,Chief Med Off,,Corporate Services,Admin & Clerical Staff,Substantive,-1.77,
,Chief Med Off,258711,GP SPECIALTY TRAINING,Pay,Admin & Clerical,2023-12,,WTE,-1.77,"-£4,594.38",,,Chief Med Off,,Corporate Services,Admin & Clerical Staff,Substantive,-1.77,
,Chief Med Off,258711,GP SPECIALTY TRAINING,Pay,Admin & Clerical,2024-01,,WTE,-1.77,"-£4,594.38",,,Chief Med Off,,Corporate Services,Admin & Clerical Staff,Substantive,-1.77,
,Chief Med Off,258711,GP SPECIALTY TRAINING,Pay,Admin & Clerical,2024-02,,WTE,-1.77,"-£4,594.38",,,Chief Med Off,,Corporate Services,Admin & Clerical Staff,Substantive,-1.77,
,Chief Med Off,258711,GP SPECIALTY TRAINING,Pay,Admin & Clerical,2024-03,,WTE,-1.77,"-£4,594.38",,,Chief Med Off,,Corporate Services,Admin & Clerical Staff,Substantive,-1.77,
,Chief Med Off,258711,GP SPECIALTY TRAINING,Pay,Medical,2023-11,,WTE,-8.04,"-£29,917.39",,,Chief Med Off,,Corporate Services,Medical Staff,Substantive,-8.04,
,Chief Med Off,258711,GP SPECIALTY TRAINING,Pay,Medical,2023-12,,WTE,-5.91,"-£30,671.98",,,Chief Med Off,,Corporate Services,Medical Staff,Substantive,-5.91,
,Chief Med Off,258711,GP SPECIALTY TRAINING,Pay,Medical,2024-01,,WTE,-6.89,"-£25,693.71",,,Chief Med Off,,Corporate Services,Medical Staff,Substantive,-6.89,
,Chief Med Off,258711,GP SPECIALTY TRAINING,Pay,Medical,2024-02,,WTE,-5.91,"-£21,503.82",,,Chief Med Off,,Corporate Services,Medical Staff,Substantive,-5.91,
,Chief Med Off,258711,GP SPECIALTY TRAINING,Pay,Medical,2024-03,,WTE,-6.56,"-£15,062.25",,,Chief Med Off,,Corporate Services,Medical Staff,Substantive,-6.56,
,Chief Med Off,258713,UNDERGRADUATE CLINICAL,Pay,Admin & Clerical,2023-11,,WTE,-2.00,"-£5,981.00",,,Chief Med Off,,Corporate Services,Admin & Clerical Staff,Substantive,-2.00,
,Chief Med Off,258713,UNDERGRADUATE CLINICAL,Pay,Admin & Clerical,2023-12,,WTE,-2.00,"-£5,981.00",,,Chief Med Off,,Corporate Services,Admin & Clerical Staff,Substantive,-2.00,
,Chief Med Off,258713,UNDERGRADUATE CLINICAL,Pay,Admin & Clerical,2024-01,,WTE,-2.00,"-£5,981.00",,,Chief Med Off,,Corporate Services,Admin & Clerical Staff,Substantive,-2.00,
,Chief Med Off,258713,UNDERGRADUATE CLINICAL,Pay,Admin & Clerical,2024-02,,WTE,-2.00,"-£5,981.00",,,Chief Med Off,,Corporate Services,Admin & Clerical Staff,Substantive,-2.00,
,Chief Med Off,258713,UNDERGRADUATE CLINICAL,Pay,Admin & Clerical,2024-03,,WTE,-2.00,"-£5,981.00",,,Chief Med Off,,Corporate Services,Admin & Clerical Staff,Substantive,-2.00,
,Chief Med Off,258713,UNDERGRADUATE CLINICAL,Pay,Medical,2023-11,,WTE,-2.57,"-£12,987.25",,,Chief Med Off,,Corporate Services,Medical Staff,Substantive,-2.57,
,Chief Med Off,258713,UNDERGRADUATE CLINICAL,Pay,Medical,2023-12,,WTE,-2.05,"-£13,257.91",,,Chief Med Off,,Corporate Services,Medical Staff,Substantive,-2.05,
,Chief Med Off,258713,UNDERGRADUATE CLINICAL,Pay,Medical,2024-01,,WTE,-1.93,"-£13,949.65",,,Chief Med Off,,Corporate Services,Medical Staff,Substantive,-1.93,
,Chief Med Off,258713,UNDERGRADUATE CLINICAL,Pay,Medical,2024-02,,WTE,-1.95,"-£12,768.35",,,Chief Med Off,,Corporate Services,Medical Staff,Substantive,-1.95,
,Chief Med Off,258713,UNDERGRADUATE CLINICAL,Pay,Medical,2024-03,,WTE,-2.35,"-£15,207.31",,,Chief Med Off,,Corporate Services,Medical Staff,Substantive,-2.35,
,Chief Med Off,258713,UNDERGRADUATE CLINICAL,Pay,Nursing,2023-11,,WTE,-1.00,"-£7,929.80",,,Chief Med Off,,Corporate Services,Nursing & Midwifery Staff,Substantive,-1.00,
,Chief Med Off,258713,UNDERGRADUATE CLINICAL,Pay,Nursing,2023-12,,WTE,-1.00,"-£8,076.41",,,Chief Med Off,,Corporate Services,Nursing & Midwifery Staff,Substantive,-1.00,
,Chief Med Off,258713,UNDERGRADUATE CLINICAL,Pay,Nursing,2024-01,,WTE,-1.77,"-£11,746.70",,,Chief Med Off,,Corporate Services,Nursing & Midwifery Staff,Substantive,-1.77,
,Chief Med Off,258713,UNDERGRADUATE CLINICAL,Pay,Nursing,2024-02,,WTE,-2.00,"-£11,605.86",,,Chief Med Off,,Corporate Services,Nursing & Midwifery Staff,Substantive,-2.00,
,Chief Med Off,258713,UNDERGRADUATE CLINICAL,Pay,Nursing,2024-03,,WTE,-1.95,"-£11,867.08",,,Chief Med Off,,Corporate Services,Nursing & Midwifery Staff,Substantive,-1.95,
,Chief Med Off,258713,UNDERGRADUATE CLINICAL,Pay,"Scientific, Therapeutic & Tech",2023-11,,WTE,-1.00,"-£3,081.64",,,Chief Med Off,,Corporate Services,"Scientific, Therapeutic & Technical Staff",Substantive,-1.00,
,Chief Med Off,258713,UNDERGRADUATE CLINICAL,Pay,"Scientific, Therapeutic & Tech",2023-12,,WTE,-1.00,"-£3,081.45",,,Chief Med Off,,Corporate Services,"Scientific, Therapeutic & Technical Staff",Substantive,-1.00,
,Chief Med Off,258713,UNDERGRADUATE CLINICAL,Pay,"Scientific, Therapeutic & Tech",2024-01,,WTE,-1.00,"-£3,081.45",,,Chief Med Off,,Corporate Services,"Scientific, Therapeutic & Technical Staff",Substantive,-1.00,
,Chief Med Off,258713,UNDERGRADUATE CLINICAL,Pay,"Scientific, Therapeutic & Tech",2024-02,,WTE,-1.00,"-£3,081.45",,,Chief Med Off,,Corporate Services,"Scientific, Therapeutic & Technical Staff",Substantive,-1.00,
,Chief Med Off,258713,UNDERGRADUATE CLINICAL,Pay,"Scientific, Therapeutic & Tech",2024-03,,WTE,-1.00,"-£3,081.45",,,Chief Med Off,,Corporate Services,"Scientific, Therapeutic & Technical Staff",Substantive,-1.00,
,Chief Med Off,258715,LIBRARY EXPENSES,Pay,Admin & Clerical,2023-11,,WTE,-4.00,"-£12,085.62",,,Chief Med Off,,Corporate Services,Admin & Clerical Staff,Substantive,-4.00,
,Chief Med Off,258715,LIBRARY EXPENSES,Pay,Admin & Clerical,2023-12,,WTE,-4.00,"-£12,085.62",,,Chief Med Off,,Corporate Services,Admin & Clerical Staff,Substantive,-4.00,
,Chief Med Off,258715,LIBRARY EXPENSES,Pay,Admin & Clerical,2024-01,,WTE,-4.00,"-£12,085.62",,,Chief Med Off,,Corporate Services,Admin & Clerical Staff,Substantive,-4.00,
,Chief Med Off,258715,LIBRARY EXPENSES,Pay,Admin & Clerical,2024-02,,WTE,-4.00,"-£12,085.62",,,Chief Med Off,,Corporate Services,Admin & Clerical Staff,Substantive,-4.00,
,Chief Med Off,258715,LIBRARY EXPENSES,Pay,Admin & Clerical,2024-03,,WTE,-4.00,"-£12,086.02",,,Chief Med Off,,Corporate Services,Admin & Clerical Staff,Substantive,-4.00,
,Chief Med Off,258715,LIBRARY EXPENSES,Pay,Snr Managers,2023-11,,WTE,-1.00,"-£5,552.72",,,Chief Med Off,,Corporate Services,Senior Managers,Substantive,-1.00,
,Chief Med Off,258715,LIBRARY EXPENSES,Pay,Snr Managers,2023-12,,WTE,-1.00,"-£5,552.72",,,Chief Med Off,,Corporate Services,Senior Managers,Substantive,-1.00,
,Chief Med Off,258715,LIBRARY EXPENSES,Pay,Snr Managers,2024-01,,WTE,-1.00,"-£5,552.72",,,Chief Med Off,,Corporate Services,Senior Managers,Substantive,-1.00,
,Chief Med Off,258715,LIBRARY EXPENSES,Pay,Snr Managers,2024-02,,WTE,-1.00,"-£5,552.72",,,Chief Med Off,,Corporate Services,Senior Managers,Substantive,-1.00,
,Chief Med Off,258715,LIBRARY EXPENSES,Pay,Snr Managers,2024-03,,WTE,-1.00,"-£5,552.72",,,Chief Med Off,,Corporate Services,Senior Managers,Substantive,-1.00,
,Chief Med Off,258716,RESEARCH & DEVELOPMENT,Pay,Admin & Clerical,2023-11,,WTE,-2.60,"-£8,432.77",,,Chief Med Off,,Corporate Services,Admin & Clerical Staff,Substantive,-2.60,
,Chief Med Off,258716,RESEARCH & DEVELOPMENT,Pay,Admin & Clerical,2023-12,,WTE,0.00,£9.69,,,Chief Med Off,,Corporate Services,Admin & Clerical Staff,Bank,0.00,
,Chief Med Off,258716,RESEARCH & DEVELOPMENT,Pay,Admin & Clerical,2023-12,,WTE,-2.60,"-£8,256.07",,,Chief Med Off,,Corporate Services,Admin & Clerical Staff,Substantive,-2.60,
,Chief Med Off,258716,RESEARCH & DEVELOPMENT,Pay,Admin & Clerical,2024-01,,WTE,-2.60,"-£8,332.41",,,Chief Med Off,,Corporate Services,Admin & Clerical Staff,Substantive,-2.60,
,Chief Med Off,258716,RESEARCH & DEVELOPMENT,Pay,Admin & Clerical,2024-02,,WTE,-2.60,"-£8,169.75",,,Chief Med Off,,Corporate Services,Admin & Clerical Staff,Substantive,-2.60,
,Chief Med Off,258716,RESEARCH & DEVELOPMENT,Pay,Admin & Clerical,2024-03,,WTE,-2.60,"-£8,141.93",,,Chief Med Off,,Corporate Services,Admin & Clerical Staff,Substantive,-2.60,
,Chief Med Off,258716,RESEARCH & DEVELOPMENT,Pay,Nursing,2023-11,,WTE,-9.84,"-£42,122.77",,,Chief Med Off,,Corporate Services,Nursing & Midwifery Staff,Substantive,-9.84,
,Chief Med Off,258716,RESEARCH & DEVELOPMENT,Pay,Nursing,2023-12,,WTE,0.00,£0.13,,,Chief Med Off,,Corporate Services,Nursing & Midwifery Staff,Bank,0.00,
,Chief Med Off,258716,RESEARCH & DEVELOPMENT,Pay,Nursing,2023-12,,WTE,-9.84,"-£41,713.74",,,Chief Med Off,,Corporate Services,Nursing & Midwifery Staff,Substantive,-9.84,
,Chief Med Off,258716,RESEARCH & DEVELOPMENT,Pay,Nursing,2024-01,,WTE,-8.84,"-£38,832.02",,,Chief Med Off,,Corporate Services,Nursing & Midwifery Staff,Substantive,-8.84,
,Chief Med Off,258716,RESEARCH & DEVELOPMENT,Pay,Nursing,2024-02,,WTE,-9.38,"-£40,734.50",,,Chief Med Off,,Corporate Services,Nursing & Midwifery Staff,Substantive,-9.38,
,Chief Med Off,258716,RESEARCH & DEVELOPMENT,Pay,Nursing,2024-03,,WTE,-9.30,"-£40,869.02",,,Chief Med Off,,Corporate Services,Nursing & Midwifery Staff,Substantive,-9.30,
,Chief Med Off,258716,RESEARCH & DEVELOPMENT,Pay,"Scientific, Therapeutic & Tech",2023-11,,WTE,-1.19,"-£6,498.51",,,Chief Med Off,,Corporate Services,"Scientific, Therapeutic & Technical Staff",Substantive,-1.19,
,Chief Med Off,258716,RESEARCH & DEVELOPMENT,Pay,"Scientific, Therapeutic & Tech",2023-12,,WTE,-0.93,"-£6,847.23",,,Chief Med Off,,Corporate Services,"Scientific, Therapeutic & Technical Staff",Substantive,-0.93,
,Chief Med Off,258716,RESEARCH & DEVELOPMENT,Pay,"Scientific, Therapeutic & Tech",2024-01,,WTE,-0.93,"-£6,891.21",,,Chief Med Off,,Corporate Services,"Scientific, Therapeutic & Technical Staff",Substantive,-0.93,
,Chief Med Off,258716,RESEARCH & DEVELOPMENT,Pay,"Scientific, Therapeutic & Tech",2024-02,,WTE,-2.43,"-£8,926.84",,,Chief Med Off,,Corporate Services,"Scientific, Therapeutic & Technical Staff",Substantive,-2.43,
,Chief Med Off,258716,RESEARCH & DEVELOPMENT,Pay,"Scientific, Therapeutic & Tech",2024-03,,WTE,-2.28,"-£8,208.79",,,Chief Med Off,,Corporate Services,"Scientific, Therapeutic & Technical Staff",Substantive,-2.28,
,Chief Med Off,258716,RESEARCH & DEVELOPMENT,Pay,Snr Managers,2023-11,,WTE,-1.00,"-£6,236.03",,,Chief Med Off,,Corporate Services,Senior Managers,Substantive,-1.00,
,Chief Med Off,258716,RESEARCH & DEVELOPMENT,Pay,Snr Managers,2023-12,,WTE,-1.00,"-£6,236.03",,,Chief Med Off,,Corporate Services,Senior Managers,Substantive,-1.00,
,Chief Med Off,258716,RESEARCH & DEVELOPMENT,Pay,Snr Managers,2024-01,,WTE,-0.90,"-£5,691.25",,,Chief Med Off,,Corporate Services,Senior Managers,Substantive,-0.90,
,Chief Med Off,258716,RESEARCH & DEVELOPMENT,Pay,Snr Managers,2024-02,,WTE,-0.66,"-£4,294.88",,,Chief Med Off,,Corporate Services,Senior Managers,Substantive,-0.66,
,Chief Med Off,258716,RESEARCH & DEVELOPMENT,Pay,Snr Managers,2024-03,,WTE,-0.90,"-£5,622.43",,,Chief Med Off,,Corporate Services,Senior Managers,Substantive,-0.90,
,Chief Exe Off,258717,CHIEF EXECUTIVE,Pay,Admin & Clerical,2023-11,,WTE,-0.88,"-£4,945.14",,,Chief Exe Off,,Corporate Services,Admin & Clerical Staff,Agency,-0.88,
,Chief Exe Off,258717,CHIEF EXECUTIVE,Pay,Admin & Clerical,2023-11,,WTE,-0.08,-£343.64,,,Chief Exe Off,,Corporate Services,Admin & Clerical Staff,Bank,-0.08,
,Chief Exe Off,258717,CHIEF EXECUTIVE,Pay,Admin & Clerical,2023-11,,WTE,-6.00,"-£24,149.30",,,Chief Exe Off,,Corporate Services,Admin & Clerical Staff,Substantive,-6.00,
,Chief Exe Off,258717,CHIEF EXECUTIVE,Pay,Admin & Clerical,2023-12,,WTE,-0.70,"-£3,122.46",,,Chief Exe Off,,Corporate Services,Admin & Clerical Staff,Agency,-0.70,
,Chief Exe Off,258717,CHIEF EXECUTIVE,Pay,Admin & Clerical,2023-12,,WTE,-0.39,"-£1,116.88",,,Chief Exe Off,,Corporate Services,Admin & Clerical Staff,Bank,-0.39,
,Chief Exe Off,258717,CHIEF EXECUTIVE,Pay,Admin & Clerical,2023-12,,WTE,-6.00,"-£24,099.76",,,Chief Exe Off,,Corporate Services,Admin & Clerical Staff,Substantive,-6.00,
,Chief Exe Off,258717,CHIEF EXECUTIVE,Pay,Admin & Clerical,2024-01,,WTE,-0.79,"-£4,093.58",,,Chief Exe Off,,Corporate Services,Admin & Clerical Staff,Agency,-0.79,
,Chief Exe Off,258717,CHIEF EXECUTIVE,Pay,Admin & Clerical,2024-01,,WTE,-0.46,"-£2,000.41",,,Chief Exe Off,,Corporate Services,Admin & Clerical Staff,Bank,-0.46,
,Chief Exe Off,258717,CHIEF EXECUTIVE,Pay,Admin & Clerical,2024-01,,WTE,-3.43,"-£15,869.12",,,Chief Exe Off,,Corporate Services,Admin & Clerical Staff,Substantive,-3.43,
,Chief Exe Off,258717,CHIEF EXECUTIVE,Pay,Admin & Clerical,2024-02,,WTE,-0.54,"-£2,345.58",,,Chief Exe Off,,Corporate Services,Admin & Clerical Staff,Agency,-0.54,
,Chief Exe Off,258717,CHIEF EXECUTIVE,Pay,Admin & Clerical,2024-02,,WTE,-0.40,"-£1,718.42",,,Chief Exe Off,,Corporate Services,Admin & Clerical Staff,Bank,-0.40,
,Chief Exe Off,258717,CHIEF EXECUTIVE,Pay,Admin & Clerical,2024-02,,WTE,-6.10,"-£23,994.56",,,Chief Exe Off,,Corporate Services,Admin & Clerical Staff,Substantive,-6.10,
,Chief Exe Off,258717,CHIEF EXECUTIVE,Pay,Admin & Clerical,2024-03,,WTE,-0.02,-£86.00,,,Chief Exe Off,,Corporate Services,Admin & Clerical Staff,Bank,-0.02,
,Chief Exe Off,258717,CHIEF EXECUTIVE,Pay,Admin & Clerical,2024-03,,WTE,-6.82,"-£26,603.56",,,Chief Exe Off,,Corporate Services,Admin & Clerical Staff,Substantive,-6.82,
,Chief Exe Off,258717,CHIEF EXECUTIVE,Pay,Medical,2023-11,,WTE,-1.00,"-£19,093.74",,,Chief Exe Off,,Corporate Services,Medical Staff,Substantive,-1.00,
,Chief Exe Off,258717,CHIEF EXECUTIVE,Pay,Medical,2023-12,,WTE,-1.00,"-£21,210.55",,,Chief Exe Off,,Corporate Services,Medical Staff,Substantive,-1.00,
,Chief Exe Off,258717,CHIEF EXECUTIVE,Pay,Medical,2024-01,,WTE,-1.00,"-£19,093.74",,,Chief Exe Off,,Corporate Services,Medical Staff,Substantive,-1.00,
,Chief Exe Off,258717,CHIEF EXECUTIVE,Pay,Medical,2024-02,,WTE,-1.00,"-£19,093.74",,,Chief Exe Off,,Corporate Services,Medical Staff,Substantive,-1.00,
,Chief Exe Off,258717,CHIEF EXECUTIVE,Pay,Medical,2024-03,,WTE,-1.00,"-£25,246.66",,,Chief Exe Off,,Corporate Services,Medical Staff,Substantive,-1.00,
,Chief Exe Off,258717,CHIEF EXECUTIVE,Pay,Snr Managers,2023-11,,WTE,-8.95,"-£95,201.35",,,Chief Exe Off,,Corporate Services,Senior Managers,Substantive,-8.95,
,Chief Exe Off,258717,CHIEF EXECUTIVE,Pay,Snr Managers,2023-12,,WTE,-9.85,"-£201,699.48",,,Chief Exe Off,,Corporate Services,Senior Managers,Substantive,-9.85,
,Chief Exe Off,258717,CHIEF EXECUTIVE,Pay,Snr Managers,2024-01,,WTE,-8.95,"-£175,740.85",,,Chief Exe Off,,Corporate Services,Senior Managers,Substantive,-8.95,
,Chief Exe Off,258717,CHIEF EXECUTIVE,Pay,Snr Managers,2024-02,,WTE,-8.95,"-£96,403.52",,,Chief Exe Off,,Corporate Services,Senior Managers,Substantive,-8.95,
,Chief Exe Off,258717,CHIEF EXECUTIVE,Pay,Snr Managers,2024-03,,WTE,-8.95,"-£96,181.22",,,Chief Exe Off,,Corporate Services,Senior Managers,Substantive,-8.95,
,Chief Exe Off,258719,NON-EXECUTIVE BOARD,Pay,Snr Managers,2023-11,,WTE,-7.00,"-£15,228.35",,,Chief Exe Off,,Corporate Services,Chair & NED,Substantive,-7.00,
,Chief Nurse,258720,LEGAL SERVICES,Pay,Admin & Clerical,2023-11,,WTE,-1.00,"-£2,990.50",,,Chief Nurse,,Corporate Services,Admin & Clerical Staff,Substantive,-1.00,
,Chief Nurse,258720,LEGAL SERVICES,Pay,Admin & Clerical,2023-12,,WTE,-1.00,"-£2,990.50",,,Chief Nurse,,Corporate Services,Admin & Clerical Staff,Substantive,-1.00,
,Chief Nurse,258720,LEGAL SERVICES,Pay,Admin & Clerical,2024-01,,WTE,-1.00,"-£2,990.50",,,Chief Nurse,,Corporate Services,Admin & Clerical Staff,Substantive,-1.00,
,Chief Nurse,258720,LEGAL SERVICES,Pay,Admin & Clerical,2024-02,,WTE,-1.00,"-£2,990.50",,,Chief Nurse,,Corporate Services,Admin & Clerical Staff,Substantive,-1.00,
,Chief Nurse,258720,LEGAL SERVICES,Pay,Admin & Clerical,2024-03,,WTE,-1.00,"-£2,990.50",,,Chief Nurse,,Corporate Services,Admin & Clerical Staff,Substantive,-1.00,
,Chief Nurse,258720,LEGAL SERVICES,Pay,Snr Managers,2023-11,,WTE,-2.00,"-£10,240.37",,,Chief Nurse,,Corporate Services,Senior Managers,Substantive,-2.00,
,Chief Nurse,258720,LEGAL SERVICES,Pay,Snr Managers,2023-12,,WTE,-2.00,"-£10,244.25",,,Chief Nurse,,Corporate Services,Senior Managers,Substantive,-2.00,
,Chief Nurse,258720,LEGAL SERVICES,Pay,Snr Managers,2024-01,,WTE,-2.00,"-£10,239.59",,,Chief Nurse,,Corporate Services,Senior Managers,Substantive,-2.00,
,Chief Nurse,258720,LEGAL SERVICES,Pay,Snr Managers,2024-02,,WTE,-2.00,"-£10,241.14",,,Chief Nurse,,Corporate Services,Senior Managers,Substantive,-2.00,
,Chief Nurse,258720,LEGAL SERVICES,Pay,Snr Managers,2024-03,,WTE,-2.00,"-£10,240.37",,,Chief Nurse,,Corporate Services,Senior Managers,Substantive,-2.00,
,Director of P & P,258721,DIRECTOR OF STRATEGY,Pay,Admin & Clerical,2023-11,,WTE,-1.00,"-£3,291.06",,,Director of P & P,,Corporate Services,Admin & Clerical Staff,Substantive,-1.00,
,Director of P & P,258721,DIRECTOR OF STRATEGY,Pay,Admin & Clerical,2023-12,,WTE,-1.00,"-£3,419.55",,,Director of P & P,,Corporate Services,Admin & Clerical Staff,Substantive,-1.00,
,Director of P & P,258721,DIRECTOR OF STRATEGY,Pay,Admin & Clerical,2024-01,,WTE,-1.00,"-£3,419.55",,,Director of P & P,,Corporate Services,Admin & Clerical Staff,Substantive,-1.00,
,Director of P & P,258721,DIRECTOR OF STRATEGY,Pay,Admin & Clerical,2024-02,,WTE,-1.00,"-£3,420.46",,,Director of P & P,,Corporate Services,Admin & Clerical Staff,Substantive,-1.00,
,Director of P & P,258721,DIRECTOR OF STRATEGY,Pay,Admin & Clerical,2024-03,,WTE,-1.00,"-£3,419.55",,,Director of P & P,,Corporate Services,Admin & Clerical Staff,Substantive,-1.00,
,Director of P & P,258721,DIRECTOR OF STRATEGY,Pay,Snr Managers,2023-11,,WTE,-0.75,"£7,631.91",,,Director of P & P,,Corporate Services,Senior Managers,Substantive,-0.75,
,Director of P & P,258721,DIRECTOR OF STRATEGY,Pay,Snr Managers,2023-12,,WTE,-2.85,"-£16,721.80",,,Director of P & P,,Corporate Services,Senior Managers,Substantive,-2.85,
,Director of P & P,258721,DIRECTOR OF STRATEGY,Pay,Snr Managers,2024-01,,WTE,-0.75,"-£4,544.95",,,Director of P & P,,Corporate Services,Senior Managers,Substantive,-0.75,
,Director of P & P,258721,DIRECTOR OF STRATEGY,Pay,Snr Managers,2024-02,,WTE,-0.69,"-£4,544.95",,,Director of P & P,,Corporate Services,Senior Managers,Substantive,-0.69,
,Director of P & P,258721,DIRECTOR OF STRATEGY,Pay,Snr Managers,2024-03,,WTE,-1.11,"-£6,955.59",,,Director of P & P,,Corporate Services,Senior Managers,Substantive,-1.11,
,Chief Exe Off,258722,COMMUNICATIONS,Pay,Admin & Clerical,2023-11,,WTE,-2.00,"-£6,946.32",,,Chief Exe Off,,Corporate Services,Admin & Clerical Staff,Substantive,-2.00,
,Chief Exe Off,258722,COMMUNICATIONS,Pay,Admin & Clerical,2023-12,,WTE,-2.00,"-£6,946.32",,,Chief Exe Off,,Corporate Services,Admin & Clerical Staff,Substantive,-2.00,
,Chief Exe Off,258722,COMMUNICATIONS,Pay,Admin & Clerical,2024-01,,WTE,-2.00,"-£6,946.32",,,Chief Exe Off,,Corporate Services,Admin & Clerical Staff,Substantive,-2.00,
,Chief Exe Off,258722,COMMUNICATIONS,Pay,Admin & Clerical,2024-02,,WTE,-2.00,"-£6,946.32",,,Chief Exe Off,,Corporate Services,Admin & Clerical Staff,Substantive,-2.00,
,Chief Exe Off,258722,COMMUNICATIONS,Pay,Admin & Clerical,2024-03,,WTE,-0.95,"-£4,094.84",,,Chief Exe Off,,Corporate Services,Admin & Clerical Staff,Bank,-0.95,
,Chief Exe Off,258722,COMMUNICATIONS,Pay,Admin & Clerical,2024-03,,WTE,-2.00,"-£6,946.32",,,Chief Exe Off,,Corporate Services,Admin & Clerical Staff,Substantive,-2.00,
,Chief Exe Off,258722,COMMUNICATIONS,Pay,Snr Managers,2023-11,,WTE,-3.00,"-£19,873.51",,,Chief Exe Off,,Corporate Services,Senior Managers,Substantive,-3.00,
,Chief Exe Off,258722,COMMUNICATIONS,Pay,Snr Managers,2023-12,,WTE,-2.84,"-£18,625.83",,,Chief Exe Off,,Corporate Services,Senior Managers,Substantive,-2.84,
,Chief Exe Off,258722,COMMUNICATIONS,Pay,Snr Managers,2024-01,,WTE,-2.50,"-£16,405.26",,,Chief Exe Off,,Corporate Services,Senior Managers,Substantive,-2.50,
,Chief Exe Off,258722,COMMUNICATIONS,Pay,Snr Managers,2024-02,,WTE,-2.68,"-£21,581.21",,,Chief Exe Off,,Corporate Services,Senior Managers,Substantive,-2.68,
,Chief Exe Off,258722,COMMUNICATIONS,Pay,Snr Managers,2024-03,,WTE,-3.02,"-£20,374.96",,,Chief Exe Off,,Corporate Services,Senior Managers,Substantive,-3.02,
,Director of Finance,258723,DIRECTOR OF FINANCE,Pay,Medical,2024-03,,WTE,0.00,"-£100,000.00",,,Finance,,Corporate Services,Medical Staff,Bank,0.00,
,Director of Finance,258723,DIRECTOR OF FINANCE,Pay,Snr Managers,2023-11,,WTE,-1.00,"-£10,780.23",,,Finance,,Corporate Services,Senior Managers,Substantive,-1.00,
,Director of Finance,258723,DIRECTOR OF FINANCE,Pay,Snr Managers,2023-12,,WTE,-1.00,"-£10,780.23",,,Finance,,Corporate Services,Senior Managers,Substantive,-1.00,
,Director of Finance,258723,DIRECTOR OF FINANCE,Pay,Snr Managers,2024-01,,WTE,-0.90,"-£9,702.21",,,Finance,,Corporate Services,Senior Managers,Substantive,-0.90,
,Director of Finance,258723,DIRECTOR OF FINANCE,Pay,Snr Managers,2024-02,,WTE,-1.00,"-£10,780.23",,,Finance,,Corporate Services,Senior Managers,Substantive,-1.00,
,Director of Finance,258723,DIRECTOR OF FINANCE,Pay,Snr Managers,2024-03,,WTE,-0.90,"-£9,702.21",,,Finance,,Corporate Services,Senior Managers,Substantive,-0.90,
,Director of P & P,258724,NEW HOSPITAL,Pay,Snr Managers,2023-11,,WTE,-0.30,£0.00,,,Director of P & P,,Corporate Services,Senior Managers,Substantive,-0.30,
,Director of P & P,258724,NEW HOSPITAL,Pay,Snr Managers,2023-12,,WTE,-1.70,"-£3,331.62",,,Director of P & P,,Corporate Services,Senior Managers,Substantive,-1.70,
,Director of P & P,258724,NEW HOSPITAL,Pay,Snr Managers,2024-01,,WTE,-0.30,"-£1,665.82",,,Director of P & P,,Corporate Services,Senior Managers,Substantive,-0.30,
,Director of P & P,258724,NEW HOSPITAL,Pay,Snr Managers,2024-02,,WTE,-0.30,"-£1,665.82",,,Director of P & P,,Corporate Services,Senior Managers,Substantive,-0.30,
,Director of P & P,258724,NEW HOSPITAL,Pay,Snr Managers,2024-03,,WTE,-0.30,"-£1,665.82",,,Director of P & P,,Corporate Services,Senior Managers,Substantive,-0.30,
,Director of Finance,258726,MANAGEMENT ACCOUNTS,Pay,Admin & Clerical,2023-11,,WTE,-1.52,"-£6,680.23",,,Finance,,Corporate Services,Admin & Clerical Staff,Bank,-1.52,
,Director of Finance,258726,MANAGEMENT ACCOUNTS,Pay,Admin & Clerical,2023-11,,WTE,-5.00,"-£25,608.29",,,Finance,,Corporate Services,Admin & Clerical Staff,Substantive,-5.00,
,Director of Finance,258726,MANAGEMENT ACCOUNTS,Pay,Admin & Clerical,2023-12,,WTE,0.00,£419.90,,,Finance,,Corporate Services,Admin & Clerical Staff,Agency,0.00,
,Director of Finance,258726,MANAGEMENT ACCOUNTS,Pay,Admin & Clerical,2023-12,,WTE,-1.55,"-£5,077.90",,,Finance,,Corporate Services,Admin & Clerical Staff,Bank,-1.55,
,Director of Finance,258726,MANAGEMENT ACCOUNTS,Pay,Admin & Clerical,2023-12,,WTE,-6.00,"-£25,608.29",,,Finance,,Corporate Services,Admin & Clerical Staff,Substantive,-6.00,
,Director of Finance,258726,MANAGEMENT ACCOUNTS,Pay,Admin & Clerical,2024-01,,WTE,0.00,"-£1,462.05",,,Finance,,Corporate Services,Admin & Clerical Staff,Agency,0.00,
,Director of Finance,258726,MANAGEMENT ACCOUNTS,Pay,Admin & Clerical,2024-01,,WTE,-1.87,"-£5,720.51",,,Finance,,Corporate Services,Admin & Clerical Staff,Bank,-1.87,
,Director of Finance,258726,MANAGEMENT ACCOUNTS,Pay,Admin & Clerical,2024-01,,WTE,-7.08,"-£28,988.10",,,Finance,,Corporate Services,Admin & Clerical Staff,Substantive,-7.08,
,Director of Finance,258726,MANAGEMENT ACCOUNTS,Pay,Admin & Clerical,2024-02,,WTE,-1.40,"-£4,247.00",,,Finance,,Corporate Services,Admin & Clerical Staff,Bank,-1.40,
,Director of Finance,258726,MANAGEMENT ACCOUNTS,Pay,Admin & Clerical,2024-02,,WTE,-8.00,"-£31,914.51",,,Finance,,Corporate Services,Admin & Clerical Staff,Substantive,-8.00,
,Director of Finance,258726,MANAGEMENT ACCOUNTS,Pay,Admin & Clerical,2024-03,,WTE,0.00,"-£26,825.10",,,Finance,,Corporate Services,Admin & Clerical Staff,Agency,0.00,
,Director of Finance,258726,MANAGEMENT ACCOUNTS,Pay,Admin & Clerical,2024-03,,WTE,-0.85,"-£2,882.22",,,Finance,,Corporate Services,Admin & Clerical Staff,Bank,-0.85,
,Director of Finance,258726,MANAGEMENT ACCOUNTS,Pay,Admin & Clerical,2024-03,,WTE,-7.00,"-£29,644.08",,,Finance,,Corporate Services,Admin & Clerical Staff,Substantive,-7.00,
,Director of Finance,258726,MANAGEMENT ACCOUNTS,Pay,Snr Managers,2023-11,,WTE,-6.00,"-£37,735.83",,,Finance,,Corporate Services,Senior Managers,Substantive,-6.00,
,Director of Finance,258726,MANAGEMENT ACCOUNTS,Pay,Snr Managers,2023-12,,WTE,-5.00,"-£37,735.83",,,Finance,,Corporate Services,Senior Managers,Substantive,-5.00,
,Director of Finance,258726,MANAGEMENT ACCOUNTS,Pay,Snr Managers,2024-01,,WTE,-5.97,"-£43,476.20",,,Finance,,Corporate Services,Senior Managers,Substantive,-5.97,
,Director of Finance,258726,MANAGEMENT ACCOUNTS,Pay,Snr Managers,2024-02,,WTE,-6.00,"-£43,680.73",,,Finance,,Corporate Services,Senior Managers,Substantive,-6.00,
,Director of Finance,258726,MANAGEMENT ACCOUNTS,Pay,Snr Managers,2024-03,,WTE,-7.00,"-£48,662.23",,,Finance,,Corporate Services,Senior Managers,Substantive,-7.00,
,Director of Finance,258727,FINANCIAL ACCOUNTS,Pay,Admin & Clerical,2023-11,,WTE,-4.44,"-£26,099.73",,,Finance,,Corporate Services,Admin & Clerical Staff,Bank,-4.44,
,Director of Finance,258727,FINANCIAL ACCOUNTS,Pay,Admin & Clerical,2023-11,,WTE,-10.45,"-£32,115.47",,,Finance,,Corporate Services,Admin & Clerical Staff,Substantive,-10.45,
,Director of Finance,258727,FINANCIAL ACCOUNTS,Pay,Admin & Clerical,2023-12,,WTE,-4.65,"-£19,907.07",,,Finance,,Corporate Services,Admin & Clerical Staff,Bank,-4.65,
,Director of Finance,258727,FINANCIAL ACCOUNTS,Pay,Admin & Clerical,2023-12,,WTE,-10.95,"-£33,941.46",,,Finance,,Corporate Services,Admin & Clerical Staff,Substantive,-10.95,
,Director of Finance,258727,FINANCIAL ACCOUNTS,Pay,Admin & Clerical,2024-01,,WTE,-5.40,-£934.66,,,Finance,,Corporate Services,Admin & Clerical Staff,Bank,-5.40,
,Director of Finance,258727,FINANCIAL ACCOUNTS,Pay,Admin & Clerical,2024-01,,WTE,-10.99,"-£34,297.68",,,Finance,,Corporate Services,Admin & Clerical Staff,Substantive,-10.99,
,Director of Finance,258727,FINANCIAL ACCOUNTS,Pay,Admin & Clerical,2024-02,,WTE,0.00,£140.11,,,Finance,,Corporate Services,Admin & Clerical Staff,Agency,0.00,
,Director of Finance,258727,FINANCIAL ACCOUNTS,Pay,Admin & Clerical,2024-02,,WTE,-4.75,"-£23,674.46",,,Finance,,Corporate Services,Admin & Clerical Staff,Bank,-4.75,
,Director of Finance,258727,FINANCIAL ACCOUNTS,Pay,Admin & Clerical,2024-02,,WTE,-9.76,"-£29,605.09",,,Finance,,Corporate Services,Admin & Clerical Staff,Substantive,-9.76,
,Director of Finance,258727,FINANCIAL ACCOUNTS,Pay,Admin & Clerical,2024-03,,WTE,-3.70,"-£15,997.16",,,Finance,,Corporate Services,Admin & Clerical Staff,Bank,-3.70,
,Director of Finance,258727,FINANCIAL ACCOUNTS,Pay,Admin & Clerical,2024-03,,WTE,-10.25,"-£31,346.70",,,Finance,,Corporate Services,Admin & Clerical Staff,Substantive,-10.25,
,Director of Finance,258727,FINANCIAL ACCOUNTS,Pay,Snr Managers,2023-11,,WTE,-3.07,"-£20,880.68",,,Finance,,Corporate Services,Senior Managers,Substantive,-3.07,
,Director of Finance,258727,FINANCIAL ACCOUNTS,Pay,Snr Managers,2023-12,,WTE,-3.00,"-£20,415.46",,,Finance,,Corporate Services,Senior Managers,Substantive,-3.00,
,Director of Finance,258727,FINANCIAL ACCOUNTS,Pay,Snr Managers,2024-01,,WTE,-2.00,"-£9,353.98",,,Finance,,Corporate Services,Senior Managers,Substantive,-2.00,
,Director of Finance,258727,FINANCIAL ACCOUNTS,Pay,Snr Managers,2024-02,,WTE,-3.00,"-£20,415.46",,,Finance,,Corporate Services,Senior Managers,Substantive,-3.00,
,Director of Finance,258727,FINANCIAL ACCOUNTS,Pay,Snr Managers,2024-03,,WTE,-4.00,"-£26,824.85",,,Finance,,Corporate Services,Senior Managers,Substantive,-4.00,
,Director of Finance,258731,STRATEGY & PLANNING,Pay,Admin & Clerical,2023-11,,WTE,-0.88,"-£10,180.11",,,Finance,,Corporate Services,Admin & Clerical Staff,Agency,-0.88,
,Director of Finance,258731,STRATEGY & PLANNING,Pay,Admin & Clerical,2023-11,,WTE,-0.69,"-£2,104.39",,,Finance,,Corporate Services,Admin & Clerical Staff,Substantive,-0.69,
,Director of Finance,258731,STRATEGY & PLANNING,Pay,Admin & Clerical,2023-12,,WTE,-0.55,£577.48,,,Finance,,Corporate Services,Admin & Clerical Staff,Agency,-0.55,
,Director of Finance,258731,STRATEGY & PLANNING,Pay,Admin & Clerical,2023-12,,WTE,0.00,"£2,020.92",,,Finance,,Corporate Services,Admin & Clerical Staff,Bank,0.00,
,Director of Finance,258731,STRATEGY & PLANNING,Pay,Admin & Clerical,2023-12,,WTE,-0.69,"-£2,104.39",,,Finance,,Corporate Services,Admin & Clerical Staff,Substantive,-0.69,
,Director of Finance,258731,STRATEGY & PLANNING,Pay,Admin & Clerical,2024-01,,WTE,-1.10,"-£23,065.25",,,Finance,,Corporate Services,Admin & Clerical Staff,Agency,-1.10,
,Director of Finance,258731,STRATEGY & PLANNING,Pay,Admin & Clerical,2024-01,,WTE,-0.69,"-£2,104.39",,,Finance,,Corporate Services,Admin & Clerical Staff,Substantive,-0.69,
,Director of Finance,258731,STRATEGY & PLANNING,Pay,Admin & Clerical,2024-02,,WTE,-1.05,"-£15,219.62",,,Finance,,Corporate Services,Admin & Clerical Staff,Agency,-1.05,
,Director of Finance,258731,STRATEGY & PLANNING,Pay,Admin & Clerical,2024-02,,WTE,-0.69,"-£2,104.39",,,Finance,,Corporate Services,Admin & Clerical Staff,Substantive,-0.69,
,Director of Finance,258731,STRATEGY & PLANNING,Pay,Admin & Clerical,2024-03,,WTE,-0.05,"-£18,232.72",,,Finance,,Corporate Services,Admin & Clerical Staff,Agency,-0.05,
,Director of Finance,258731,STRATEGY & PLANNING,Pay,Admin & Clerical,2024-03,,WTE,-0.69,"-£2,104.39",,,Finance,,Corporate Services,Admin & Clerical Staff,Substantive,-0.69,
,Director of Finance,258731,STRATEGY & PLANNING,Pay,Snr Managers,2023-11,,WTE,-4.00,"-£25,483.67",,,Finance,,Corporate Services,Senior Managers,Substantive,-4.00,
,Director of Finance,258731,STRATEGY & PLANNING,Pay,Snr Managers,2023-12,,WTE,-4.00,"-£25,483.67",,,Finance,,Corporate Services,Senior Managers,Substantive,-4.00,
,Director of Finance,258731,STRATEGY & PLANNING,Pay,Snr Managers,2024-01,,WTE,-4.00,"-£25,483.67",,,Finance,,Corporate Services,Senior Managers,Substantive,-4.00,
,Director of Finance,258731,STRATEGY & PLANNING,Pay,Snr Managers,2024-02,,WTE,-4.00,"-£25,483.67",,,Finance,,Corporate Services,Senior Managers,Substantive,-4.00,
,Director of Finance,258731,STRATEGY & PLANNING,Pay,Snr Managers,2024-03,,WTE,-4.00,"-£25,483.67",,,Finance,,Corporate Services,Senior Managers,Substantive,-4.00,
,Director of ICT,258732,EHR PROJECTS (REVENUE),Pay,Admin & Clerical,2023-12,,WTE,-12.00,£0.00,,,IM&T,,Corporate Services,Admin & Clerical Staff,Substantive,-12.00,
,Director of ICT,258732,EHR PROJECTS (REVENUE),Pay,Admin & Clerical,2024-01,,WTE,0.00,"£2,298.31",,,IM&T,,Corporate Services,Admin & Clerical Staff,Substantive,0.00,
,Director of ICT,258732,EHR PROJECTS (REVENUE),Pay,Medical,2023-12,,WTE,-6.00,£217.24,,,IM&T,,Corporate Services,Medical Staff,Substantive,-6.00,
,Director of ICT,258732,EHR PROJECTS (REVENUE),Pay,Medical,2024-02,,WTE,0.00,-£528.10,,,IM&T,,Corporate Services,Medical Staff,Substantive,0.00,
,Director of ICT,258732,EHR PROJECTS (REVENUE),Pay,Medical,2024-03,,WTE,0.00,"-£2,190.65",,,IM&T,,Corporate Services,Medical Staff,Substantive,0.00,
,Director of ICT,258732,EHR PROJECTS (REVENUE),Pay,Nursing,2023-12,,WTE,-19.84,£0.00,,,IM&T,,Corporate Services,Nursing & Midwifery Staff,Substantive,-19.84,
,Director of ICT,258732,EHR PROJECTS (REVENUE),Pay,Nursing,2024-01,,WTE,0.00,-£403.30,,,IM&T,,Corporate Services,Nursing & Midwifery Staff,Substantive,0.00,
,Director of ICT,258732,EHR PROJECTS (REVENUE),Pay,Nursing,2024-03,,WTE,0.00,-£317.62,,,IM&T,,Corporate Services,Nursing & Midwifery Staff,Substantive,0.00,
,Director of ICT,258732,EHR PROJECTS (REVENUE),Pay,"Scientific, Therapeutic & Tech",2023-12,,WTE,-7.80,-£553.32,,,IM&T,,Corporate Services,"Scientific, Therapeutic & Technical Staff",Substantive,-7.80,
,Director of ICT,258732,EHR PROJECTS (REVENUE),Pay,"Scientific, Therapeutic & Tech",2024-01,,WTE,-0.60,"-£6,143.29",,,IM&T,,Corporate Services,"Scientific, Therapeutic & Technical Staff",Substantive,-0.60,
,Director of ICT,258732,EHR PROJECTS (REVENUE),Pay,"Scientific, Therapeutic & Tech",2024-02,,WTE,0.00,£604.34,,,IM&T,,Corporate Services,"Scientific, Therapeutic & Technical Staff",Substantive,0.00,
,Director of ICT,258732,EHR PROJECTS (REVENUE),Pay,"Scientific, Therapeutic & Tech",2024-03,,WTE,0.00,"-£1,202.55",,,IM&T,,Corporate Services,"Scientific, Therapeutic & Technical Staff",Substantive,0.00,
,Director of ICT,258732,EHR PROJECTS (REVENUE),Pay,Snr Managers,2023-12,,WTE,-48.02,-£156.35,,,IM&T,,Corporate Services,Senior Managers,Substantive,-48.02,
,Director of ICT,258732,EHR PROJECTS (REVENUE),Pay,Snr Managers,2024-01,,WTE,-1.48,"-£8,766.31",,,IM&T,,Corporate Services,Senior Managers,Substantive,-1.48,
,Director of ICT,258732,EHR PROJECTS (REVENUE),Pay,Snr Managers,2024-02,,WTE,-0.01,£0.00,,,IM&T,,Corporate Services,Senior Managers,Substantive,-0.01,
,Director of ICT,258732,EHR PROJECTS (REVENUE),Pay,Snr Managers,2024-03,,WTE,0.00,-£321.58,,,IM&T,,Corporate Services,Senior Managers,Substantive,0.00,
,Chief Op Off,258733,INFORMATION,Pay,Admin & Clerical,2023-11,,WTE,-2.15,"-£16,129.46",,,Chief Op Off,,Corporate Services,Admin & Clerical Staff,Bank,-2.15,
,Chief Op Off,258733,INFORMATION,Pay,Admin & Clerical,2023-11,,WTE,-3.72,"-£16,988.06",,,Chief Op Off,,Corporate Services,Admin & Clerical Staff,Substantive,-3.72,
,Chief Op Off,258733,INFORMATION,Pay,Admin & Clerical,2023-12,,WTE,-2.15,"-£12,305.28",,,Chief Op Off,,Corporate Services,Admin & Clerical Staff,Bank,-2.15,
,Chief Op Off,258733,INFORMATION,Pay,Admin & Clerical,2023-12,,WTE,-5.62,"-£22,466.28",,,Chief Op Off,,Corporate Services,Admin & Clerical Staff,Substantive,-5.62,
,Chief Op Off,258733,INFORMATION,Pay,Admin & Clerical,2024-01,,WTE,-2.35,"-£13,050.04",,,Chief Op Off,,Corporate Services,Admin & Clerical Staff,Bank,-2.35,
,Chief Op Off,258733,INFORMATION,Pay,Admin & Clerical,2024-01,,WTE,-6.27,"-£24,922.17",,,Chief Op Off,,Corporate Services,Admin & Clerical Staff,Substantive,-6.27,
,Chief Op Off,258733,INFORMATION,Pay,Admin & Clerical,2024-02,,WTE,-3.09,"-£18,113.24",,,Chief Op Off,,Corporate Services,Admin & Clerical Staff,Bank,-3.09,
,Chief Op Off,258733,INFORMATION,Pay,Admin & Clerical,2024-02,,WTE,-6.72,"-£26,595.39",,,Chief Op Off,,Corporate Services,Admin & Clerical Staff,Substantive,-6.72,
,Chief Op Off,258733,INFORMATION,Pay,Admin & Clerical,2024-03,,WTE,-2.39,"-£14,294.87",,,Chief Op Off,,Corporate Services,Admin & Clerical Staff,Bank,-2.39,
,Chief Op Off,258733,INFORMATION,Pay,Admin & Clerical,2024-03,,WTE,-6.72,"-£26,489.13",,,Chief Op Off,,Corporate Services,Admin & Clerical Staff,Substantive,-6.72,
,Chief Op Off,258733,INFORMATION,Pay,Nursing,2023-11,,WTE,-1.00,"-£5,471.08",,,Chief Op Off,,Corporate Services,Nursing & Midwifery Staff,Substantive,-1.00,
,Chief Op Off,258733,INFORMATION,Pay,Nursing,2023-12,,WTE,-2.00,"£5,471.08",,,Chief Op Off,,Corporate Services,Nursing & Midwifery Staff,Substantive,-2.00,
,Chief Op Off,258733,INFORMATION,Pay,Nursing,2024-01,,WTE,-1.00,"-£5,471.08",,,Chief Op Off,,Corporate Services,Nursing & Midwifery Staff,Substantive,-1.00,
,Chief Op Off,258733,INFORMATION,Pay,Nursing,2024-02,,WTE,0.00,"£16,413.24",,,Chief Op Off,,Corporate Services,Nursing & Midwifery Staff,Substantive,0.00,
,Chief Op Off,258733,INFORMATION,Pay,Snr Managers,2023-11,,WTE,-7.00,"-£36,011.53",,,Chief Op Off,,Corporate Services,Senior Managers,Substantive,-7.00,
,Chief Op Off,258733,INFORMATION,Pay,Snr Managers,2023-12,,WTE,-7.00,"-£35,936.63",,,Chief Op Off,,Corporate Services,Senior Managers,Substantive,-7.00,
,Chief Op Off,258733,INFORMATION,Pay,Snr Managers,2024-01,,WTE,-6.61,"-£34,238.94",,,Chief Op Off,,Corporate Services,Senior Managers,Substantive,-6.61,
,Chief Op Off,258733,INFORMATION,Pay,Snr Managers,2024-02,,WTE,-6.59,"-£34,141.14",,,Chief Op Off,,Corporate Services,Senior Managers,Substantive,-6.59,
,Chief Op Off,258733,INFORMATION,Pay,Snr Managers,2024-03,,WTE,-6.92,"-£35,605.12",,,Chief Op Off,,Corporate Services,Senior Managers,Substantive,-6.92,
,Director of ICT,258734,IT,Pay,Admin & Clerical,2023-11,,WTE,-4.07,"-£34,410.84",,,IM&T,,Corporate Services,Admin & Clerical Staff,Bank,-4.07,
,Director of ICT,258734,IT,Pay,Admin & Clerical,2023-11,,WTE,-22.40,"-£85,356.68",,,IM&T,,Corporate Services,Admin & Clerical Staff,Substantive,-22.40,
,Director of ICT,258734,IT,Pay,Admin & Clerical,2023-12,,WTE,-3.08,"-£21,026.20",,,IM&T,,Corporate Services,Admin & Clerical Staff,Bank,-3.08,
,Director of ICT,258734,IT,Pay,Admin & Clerical,2023-12,,WTE,-21.98,"-£82,416.43",,,IM&T,,Corporate Services,Admin & Clerical Staff,Substantive,-21.98,
,Director of ICT,258734,IT,Pay,Admin & Clerical,2024-01,,WTE,-4.51,"-£22,947.67",,,IM&T,,Corporate Services,Admin & Clerical Staff,Bank,-4.51,
,Director of ICT,258734,IT,Pay,Admin & Clerical,2024-01,,WTE,-22.48,"-£83,824.47",,,IM&T,,Corporate Services,Admin & Clerical Staff,Substantive,-22.48,
,Director of ICT,258734,IT,Pay,Admin & Clerical,2024-02,,WTE,-5.95,"-£68,767.86",,,IM&T,,Corporate Services,Admin & Clerical Staff,Bank,-5.95,
,Director of ICT,258734,IT,Pay,Admin & Clerical,2024-02,,WTE,-22.93,"-£84,496.72",,,IM&T,,Corporate Services,Admin & Clerical Staff,Substantive,-22.93,
,Director of ICT,258734,IT,Pay,Admin & Clerical,2024-03,,WTE,-5.63,"£11,705.05",,,IM&T,,Corporate Services,Admin & Clerical Staff,Bank,-5.63,
,Director of ICT,258734,IT,Pay,Admin & Clerical,2024-03,,WTE,-22.93,"-£84,239.17",,,IM&T,,Corporate Services,Admin & Clerical Staff,Substantive,-22.93,
,Director of ICT,258734,IT,Pay,Snr Managers,2023-11,,WTE,-20.85,"-£117,877.72",,,IM&T,,Corporate Services,Senior Managers,Substantive,-20.85,
,Director of ICT,258734,IT,Pay,Snr Managers,2023-12,,WTE,-21.80,"-£136,356.81",,,IM&T,,Corporate Services,Senior Managers,Substantive,-21.80,
,Director of ICT,258734,IT,Pay,Snr Managers,2024-01,,WTE,-23.30,"-£141,231.38",,,IM&T,,Corporate Services,Senior Managers,Substantive,-23.30,
,Director of ICT,258734,IT,Pay,Snr Managers,2024-02,,WTE,-23.85,"-£139,725.04",,,IM&T,,Corporate Services,Senior Managers,Substantive,-23.85,
,Director of ICT,258734,IT,Pay,Snr Managers,2024-03,,WTE,-23.95,"-£140,952.64",,,IM&T,,Corporate Services,Senior Managers,Substantive,-23.95,
,Director of ICT,258735,CLINICAL CODING,Pay,Admin & Clerical,2023-11,,WTE,-1.39,"-£13,267.95",,,IM&T,,Corporate Services,Admin & Clerical Staff,Agency,-1.39,
,Director of ICT,258735,CLINICAL CODING,Pay,Admin & Clerical,2023-11,,WTE,-0.64,"-£4,613.09",,,IM&T,,Corporate Services,Admin & Clerical Staff,Bank,-0.64,
,Director of ICT,258735,CLINICAL CODING,Pay,Admin & Clerical,2023-11,,WTE,-11.26,"-£34,488.53",,,IM&T,,Corporate Services,Admin & Clerical Staff,Substantive,-11.26,
,Director of ICT,258735,CLINICAL CODING,Pay,Admin & Clerical,2023-12,,WTE,-2.38,"-£14,642.22",,,IM&T,,Corporate Services,Admin & Clerical Staff,Agency,-2.38,
,Director of ICT,258735,CLINICAL CODING,Pay,Admin & Clerical,2023-12,,WTE,-0.93,"-£4,212.20",,,IM&T,,Corporate Services,Admin & Clerical Staff,Bank,-0.93,
,Director of ICT,258735,CLINICAL CODING,Pay,Admin & Clerical,2023-12,,WTE,-11.20,"-£33,977.58",,,IM&T,,Corporate Services,Admin & Clerical Staff,Substantive,-11.20,
,Director of ICT,258735,CLINICAL CODING,Pay,Admin & Clerical,2024-01,,WTE,-2.29,"-£17,558.19",,,IM&T,,Corporate Services,Admin & Clerical Staff,Agency,-2.29,
,Director of ICT,258735,CLINICAL CODING,Pay,Admin & Clerical,2024-01,,WTE,-1.43,"-£7,738.38",,,IM&T,,Corporate Services,Admin & Clerical Staff,Bank,-1.43,
,Director of ICT,258735,CLINICAL CODING,Pay,Admin & Clerical,2024-01,,WTE,-11.13,"-£33,723.44",,,IM&T,,Corporate Services,Admin & Clerical Staff,Substantive,-11.13,
,Director of ICT,258735,CLINICAL CODING,Pay,Admin & Clerical,2024-02,,WTE,-2.11,"-£15,909.30",,,IM&T,,Corporate Services,Admin & Clerical Staff,Agency,-2.11,
,Director of ICT,258735,CLINICAL CODING,Pay,Admin & Clerical,2024-02,,WTE,-1.16,"-£6,628.36",,,IM&T,,Corporate Services,Admin & Clerical Staff,Bank,-1.16,
,Director of ICT,258735,CLINICAL CODING,Pay,Admin & Clerical,2024-02,,WTE,-11.12,"-£33,634.49",,,IM&T,,Corporate Services,Admin & Clerical Staff,Substantive,-11.12,
,Director of ICT,258735,CLINICAL CODING,Pay,Admin & Clerical,2024-03,,WTE,-2.77,"-£20,178.22",,,IM&T,,Corporate Services,Admin & Clerical Staff,Agency,-2.77,
,Director of ICT,258735,CLINICAL CODING,Pay,Admin & Clerical,2024-03,,WTE,-1.53,"-£8,854.30",,,IM&T,,Corporate Services,Admin & Clerical Staff,Bank,-1.53,
,Director of ICT,258735,CLINICAL CODING,Pay,Admin & Clerical,2024-03,,WTE,-12.06,"-£35,926.26",,,IM&T,,Corporate Services,Admin & Clerical Staff,Substantive,-12.06,
,Director of ICT,258735,CLINICAL CODING,Pay,Snr Managers,2023-11,,WTE,-0.91,"-£5,801.42",,,IM&T,,Corporate Services,Senior Managers,Substantive,-0.91,
,Director of ICT,258735,CLINICAL CODING,Pay,Snr Managers,2023-12,,WTE,-0.91,"-£5,801.42",,,IM&T,,Corporate Services,Senior Managers,Substantive,-0.91,
,Director of ICT,258735,CLINICAL CODING,Pay,Snr Managers,2024-01,,WTE,-0.91,"-£5,801.42",,,IM&T,,Corporate Services,Senior Managers,Substantive,-0.91,
,Director of ICT,258735,CLINICAL CODING,Pay,Snr Managers,2024-02,,WTE,-0.91,"-£5,801.42",,,IM&T,,Corporate Services,Senior Managers,Substantive,-0.91,
,Director of ICT,258735,CLINICAL CODING,Pay,Snr Managers,2024-03,,WTE,-0.91,"-£5,801.42",,,IM&T,,Corporate Services,Senior Managers,Substantive,-0.91,
,Director of ICT,258736,IT - MANAGEMENT,Pay,Admin & Clerical,2024-02,,WTE,-0.35,"-£5,215.44",,,IM&T,,Corporate Services,Admin & Clerical Staff,Bank,-0.35,
,Director of ICT,258736,IT - MANAGEMENT,Pay,Admin & Clerical,2024-03,,WTE,-0.70,"-£14,603.23",,,IM&T,,Corporate Services,Admin & Clerical Staff,Bank,-0.70,
,Director of ICT,258736,IT - MANAGEMENT,Pay,Medical,2023-11,,WTE,-0.20,£0.00,,,IM&T,,Corporate Services,Medical Staff,Substantive,-0.20,
,Director of ICT,258736,IT - MANAGEMENT,Pay,Medical,2023-12,,WTE,-1.00,"-£13,183.14",,,IM&T,,Corporate Services,Medical Staff,Substantive,-1.00,
,Director of ICT,258736,IT - MANAGEMENT,Pay,Medical,2024-01,,WTE,0.80,"£17,278.57",,,IM&T,,Corporate Services,Medical Staff,Substantive,0.80,
,Director of ICT,258736,IT - MANAGEMENT,Pay,Medical,2024-02,,WTE,0.80,"-£1,666.66",,,IM&T,,Corporate Services,Medical Staff,Substantive,0.80,
,Director of ICT,258736,IT - MANAGEMENT,Pay,Medical,2024-03,,WTE,0.00,-£594.36,,,IM&T,,Corporate Services,Medical Staff,Substantive,0.00,
,Director of ICT,258736,IT - MANAGEMENT,Pay,Nursing,2023-11,,WTE,-0.20,£0.00,,,IM&T,,Corporate Services,Nursing & Midwifery Staff,Substantive,-0.20,
,Director of ICT,258736,IT - MANAGEMENT,Pay,Nursing,2023-12,,WTE,-1.80,"-£3,614.81",,,IM&T,,Corporate Services,Nursing & Midwifery Staff,Substantive,-1.80,
,Director of ICT,258736,IT - MANAGEMENT,Pay,Nursing,2024-01,,WTE,-0.20,"-£1,807.40",,,IM&T,,Corporate Services,Nursing & Midwifery Staff,Substantive,-0.20,
,Director of ICT,258736,IT - MANAGEMENT,Pay,Nursing,2024-02,,WTE,-0.20,"-£1,807.40",,,IM&T,,Corporate Services,Nursing & Midwifery Staff,Substantive,-0.20,
,Director of ICT,258736,IT - MANAGEMENT,Pay,Nursing,2024-03,,WTE,-0.20,"-£1,807.40",,,IM&T,,Corporate Services,Nursing & Midwifery Staff,Substantive,-0.20,
,Director of ICT,258736,IT - MANAGEMENT,Pay,Snr Managers,2023-11,,WTE,-2.00,"-£19,159.68",,,IM&T,,Corporate Services,Senior Managers,Substantive,-2.00,
,Director of ICT,258736,IT - MANAGEMENT,Pay,Snr Managers,2023-12,,WTE,-4.00,"-£20,589.65",,,IM&T,,Corporate Services,Senior Managers,Substantive,-4.00,
,Director of ICT,258736,IT - MANAGEMENT,Pay,Snr Managers,2024-01,,WTE,-2.00,"-£20,588.31",,,IM&T,,Corporate Services,Senior Managers,Substantive,-2.00,
,Director of ICT,258736,IT - MANAGEMENT,Pay,Snr Managers,2024-02,,WTE,-2.00,"-£20,673.27",,,IM&T,,Corporate Services,Senior Managers,Substantive,-2.00,
,Director of ICT,258736,IT - MANAGEMENT,Pay,Snr Managers,2024-03,,WTE,-2.00,"£22,944.53",,,IM&T,,Corporate Services,Senior Managers,Substantive,-2.00,
,Director of Corporate Affairs,258737,INFORMATION GOVERNANCE,Pay,Admin & Clerical,2023-11,,WTE,-2.00,"-£9,325.02",,,Director of Corporate Affairs,,Corporate Services,Admin & Clerical Staff,Substantive,-2.00,
,Director of Corporate Affairs,258737,INFORMATION GOVERNANCE,Pay,Admin & Clerical,2023-12,,WTE,-2.00,"-£9,325.02",,,Director of Corporate Affairs,,Corporate Services,Admin & Clerical Staff,Substantive,-2.00,
,Director of Corporate Affairs,258737,INFORMATION GOVERNANCE,Pay,Admin & Clerical,2024-01,,WTE,-2.00,"-£9,325.02",,,Director of Corporate Affairs,,Corporate Services,Admin & Clerical Staff,Substantive,-2.00,
,Director of Corporate Affairs,258737,INFORMATION GOVERNANCE,Pay,Admin & Clerical,2024-02,,WTE,-2.00,"-£9,325.02",,,Director of Corporate Affairs,,Corporate Services,Admin & Clerical Staff,Substantive,-2.00,
,Director of Corporate Affairs,258737,INFORMATION GOVERNANCE,Pay,Admin & Clerical,2024-03,,WTE,-2.00,"-£9,325.02",,,Director of Corporate Affairs,,Corporate Services,Admin & Clerical Staff,Substantive,-2.00,
,Director of Corporate Affairs,258737,INFORMATION GOVERNANCE,Pay,Snr Managers,2023-11,,WTE,-1.00,"-£6,236.03",,,Director of Corporate Affairs,,Corporate Services,Senior Managers,Substantive,-1.00,
,Director of Corporate Affairs,258737,INFORMATION GOVERNANCE,Pay,Snr Managers,2023-12,,WTE,-1.00,"-£6,236.03",,,Director of Corporate Affairs,,Corporate Services,Senior Managers,Substantive,-1.00,
,Director of Corporate Affairs,258737,INFORMATION GOVERNANCE,Pay,Snr Managers,2024-01,,WTE,-1.00,"-£6,236.03",,,Director of Corporate Affairs,,Corporate Services,Senior Managers,Substantive,-1.00,
,Director of Corporate Affairs,258737,INFORMATION GOVERNANCE,Pay,Snr Managers,2024-02,,WTE,-1.00,"-£6,236.03",,,Director of Corporate Affairs,,Corporate Services,Senior Managers,Substantive,-1.00,
,Director of Corporate Affairs,258737,INFORMATION GOVERNANCE,Pay,Snr Managers,2024-03,,WTE,-1.00,"-£6,236.03",,,Director of Corporate Affairs,,Corporate Services,Senior Managers,Substantive,-1.00,
,Director of People,258738,STAFF HEALTH AND WELL BEING,Pay,Admin & Clerical,2023-11,,WTE,-2.48,"-£6,653.30",,,Director of People,,Corporate Services,Admin & Clerical Staff,Substantive,-2.48,
,Director of People,258738,STAFF HEALTH AND WELL BEING,Pay,Admin & Clerical,2023-12,,WTE,-2.48,"-£6,653.30",,,Director of People,,Corporate Services,Admin & Clerical Staff,Substantive,-2.48,
,Director of People,258738,STAFF HEALTH AND WELL BEING,Pay,Admin & Clerical,2024-01,,WTE,-2.48,"-£6,653.30",,,Director of People,,Corporate Services,Admin & Clerical Staff,Substantive,-2.48,
,Director of People,258738,STAFF HEALTH AND WELL BEING,Pay,Admin & Clerical,2024-02,,WTE,-2.48,"-£6,653.30",,,Director of People,,Corporate Services,Admin & Clerical Staff,Substantive,-2.48,
,Director of People,258738,STAFF HEALTH,Pay,Admin & Clerical,2024-03,,WTE,-2.49,"-£6,642.21",,,Director of People,,Corporate Services,Admin & Clerical Staff,Substantive,-2.49,
,Director of People,258738,STAFF HEALTH AND WELL BEING,Pay,Nursing,2023-11,,WTE,-0.51,"-£4,152.21",,,Director of People,,Corporate Services,Nursing & Midwifery Staff,Bank,-0.51,
,Director of People,258738,STAFF HEALTH AND WELL BEING,Pay,Nursing,2023-11,,WTE,-3.83,"-£15,366.05",,,Director of People,,Corporate Services,Nursing & Midwifery Staff,Substantive,-3.83,
,Director of People,258738,STAFF HEALTH AND WELL BEING,Pay,Nursing,2023-12,,WTE,-0.25,"-£1,619.75",,,Director of People,,Corporate Services,Nursing & Midwifery Staff,Bank,-0.25,
,Director of People,258738,STAFF HEALTH AND WELL BEING,Pay,Nursing,2023-12,,WTE,-3.80,"-£15,269.23",,,Director of People,,Corporate Services,Nursing & Midwifery Staff,Substantive,-3.80,
,Director of People,258738,STAFF HEALTH AND WELL BEING,Pay,Nursing,2024-01,,WTE,-0.35,"-£2,329.76",,,Director of People,,Corporate Services,Nursing & Midwifery Staff,Bank,-0.35,
,Director of People,258738,STAFF HEALTH AND WELL BEING,Pay,Nursing,2024-01,,WTE,-3.85,"-£16,069.66",,,Director of People,,Corporate Services,Nursing & Midwifery Staff,Substantive,-3.85,
,Director of People,258738,STAFF HEALTH AND WELL BEING,Pay,Nursing,2024-02,,WTE,0.00,£332.31,,,Director of People,,Corporate Services,Nursing & Midwifery Staff,Bank,0.00,
,Director of People,258738,STAFF HEALTH AND WELL BEING,Pay,Nursing,2024-02,,WTE,-3.81,"-£15,574.01",,,Director of People,,Corporate Services,Nursing & Midwifery Staff,Substantive,-3.81,
,Director of People,258738,STAFF HEALTH,Pay,Nursing,2024-03,,WTE,0.00,-£332.89,,,Director of People,,Corporate Services,Nursing & Midwifery Staff,Bank,0.00,
,Director of People,258738,STAFF HEALTH,Pay,Nursing,2024-03,,WTE,-3.87,"-£23,528.65",,,Director of People,,Corporate Services,Nursing & Midwifery Staff,Substantive,-3.87,
,Director of People,258739,HUMAN RESOURCES,Pay,Admin & Clerical,2023-11,,WTE,-2.53,"-£10,965.24",,,Director of People,,Corporate Services,Admin & Clerical Staff,Substantive,-2.53,
,Director of People,258739,HUMAN RESOURCES,Pay,Admin & Clerical,2023-12,,WTE,-2.53,"-£10,965.24",,,Director of People,,Corporate Services,Admin & Clerical Staff,Substantive,-2.53,
,Director of People,258739,HUMAN RESOURCES,Pay,Admin & Clerical,2024-01,,WTE,-3.53,"-£14,739.16",,,Director of People,,Corporate Services,Admin & Clerical Staff,Substantive,-3.53,
,Director of People,258739,HUMAN RESOURCES,Pay,Admin & Clerical,2024-02,,WTE,-3.53,"-£14,739.16",,,Director of People,,Corporate Services,Admin & Clerical Staff,Substantive,-3.53,
,Director of People,258739,HUMAN RESOURCES,Pay,Admin & Clerical,2024-03,,WTE,-3.53,"-£14,739.16",,,Director of People,,Corporate Services,Admin & Clerical Staff,Substantive,-3.53,
,Director of People,258739,HUMAN RESOURCES,Pay,Snr Managers,2023-11,,WTE,-5.00,"-£33,762.85",,,Director of People,,Corporate Services,Senior Managers,Substantive,-5.00,
,Director of People,258739,HUMAN RESOURCES,Pay,Snr Managers,2023-12,,WTE,-7.00,"-£34,405.51",,,Director of People,,Corporate Services,Senior Managers,Substantive,-7.00,
,Director of People,258739,HUMAN RESOURCES,Pay,Snr Managers,2024-01,,WTE,-6.00,"-£42,340.12",,,Director of People,,Corporate Services,Senior Managers,Substantive,-6.00,
,Director of People,258739,HUMAN RESOURCES,Pay,Snr Managers,2024-02,,WTE,-5.00,"-£33,993.25",,,Director of People,,Corporate Services,Senior Managers,Substantive,-5.00,
,Director of People,258739,HUMAN RESOURCES,Pay,Snr Managers,2024-03,,WTE,-4.35,"-£29,576.78",,,Director of People,,Corporate Services,Senior Managers,Substantive,-4.35,
,Director of People,258740,RECRUITMENT,Pay,Admin & Clerical,2023-11,,WTE,-0.76,"-£6,322.76",,,Director of People,,Corporate Services,Admin & Clerical Staff,Agency,-0.76,
,Director of People,258740,RECRUITMENT,Pay,Admin & Clerical,2023-11,,WTE,-0.02,-£199.31,,,Director of People,,Corporate Services,Admin & Clerical Staff,Bank,-0.02,
,Director of People,258740,RECRUITMENT,Pay,Admin & Clerical,2023-11,,WTE,-5.61,"-£16,188.59",,,Director of People,,Corporate Services,Admin & Clerical Staff,Substantive,-5.61,
,Director of People,258740,RECRUITMENT,Pay,Admin & Clerical,2023-12,,WTE,-0.73,"-£2,056.40",,,Director of People,,Corporate Services,Admin & Clerical Staff,Agency,-0.73,
,Director of People,258740,RECRUITMENT,Pay,Admin & Clerical,2023-12,,WTE,-0.66,"-£2,165.68",,,Director of People,,Corporate Services,Admin & Clerical Staff,Bank,-0.66,
,Director of People,258740,RECRUITMENT,Pay,Admin & Clerical,2023-12,,WTE,-5.39,"-£15,582.77",,,Director of People,,Corporate Services,Admin & Clerical Staff,Substantive,-5.39,
,Director of People,258740,RECRUITMENT,Pay,Admin & Clerical,2024-01,,WTE,-0.70,"-£2,797.04",,,Director of People,,Corporate Services,Admin & Clerical Staff,Agency,-0.70,
,Director of People,258740,RECRUITMENT,Pay,Admin & Clerical,2024-01,,WTE,-0.79,"-£2,716.87",,,Director of People,,Corporate Services,Admin & Clerical Staff,Bank,-0.79,
,Director of People,258740,RECRUITMENT,Pay,Admin & Clerical,2024-01,,WTE,-6.26,"-£17,791.68",,,Director of People,,Corporate Services,Admin & Clerical Staff,Substantive,-6.26,
,Director of People,258740,RECRUITMENT,Pay,Admin & Clerical,2024-02,,WTE,-0.31,"-£1,885.64",,,Director of People,,Corporate Services,Admin & Clerical Staff,Bank,-0.31,
,Director of People,258740,RECRUITMENT,Pay,Admin & Clerical,2024-02,,WTE,-6.71,"-£19,618.52",,,Director of People,,Corporate Services,Admin & Clerical Staff,Substantive,-6.71,
,Director of People,258740,RECRUITMENT,Pay,Admin & Clerical,2024-03,,WTE,-0.97,"-£4,118.38",,,Director of People,,Corporate Services,Admin & Clerical Staff,Bank,-0.97,
,Director of People,258740,RECRUITMENT,Pay,Admin & Clerical,2024-03,,WTE,-7.71,"-£21,538.91",,,Director of People,,Corporate Services,Admin & Clerical Staff,Substantive,-7.71,
,Director of People,258740,RECRUITMENT,Pay,Nursing,2024-01,,WTE,-0.04,-£183.91,,,Director of People,,Corporate Services,Nursing & Midwifery Staff,Bank,-0.04,
,Director of People,258740,RECRUITMENT,Pay,Snr Managers,2023-11,,WTE,-1.30,"-£5,524.70",,,Director of People,,Corporate Services,Senior Managers,Substantive,-1.30,
,Director of People,258740,RECRUITMENT,Pay,Snr Managers,2023-12,,WTE,-2.70,"-£9,982.60",,,Director of People,,Corporate Services,Senior Managers,Substantive,-2.70,
,Director of People,258740,RECRUITMENT,Pay,Snr Managers,2024-01,,WTE,-1.46,"-£9,435.37",,,Director of People,,Corporate Services,Senior Managers,Substantive,-1.46,
,Director of People,258740,RECRUITMENT,Pay,Snr Managers,2024-02,,WTE,-1.30,"-£7,829.97",,,Director of People,,Corporate Services,Senior Managers,Substantive,-1.30,
,Director of People,258740,RECRUITMENT,Pay,Snr Managers,2024-03,,WTE,-1.30,"-£7,685.97",,,Director of People,,Corporate Services,Senior Managers,Substantive,-1.30,
,Director of People,258741,LEARNING & ORGANISATIONAL DEV,Pay,Admin & Clerical,2023-11,,WTE,-6.37,"-£21,562.32",,,Director of People,,Corporate Services,Admin & Clerical Staff,Substantive,-6.37,
,Director of People,258741,LEARNING & ORGANISATIONAL DEV,Pay,Admin & Clerical,2023-12,,WTE,0.00,£2.78,,,Director of People,,Corporate Services,Admin & Clerical Staff,Bank,0.00,
,Director of People,258741,LEARNING & ORGANISATIONAL DEV,Pay,Admin & Clerical,2023-12,,WTE,-5.80,"-£19,719.64",,,Director of People,,Corporate Services,Admin & Clerical Staff,Substantive,-5.80,
,Director of People,258741,LEARNING & ORGANISATIONAL DEV,Pay,Admin & Clerical,2024-01,,WTE,-5.73,"-£21,635.51",,,Director of People,,Corporate Services,Admin & Clerical Staff,Substantive,-5.73,
,Director of People,258741,LEARNING & ORGANISATIONAL DEV,Pay,Admin & Clerical,2024-02,,WTE,-5.53,"-£21,746.17",,,Director of People,,Corporate Services,Admin & Clerical Staff,Substantive,-5.53,
,Director of People,258741,LEARNING & ORGANISATIONAL DEV,Pay,Admin & Clerical,2024-03,,WTE,-5.50,"-£22,384.46",,,Director of People,,Corporate Services,Admin & Clerical Staff,Substantive,-5.50,
,Director of People,258741,LEARNING & ORGANISATIONAL DEV,Pay,Snr Managers,2023-11,,WTE,-7.76,"-£47,687.22",,,Director of People,,Corporate Services,Senior Managers,Substantive,-7.76,
,Director of People,258741,LEARNING & ORGANISATIONAL DEV,Pay,Snr Managers,2023-12,,WTE,-7.76,"-£52,900.67",,,Director of People,,Corporate Services,Senior Managers,Substantive,-7.76,
,Director of People,258741,LEARNING & ORGANISATIONAL DEV,Pay,Snr Managers,2024-01,,WTE,-5.76,"-£36,254.50",,,Director of People,,Corporate Services,Senior Managers,Substantive,-5.76,
,Director of People,258741,LEARNING & ORGANISATIONAL DEV,Pay,Snr Managers,2024-02,,WTE,-5.76,"-£34,868.44",,,Director of People,,Corporate Services,Senior Managers,Substantive,-5.76,
,Director of People,258741,LEARNING & ORGANISATIONAL DEV,Pay,Snr Managers,2024-03,,WTE,-6.21,"-£36,970.94",,,Director of People,,Corporate Services,Senior Managers,Substantive,-6.21,
,Director of People,258745,MEDICAL RESOURCING,Pay,Admin & Clerical,2023-11,,WTE,-1.00,"-£3,773.92",,,Director of People,,Corporate Services,Admin & Clerical Staff,Substantive,-1.00,
,Director of People,258745,MEDICAL RESOURCING,Pay,Admin & Clerical,2023-12,,WTE,-1.00,"-£3,773.92",,,Director of People,,Corporate Services,Admin & Clerical Staff,Substantive,-1.00,
,Director of People,258745,MEDICAL RESOURCING,Pay,Admin & Clerical,2024-01,,WTE,-1.00,"-£3,773.92",,,Director of People,,Corporate Services,Admin & Clerical Staff,Substantive,-1.00,
,Director of People,258745,MEDICAL RESOURCING,Pay,Admin & Clerical,2024-02,,WTE,-1.00,"-£3,773.92",,,Director of People,,Corporate Services,Admin & Clerical Staff,Substantive,-1.00,
,Director of People,258745,MEDICAL RESOURCING,Pay,Admin & Clerical,2024-03,,WTE,-1.00,"-£3,773.92",,,Director of People,,Corporate Services,Admin & Clerical Staff,Substantive,-1.00,
,Director of People,258745,MEDICAL RESOURCING,Pay,Snr Managers,2023-11,,WTE,-1.00,"-£6,020.62",,,Director of People,,Corporate Services,Senior Managers,Substantive,-1.00,
,Director of People,258745,MEDICAL RESOURCING,Pay,Snr Managers,2023-12,,WTE,-1.00,"-£5,400.65",,,Director of People,,Corporate Services,Senior Managers,Substantive,-1.00,
,Director of People,258745,MEDICAL RESOURCING,Pay,Snr Managers,2024-01,,WTE,-1.00,"-£5,344.29",,,Director of People,,Corporate Services,Senior Managers,Substantive,-1.00,
,Director of People,258745,MEDICAL RESOURCING,Pay,Snr Managers,2024-02,,WTE,-1.00,"-£5,400.65",,,Director of People,,Corporate Services,Senior Managers,Substantive,-1.00,
,Director of People,258745,MEDICAL RESOURCING,Pay,Snr Managers,2024-03,,WTE,-1.00,"-£5,400.65",,,Director of People,,Corporate Services,Senior Managers,Substantive,-1.00,
,Chief Med Off,258746,RESUS TRAINING,Pay,Admin & Clerical,2023-11,,WTE,-0.05,-£696.55,,,Chief Med Off,,Corporate Services,Admin & Clerical Staff,Bank,-0.05,
,Chief Med Off,258746,RESUS TRAINING,Pay,Admin & Clerical,2023-12,,WTE,-0.07,-£331.27,,,Chief Med Off,,Corporate Services,Admin & Clerical Staff,Bank,-0.07,
,Chief Med Off,258746,RESUS TRAINING,Pay,Admin & Clerical,2024-01,,WTE,-0.06,-£348.56,,,Chief Med Off,,Corporate Services,Admin & Clerical Staff,Bank,-0.06,
,Chief Med Off,258746,RESUS TRAINING,Pay,Nursing,2023-11,,WTE,-3.00,"-£14,319.29",,,Chief Med Off,,Corporate Services,Nursing & Midwifery Staff,Substantive,-3.00,
,Chief Med Off,258746,RESUS TRAINING,Pay,Nursing,2023-12,,WTE,-3.00,"-£14,657.53",,,Chief Med Off,,Corporate Services,Nursing & Midwifery Staff,Substantive,-3.00,
,Chief Med Off,258746,RESUS TRAINING,Pay,Nursing,2024-01,,WTE,-3.00,"-£14,317.91",,,Chief Med Off,,Corporate Services,Nursing & Midwifery Staff,Substantive,-3.00,
,Chief Med Off,258746,RESUS TRAINING,Pay,Nursing,2024-02,,WTE,-3.00,"-£14,560.81",,,Chief Med Off,,Corporate Services,Nursing & Midwifery Staff,Substantive,-3.00,
,Chief Med Off,258746,RESUS TRAINING,Pay,Nursing,2024-03,,WTE,-3.00,"-£14,317.91",,,Chief Med Off,,Corporate Services,Nursing & Midwifery Staff,Substantive,-3.00,
,Chief Med Off,258746,RESUS TRAINING,Pay,"Scientific, Therapeutic & Tech",2023-11,,WTE,-1.00,"-£3,931.00",,,Chief Med Off,,Corporate Services,"Scientific, Therapeutic & Technical Staff",Substantive,-1.00,
,Chief Med Off,258746,RESUS TRAINING,Pay,"Scientific, Therapeutic & Tech",2023-12,,WTE,-1.00,"-£3,865.03",,,Chief Med Off,,Corporate Services,"Scientific, Therapeutic & Technical Staff",Substantive,-1.00,
,Chief Med Off,258746,RESUS TRAINING,Pay,"Scientific, Therapeutic & Tech",2024-01,,WTE,-0.94,"-£3,637.51",,,Chief Med Off,,Corporate Services,"Scientific, Therapeutic & Technical Staff",Substantive,-0.94,
,Chief Med Off,258746,RESUS TRAINING,Pay,"Scientific, Therapeutic & Tech",2024-02,,WTE,-1.00,"-£3,864.87",,,Chief Med Off,,Corporate Services,"Scientific, Therapeutic & Technical Staff",Substantive,-1.00,
,Chief Med Off,258746,RESUS TRAINING,Pay,"Scientific, Therapeutic & Tech",2024-03,,WTE,-1.00,"-£3,864.87",,,Chief Med Off,,Corporate Services,"Scientific, Therapeutic & Technical Staff",Substantive,-1.00,
,Director of People,258747,WORKFORCE INFORMATION,Pay,Admin & Clerical,2023-11,,WTE,-4.09,"-£13,173.65",,,Director of People,,Corporate Services,Admin & Clerical Staff,Substantive,-4.09,
,Director of People,258747,WORKFORCE INFORMATION,Pay,Admin & Clerical,2023-12,,WTE,-4.00,"-£12,836.37",,,Director of People,,Corporate Services,Admin & Clerical Staff,Substantive,-4.00,
,Director of People,258747,WORKFORCE INFORMATION,Pay,Admin & Clerical,2024-01,,WTE,-4.00,"-£14,669.90",,,Director of People,,Corporate Services,Admin & Clerical Staff,Substantive,-4.00,
,Director of People,258747,WORKFORCE INFORMATION,Pay,Admin & Clerical,2024-02,,WTE,-4.38,"-£13,983.48",,,Director of People,,Corporate Services,Admin & Clerical Staff,Substantive,-4.38,
,Director of People,258747,WORKFORCE INFORMATION,Pay,Admin & Clerical,2024-03,,WTE,-5.00,"-£15,734.08",,,Director of People,,Corporate Services,Admin & Clerical Staff,Substantive,-5.00,
,Director of People,258747,WORKFORCE INFORMATION,Pay,Snr Managers,2023-11,,WTE,-3.48,"-£15,817.83",,,Director of People,,Corporate Services,Senior Managers,Substantive,-3.48,
,Director of People,258747,WORKFORCE INFORMATION,Pay,Snr Managers,2023-12,,WTE,-3.00,"-£15,814.52",,,Director of People,,Corporate Services,Senior Managers,Substantive,-3.00,
,Director of People,258747,WORKFORCE INFORMATION,Pay,Snr Managers,2024-01,,WTE,-2.16,"-£12,598.21",,,Director of People,,Corporate Services,Senior Managers,Substantive,-2.16,
,Director of People,258747,WORKFORCE INFORMATION,Pay,Snr Managers,2024-02,,WTE,-2.50,"-£16,816.09",,,Director of People,,Corporate Services,Senior Managers,Substantive,-2.50,
,Director of People,258747,WORKFORCE INFORMATION,Pay,Snr Managers,2024-03,,WTE,-2.50,"-£21,816.20",,,Director of People,,Corporate Services,Senior Managers,Substantive,-2.50,
,Director of People,258748,UNION REP,Pay,Admin & Clerical,2023-11,,WTE,-0.60,"-£2,539.39",,,Director of People,,Corporate Services,Admin & Clerical Staff,Substantive,-0.60,
,Director of People,258748,UNION REP,Pay,Admin & Clerical,2023-12,,WTE,-0.60,"-£2,539.39",,,Director of People,,Corporate Services,Admin & Clerical Staff,Substantive,-0.60,
,Director of People,258748,UNION REP,Pay,Admin & Clerical,2024-01,,WTE,-0.60,"-£2,539.39",,,Director of People,,Corporate Services,Admin & Clerical Staff,Substantive,-0.60,
,Director of People,258748,UNION REP,Pay,Admin & Clerical,2024-02,,WTE,-0.60,"-£2,539.39",,,Director of People,,Corporate Services,Admin & Clerical Staff,Substantive,-0.60,
,Director of People,258748,UNION REP,Pay,Admin & Clerical,2024-03,,WTE,-0.60,"-£2,539.39",,,Director of People,,Corporate Services,Admin & Clerical Staff,Substantive,-0.60,
,Chief Nurse,258749,CHAPLAINS,Pay,Admin & Clerical,2023-11,,WTE,-0.60,"-£1,397.81",,,Chief Nurse,,Corporate Services,Admin & Clerical Staff,Substantive,-0.60,
,Chief Nurse,258749,CHAPLAINS,Pay,Admin & Clerical,2023-12,,WTE,-0.60,"-£1,397.81",,,Chief Nurse,,Corporate Services,Admin & Clerical Staff,Substantive,-0.60,
,Chief Nurse,258749,CHAPLAINS,Pay,Admin & Clerical,2024-01,,WTE,-0.60,"-£1,463.66",,,Chief Nurse,,Corporate Services,Admin & Clerical Staff,Substantive,-0.60,
,Chief Nurse,258749,CHAPLAINS,Pay,Admin & Clerical,2024-02,,WTE,-0.60,"-£1,397.81",,,Chief Nurse,,Corporate Services,Admin & Clerical Staff,Substantive,-0.60,
,Chief Nurse,258749,CHAPLAINS,Pay,Admin & Clerical,2024-03,,WTE,-0.60,"-£1,397.81",,,Chief Nurse,,Corporate Services,Admin & Clerical Staff,Substantive,-0.60,
,Chief Nurse,258749,CHAPLAINS,Pay,"Scientific, Therapeutic & Tech",2023-11,,WTE,-3.79,"-£19,387.52",,,Chief Nurse,,Corporate Services,"Scientific, Therapeutic & Technical Staff",Substantive,-3.79,
,Chief Nurse,258749,CHAPLAINS,Pay,"Scientific, Therapeutic & Tech",2023-12,,WTE,-3.79,"-£19,234.24",,,Chief Nurse,,Corporate Services,"Scientific, Therapeutic & Technical Staff",Substantive,-3.79,
,Chief Nurse,258749,CHAPLAINS,Pay,"Scientific, Therapeutic & Tech",2024-01,,WTE,-3.79,"-£20,608.72",,,Chief Nurse,,Corporate Services,"Scientific, Therapeutic & Technical Staff",Substantive,-3.79,
,Chief Nurse,258749,CHAPLAINS,Pay,"Scientific, Therapeutic & Tech",2024-02,,WTE,-3.79,"-£19,545.65",,,Chief Nurse,,Corporate Services,"Scientific, Therapeutic & Technical Staff",Substantive,-3.79,
,Chief Nurse,258749,CHAPLAINS,Pay,"Scientific, Therapeutic & Tech",2024-03,,WTE,-3.79,"-£19,154.54",,,Chief Nurse,,Corporate Services,"Scientific, Therapeutic & Technical Staff",Substantive,-3.79,
,Chief Op Off,258751,CHIEF OPERATING OFFICER,Pay,Snr Managers,2023-11,,WTE,-1.60,"-£10,886.93",,,Chief Op Off,,Corporate Services,Senior Managers,Substantive,-1.60,
,Chief Op Off,258751,CHIEF OPERATING OFFICER,Pay,Snr Managers,2023-12,,WTE,-2.40,"-£23,984.55",,,Chief Op Off,,Corporate Services,Senior Managers,Substantive,-2.40,
,Chief Op Off,258751,CHIEF OPERATING OFFICER,Pay,Snr Managers,2024-01,,WTE,-2.00,"-£21,765.27",,,Chief Op Off,,Corporate Services,Senior Managers,Substantive,-2.00,
,Chief Op Off,258751,CHIEF OPERATING OFFICER,Pay,Snr Managers,2024-02,,WTE,-2.00,"-£21,773.87",,,Chief Op Off,,Corporate Services,Senior Managers,Substantive,-2.00,
,Chief Op Off,258751,CHIEF OPERATING OFFICER,Pay,Snr Managers,2024-03,,WTE,-2.00,"-£21,773.86",,,Chief Op Off,,Corporate Services,Senior Managers,Substantive,-2.00,
,Chief Op Off,258752,PERFORMANCE & PLANNING,Pay,Medical,2023-12,,WTE,0.00,"-£29,279.14",,,Chief Op Off,,Corporate Services,Medical Staff,Substantive,0.00,
,Chief Op Off,258752,PERFORMANCE & PLANNING,Pay,Medical,2024-02,,WTE,0.00,"-£2,661.74",,,Chief Op Off,,Corporate Services,Medical Staff,Substantive,0.00,
,Chief Op Off,258752,PERFORMANCE & PLANNING,Pay,Medical,2024-03,,WTE,0.00,"-£2,842.56",,,Chief Op Off,,Corporate Services,Medical Staff,Substantive,0.00,
,Chief Op Off,258752,PERFORMANCE & PLANNING,Pay,Snr Managers,2023-11,,WTE,-3.69,"-£24,728.43",,,Chief Op Off,,Corporate Services,Senior Managers,Substantive,-3.69,
,Chief Op Off,258752,PERFORMANCE & PLANNING,Pay,Snr Managers,2023-12,,WTE,-3.69,"-£24,728.42",,,Chief Op Off,,Corporate Services,Senior Managers,Substantive,-3.69,
,Chief Op Off,258752,PERFORMANCE & PLANNING,Pay,Snr Managers,2024-01,,WTE,-3.69,"-£24,728.42",,,Chief Op Off,,Corporate Services,Senior Managers,Substantive,-3.69,
,Chief Op Off,258752,PERFORMANCE & PLANNING,Pay,Snr Managers,2024-02,,WTE,-3.69,"-£24,728.42",,,Chief Op Off,,Corporate Services,Senior Managers,Substantive,-3.69,
,Chief Op Off,258752,PERFORMANCE & PLANNING,Pay,Snr Managers,2024-03,,WTE,-3.69,"-£24,728.42",,,Chief Op Off,,Corporate Services,Senior Managers,Substantive,-3.69,
,Chief Nurse,258753,NURSING AND QUALITY,Pay,Admin & Clerical,2023-11,,WTE,-1.06,"-£8,461.66",,,Chief Nurse,,Corporate Services,Admin & Clerical Staff,Bank,-1.06,
,Chief Nurse,258753,NURSING AND QUALITY,Pay,Admin & Clerical,2023-11,,WTE,-0.44,"-£1,003.40",,,Chief Nurse,,Corporate Services,Admin & Clerical Staff,Substantive,-0.44,
,Chief Nurse,258753,NURSING AND QUALITY,Pay,Admin & Clerical,2023-12,,WTE,-1.06,"-£5,735.99",,,Chief Nurse,,Corporate Services,Admin & Clerical Staff,Bank,-1.06,
,Chief Nurse,258753,NURSING AND QUALITY,Pay,Admin & Clerical,2023-12,,WTE,-0.44,"-£1,003.40",,,Chief Nurse,,Corporate Services,Admin & Clerical Staff,Substantive,-0.44,
,Chief Nurse,258753,NURSING AND QUALITY,Pay,Admin & Clerical,2024-01,,WTE,-1.36,"-£8,156.21",,,Chief Nurse,,Corporate Services,Admin & Clerical Staff,Bank,-1.36,
,Chief Nurse,258753,NURSING AND QUALITY,Pay,Admin & Clerical,2024-01,,WTE,-0.44,"-£1,003.40",,,Chief Nurse,,Corporate Services,Admin & Clerical Staff,Substantive,-0.44,
,Chief Nurse,258753,NURSING AND QUALITY,Pay,Admin & Clerical,2024-02,,WTE,-1.30,"-£8,655.97",,,Chief Nurse,,Corporate Services,Admin & Clerical Staff,Bank,-1.30,
,Chief Nurse,258753,NURSING AND QUALITY,Pay,Admin & Clerical,2024-02,,WTE,-0.44,"-£1,003.40",,,Chief Nurse,,Corporate Services,Admin & Clerical Staff,Substantive,-0.44,
,Chief Nurse,258753,NURSING AND QUALITY,Pay,Admin & Clerical,2024-03,,WTE,-1.06,"-£7,531.65",,,Chief Nurse,,Corporate Services,Admin & Clerical Staff,Bank,-1.06,
,Chief Nurse,258753,NURSING AND QUALITY,Pay,Admin & Clerical,2024-03,,WTE,-0.44,"-£1,003.40",,,Chief Nurse,,Corporate Services,Admin & Clerical Staff,Substantive,-0.44,
,Chief Nurse,258753,NURSING AND QUALITY,Pay,Nursing,2023-11,,WTE,-0.12,-£808.65,,,Chief Nurse,,Corporate Services,Nursing & Midwifery Staff,Bank,-0.12,
,Chief Nurse,258753,NURSING AND QUALITY,Pay,Nursing,2023-11,,WTE,-10.20,"-£52,752.30",,,Chief Nurse,,Corporate Services,Nursing & Midwifery Staff,Substantive,-10.20,
,Chief Nurse,258753,NURSING AND QUALITY,Pay,Nursing,2023-12,,WTE,-0.20,-£963.58,,,Chief Nurse,,Corporate Services,Nursing & Midwifery Staff,Bank,-0.20,
,Chief Nurse,258753,NURSING AND QUALITY,Pay,Nursing,2023-12,,WTE,-11.88,"-£100,200.85",,,Chief Nurse,,Corporate Services,Nursing & Midwifery Staff,Substantive,-11.88,
,Chief Nurse,258753,NURSING AND QUALITY,Pay,Nursing,2024-01,,WTE,-0.23,"-£1,473.30",,,Chief Nurse,,Corporate Services,Nursing & Midwifery Staff,Bank,-0.23,
,Chief Nurse,258753,NURSING AND QUALITY,Pay,Nursing,2024-01,,WTE,-13.10,"-£25,162.46",,,Chief Nurse,,Corporate Services,Nursing & Midwifery Staff,Substantive,-13.10,
,Chief Nurse,258753,NURSING AND QUALITY,Pay,Nursing,2024-02,,WTE,-0.15,-£960.99,,,Chief Nurse,,Corporate Services,Nursing & Midwifery Staff,Bank,-0.15,
,Chief Nurse,258753,NURSING AND QUALITY,Pay,Nursing,2024-02,,WTE,-12.89,"-£89,148.25",,,Chief Nurse,,Corporate Services,Nursing & Midwifery Staff,Substantive,-12.89,
,Chief Nurse,258753,NURSING AND QUALITY,Pay,Nursing,2024-03,,WTE,0.00,-£256.05,,,Chief Nurse,,Corporate Services,Nursing & Midwifery Staff,Bank,0.00,
,Chief Nurse,258753,NURSING AND QUALITY,Pay,Nursing,2024-03,,WTE,-12.68,"-£54,927.60",,,Chief Nurse,,Corporate Services,Nursing & Midwifery Staff,Substantive,-12.68,
,Chief Nurse,258753,NURSING AND QUALITY,Pay,"Scientific, Therapeutic & Tech",2023-11,,WTE,-1.00,"-£4,084.49",,,Chief Nurse,,Corporate Services,"Scientific, Therapeutic & Technical Staff",Substantive,-1.00,
,Chief Nurse,258753,NURSING AND QUALITY,Pay,"Scientific, Therapeutic & Tech",2023-12,,WTE,-1.00,"-£4,084.49",,,Chief Nurse,,Corporate Services,"Scientific, Therapeutic & Technical Staff",Substantive,-1.00,
,Chief Nurse,258753,NURSING AND QUALITY,Pay,"Scientific, Therapeutic & Tech",2024-01,,WTE,-1.00,"-£4,084.49",,,Chief Nurse,,Corporate Services,"Scientific, Therapeutic & Technical Staff",Substantive,-1.00,
,Chief Nurse,258753,NURSING AND QUALITY,Pay,"Scientific, Therapeutic & Tech",2024-02,,WTE,-1.00,"-£4,084.49",,,Chief Nurse,,Corporate Services,"Scientific, Therapeutic & Technical Staff",Substantive,-1.00,
,Chief Nurse,258753,NURSING AND QUALITY,Pay,"Scientific, Therapeutic & Tech",2024-03,,WTE,-1.20,"-£5,228.34",,,Chief Nurse,,Corporate Services,"Scientific, Therapeutic & Technical Staff",Substantive,-1.20,
,Chief Nurse,258753,NURSING AND QUALITY,Pay,Snr Managers,2023-11,,WTE,-2.00,"-£25,648.73",,,Chief Nurse,,Corporate Services,Senior Managers,Substantive,-2.00,
,Chief Nurse,258753,NURSING AND QUALITY,Pay,Snr Managers,2023-12,,WTE,-2.00,"-£25,580.92",,,Chief Nurse,,Corporate Services,Senior Managers,Substantive,-2.00,
,Chief Nurse,258753,NURSING AND QUALITY,Pay,Snr Managers,2024-01,,WTE,-2.00,"-£25,627.09",,,Chief Nurse,,Corporate Services,Senior Managers,Substantive,-2.00,
,Chief Nurse,258753,NURSING AND QUALITY,Pay,Snr Managers,2024-02,,WTE,-2.00,"-£25,615.48",,,Chief Nurse,,Corporate Services,Senior Managers,Substantive,-2.00,
,Chief Nurse,258753,NURSING AND QUALITY,Pay,Snr Managers,2024-03,,WTE,-2.00,"-£25,568.09",,,Chief Nurse,,Corporate Services,Senior Managers,Substantive,-2.00,
,Chief Nurse,258754,NON-MEDICAL EDUCATION,Pay,Admin & Clerical,2023-11,,WTE,-1.00,"-£2,715.81",,,Chief Nurse,,Corporate Services,Admin & Clerical Staff,Substantive,-1.00,
,Chief Nurse,258754,NON-MEDICAL EDUCATION,Pay,Admin & Clerical,2023-12,,WTE,-1.00,"-£2,715.81",,,Chief Nurse,,Corporate Services,Admin & Clerical Staff,Substantive,-1.00,
,Chief Nurse,258754,NON-MEDICAL EDUCATION,Pay,Admin & Clerical,2024-01,,WTE,-1.00,"-£2,715.81",,,Chief Nurse,,Corporate Services,Admin & Clerical Staff,Substantive,-1.00,
,Chief Nurse,258754,NON-MEDICAL EDUCATION,Pay,Admin & Clerical,2024-02,,WTE,-1.00,"-£3,123.41",,,Chief Nurse,,Corporate Services,Admin & Clerical Staff,Substantive,-1.00,
,Chief Nurse,258754,NON-MEDICAL EDUCATION,Pay,Admin & Clerical,2024-03,,WTE,-1.00,"-£2,990.50",,,Chief Nurse,,Corporate Services,Admin & Clerical Staff,Substantive,-1.00,
,Chief Nurse,258754,NON-MEDICAL EDUCATION,Pay,Nursing,2023-11,,WTE,-2.00,"-£13,813.56",,,Chief Nurse,,Corporate Services,Nursing & Midwifery Staff,Substantive,-2.00,
,Chief Nurse,258754,NON-MEDICAL EDUCATION,Pay,Nursing,2023-12,,WTE,-3.00,"-£13,813.56",,,Chief Nurse,,Corporate Services,Nursing & Midwifery Staff,Substantive,-3.00,
,Chief Nurse,258754,NON-MEDICAL EDUCATION,Pay,Nursing,2024-01,,WTE,-2.00,"-£13,813.56",,,Chief Nurse,,Corporate Services,Nursing & Midwifery Staff,Substantive,-2.00,
,Chief Nurse,258754,NON-MEDICAL EDUCATION,Pay,Nursing,2024-02,,WTE,-1.77,"-£8,074.61",,,Chief Nurse,,Corporate Services,Nursing & Midwifery Staff,Substantive,-1.77,
,Chief Nurse,258754,NON-MEDICAL EDUCATION,Pay,Nursing,2024-03,,WTE,-2.00,"-£9,151.05",,,Chief Nurse,,Corporate Services,Nursing & Midwifery Staff,Substantive,-2.00,
,Chief Nurse,258754,NON-MEDICAL EDUCATION,Pay,"Scientific, Therapeutic & Tech",2023-11,,WTE,-1.00,"-£5,552.72",,,Chief Nurse,,Corporate Services,"Scientific, Therapeutic & Technical Staff",Substantive,-1.00,
,Chief Nurse,258754,NON-MEDICAL EDUCATION,Pay,"Scientific, Therapeutic & Tech",2023-12,,WTE,-1.47,"-£7,389.67",,,Chief Nurse,,Corporate Services,"Scientific, Therapeutic & Technical Staff",Substantive,-1.47,
,Chief Nurse,258754,NON-MEDICAL EDUCATION,Pay,"Scientific, Therapeutic & Tech",2024-01,,WTE,-1.40,"-£7,190.50",,,Chief Nurse,,Corporate Services,"Scientific, Therapeutic & Technical Staff",Substantive,-1.40,
,Chief Nurse,258754,NON-MEDICAL EDUCATION,Pay,"Scientific, Therapeutic & Tech",2024-02,,WTE,-1.40,"-£7,722.25",,,Chief Nurse,,Corporate Services,"Scientific, Therapeutic & Technical Staff",Substantive,-1.40,
,Chief Nurse,258754,NON-MEDICAL EDUCATION,Pay,"Scientific, Therapeutic & Tech",2024-03,,WTE,-1.94,"-£11,378.77",,,Chief Nurse,,Corporate Services,"Scientific, Therapeutic & Technical Staff",Substantive,-1.94,
,Chief Nurse,258755,ENHANCED CARE TEAM,Pay,Nursing,2023-11,,WTE,-7.22,"-£20,446.60",,,Chief Nurse,,Corporate Services,Nursing & Midwifery Staff,Substantive,-7.22,
,Chief Nurse,258755,ENHANCED CARE TEAM,Pay,Nursing,2023-12,,WTE,-7.28,"-£21,559.18",,,Chief Nurse,,Corporate Services,Nursing & Midwifery Staff,Substantive,-7.28,
,Chief Nurse,258755,ENHANCED CARE TEAM,Pay,Nursing,2024-01,,WTE,-8.14,"-£26,955.34",,,Chief Nurse,,Corporate Services,Nursing & Midwifery Staff,Substantive,-8.14,
,Chief Nurse,258755,ENHANCED CARE TEAM,Pay,Nursing,2024-02,,WTE,-9.14,"-£29,652.11",,,Chief Nurse,,Corporate Services,Nursing & Midwifery Staff,Substantive,-9.14,
,Chief Nurse,258755,ENHANCED CARE TEAM,Pay,Nursing,2024-03,,WTE,-10.18,"-£66,654.39",,,Chief Nurse,,Corporate Services,Nursing & Midwifery Staff,Substantive,-10.18,
,Integrated Emergency and Medical Pathways,258756,DUTY TEAM,Pay,Admin & Clerical,2023-11,,WTE,-1.84,"-£6,690.68",,,Integrated Emergency and Medical Pathways,,Integrated Emergency and Medical Pathways,Admin & Clerical Staff,Substantive,-1.84,
,Integrated Emergency and Medical Pathways,258756,DUTY TEAM,Pay,Admin & Clerical,2023-12,,WTE,-1.84,"-£6,920.60",,,Integrated Emergency and Medical Pathways,,Integrated Emergency and Medical Pathways,Admin & Clerical Staff,Substantive,-1.84,
,Integrated Emergency and Medical Pathways,258756,DUTY TEAM,Pay,Admin & Clerical,2024-01,,WTE,-0.18,"-£1,308.46",,,Integrated Emergency and Medical Pathways,,Integrated Emergency and Medical Pathways,Admin & Clerical Staff,Bank,-0.18,
,Integrated Emergency and Medical Pathways,258756,DUTY TEAM,Pay,Admin & Clerical,2024-01,,WTE,-1.84,"-£6,705.79",,,Integrated Emergency and Medical Pathways,,Integrated Emergency and Medical Pathways,Admin & Clerical Staff,Substantive,-1.84,
,Integrated Emergency and Medical Pathways,258756,DUTY TEAM,Pay,Admin & Clerical,2024-02,,WTE,-0.14,"-£1,012.91",,,Integrated Emergency and Medical Pathways,,Integrated Emergency and Medical Pathways,Admin & Clerical Staff,Bank,-0.14,
,Integrated Emergency and Medical Pathways,258756,DUTY TEAM,Pay,Admin & Clerical,2024-02,,WTE,-0.91,"-£3,141.80",,,Integrated Emergency and Medical Pathways,,Integrated Emergency and Medical Pathways,Admin & Clerical Staff,Substantive,-0.91,
,Integrated Emergency and Medical Pathways,258756,DUTY TEAM,Pay,Admin & Clerical,2024-03,,WTE,-0.91,"-£3,126.44",,,Integrated Emergency and Medical Pathways,,Integrated Emergency and Medical Pathways,Admin & Clerical Staff,Substantive,-0.91,
,Integrated Emergency and Medical Pathways,258756,DUTY TEAM,Pay,Nursing,2023-11,,WTE,-1.14,"£15,641.42",,,Integrated Emergency and Medical Pathways,,Integrated Emergency and Medical Pathways,Nursing & Midwifery Staff,Agency,-1.14,
,Integrated Emergency and Medical Pathways,258756,DUTY TEAM,Pay,Nursing,2023-11,,WTE,-9.85,"-£41,911.31",,,Integrated Emergency and Medical Pathways,,Integrated Emergency and Medical Pathways,Nursing & Midwifery Staff,Bank,-9.85,
,Integrated Emergency and Medical Pathways,258756,DUTY TEAM,Pay,Nursing,2023-11,,WTE,-11.47,"-£71,301.31",,,Integrated Emergency and Medical Pathways,,Integrated Emergency and Medical Pathways,Nursing & Midwifery Staff,Substantive,-11.47,
,Integrated Emergency and Medical Pathways,258756,DUTY TEAM,Pay,Nursing,2023-12,,WTE,-1.92,"£7,081.20",,,Integrated Emergency and Medical Pathways,,Integrated Emergency and Medical Pathways,Nursing & Midwifery Staff,Agency,-1.92,
,Integrated Emergency and Medical Pathways,258756,DUTY TEAM,Pay,Nursing,2023-12,,WTE,-15.69,"-£63,180.66",,,Integrated Emergency and Medical Pathways,,Integrated Emergency and Medical Pathways,Nursing & Midwifery Staff,Bank,-15.69,
,Integrated Emergency and Medical Pathways,258756,DUTY TEAM,Pay,Nursing,2023-12,,WTE,-10.94,"-£68,757.82",,,Integrated Emergency and Medical Pathways,,Integrated Emergency and Medical Pathways,Nursing & Midwifery Staff,Substantive,-10.94,
,Integrated Emergency and Medical Pathways,258756,DUTY TEAM,Pay,Nursing,2024-01,,WTE,-2.04,"£1,012.38",,,Integrated Emergency and Medical Pathways,,Integrated Emergency and Medical Pathways,Nursing & Midwifery Staff,Agency,-2.04,
,Integrated Emergency and Medical Pathways,258756,DUTY TEAM,Pay,Nursing,2024-01,,WTE,-14.42,"-£53,949.00",,,Integrated Emergency and Medical Pathways,,Integrated Emergency and Medical Pathways,Nursing & Midwifery Staff,Bank,-14.42,
,Integrated Emergency and Medical Pathways,258756,DUTY TEAM,Pay,Nursing,2024-01,,WTE,-10.94,"-£64,484.14",,,Integrated Emergency and Medical Pathways,,Integrated Emergency and Medical Pathways,Nursing & Midwifery Staff,Substantive,-10.94,
,Integrated Emergency and Medical Pathways,258756,DUTY TEAM,Pay,Nursing,2024-02,,WTE,-2.78,"-£5,627.15",,,Integrated Emergency and Medical Pathways,,Integrated Emergency and Medical Pathways,Nursing & Midwifery Staff,Agency,-2.78,
,Integrated Emergency and Medical Pathways,258756,DUTY TEAM,Pay,Nursing,2024-02,,WTE,-11.78,"-£48,357.18",,,Integrated Emergency and Medical Pathways,,Integrated Emergency and Medical Pathways,Nursing & Midwifery Staff,Bank,-11.78,
,Integrated Emergency and Medical Pathways,258756,DUTY TEAM,Pay,Nursing,2024-02,,WTE,-11.77,"-£73,775.96",,,Integrated Emergency and Medical Pathways,,Integrated Emergency and Medical Pathways,Nursing & Midwifery Staff,Substantive,-11.77,
,Integrated Emergency and Medical Pathways,258756,DUTY TEAM,Pay,Nursing,2024-03,,WTE,-3.74,"-£9,782.43",,,Integrated Emergency and Medical Pathways,,Integrated Emergency and Medical Pathways,Nursing & Midwifery Staff,Agency,-3.74,
,Integrated Emergency and Medical Pathways,258756,DUTY TEAM,Pay,Nursing,2024-03,,WTE,-12.10,"-£49,844.59",,,Integrated Emergency and Medical Pathways,,Integrated Emergency and Medical Pathways,Nursing & Midwifery Staff,Bank,-12.10,
,Integrated Emergency and Medical Pathways,258756,DUTY TEAM,Pay,Nursing,2024-03,,WTE,-13.21,"-£81,324.02",,,Integrated Emergency and Medical Pathways,,Integrated Emergency and Medical Pathways,Nursing & Midwifery Staff,Substantive,-13.21,
,Chief Op Off,258757,EMERGENCY PLANNING,Pay,Admin & Clerical,2023-11,,WTE,0.00,£0.06,,,Chief Op Off,,Corporate Services,Admin & Clerical Staff,Bank,0.00,
,Chief Op Off,258757,EMERGENCY PLANNING,Pay,Admin & Clerical,2023-11,,WTE,-0.53,£0.00,,,Chief Op Off,,Corporate Services,Admin & Clerical Staff,Substantive,-0.53,
,Chief Op Off,258757,EMERGENCY PLANNING,Pay,Admin & Clerical,2023-12,,WTE,-0.40,"-£3,279.72",,,Chief Op Off,,Corporate Services,Admin & Clerical Staff,Bank,-0.40,
,Chief Op Off,258757,EMERGENCY PLANNING,Pay,Admin & Clerical,2023-12,,WTE,-1.01,"-£2,481.85",,,Chief Op Off,,Corporate Services,Admin & Clerical Staff,Substantive,-1.01,
,Chief Op Off,258757,EMERGENCY PLANNING,Pay,Admin & Clerical,2024-01,,WTE,-0.35,"-£1,093.40",,,Chief Op Off,,Corporate Services,Admin & Clerical Staff,Bank,-0.35,
,Chief Op Off,258757,EMERGENCY PLANNING,Pay,Admin & Clerical,2024-01,,WTE,-0.53,£88.01,,,Chief Op Off,,Corporate Services,Admin & Clerical Staff,Substantive,-0.53,
,Chief Op Off,258757,EMERGENCY PLANNING,Pay,Admin & Clerical,2024-02,,WTE,0.00,£156.20,,,Chief Op Off,,Corporate Services,Admin & Clerical Staff,Bank,0.00,
,Chief Op Off,258757,EMERGENCY PLANNING,Pay,Admin & Clerical,2024-02,,WTE,-0.53,"-£1,263.10",,,Chief Op Off,,Corporate Services,Admin & Clerical Staff,Substantive,-0.53,
,Chief Op Off,258757,EMERGENCY PLANNING,Pay,Admin & Clerical,2024-03,,WTE,0.00,£0.29,,,Chief Op Off,,Corporate Services,Admin & Clerical Staff,Bank,0.00,
,Chief Op Off,258757,EMERGENCY PLANNING,Pay,Admin & Clerical,2024-03,,WTE,-0.53,"-£1,263.10",,,Chief Op Off,,Corporate Services,Admin & Clerical Staff,Substantive,-0.53,
,Chief Op Off,258757,EMERGENCY PLANNING,Pay,Snr Managers,2023-11,,WTE,-1.00,"-£6,236.03",,,Chief Op Off,,Corporate Services,Senior Managers,Substantive,-1.00,
,Chief Op Off,258757,EMERGENCY PLANNING,Pay,Snr Managers,2023-12,,WTE,-1.00,"-£6,236.03",,,Chief Op Off,,Corporate Services,Senior Managers,Substantive,-1.00,
,Chief Op Off,258757,EMERGENCY PLANNING,Pay,Snr Managers,2024-01,,WTE,-1.00,"-£6,236.03",,,Chief Op Off,,Corporate Services,Senior Managers,Substantive,-1.00,
,Chief Op Off,258757,EMERGENCY PLANNING,Pay,Snr Managers,2024-02,,WTE,-1.00,"-£6,236.03",,,Chief Op Off,,Corporate Services,Senior Managers,Substantive,-1.00,
,Chief Op Off,258757,EMERGENCY PLANNING,Pay,Snr Managers,2024-03,,WTE,-1.00,"-£6,236.03",,,Chief Op Off,,Corporate Services,Senior Managers,Substantive,-1.00,
,Chief Nurse,258758,PATIENT EXPERIENCE TEAM,Pay,Admin & Clerical,2023-11,,WTE,-0.78,"-£4,875.64",,,Chief Nurse,,Corporate Services,Admin & Clerical Staff,Bank,-0.78,
,Chief Nurse,258758,PATIENT EXPERIENCE TEAM,Pay,Admin & Clerical,2023-11,,WTE,-5.53,"-£23,942.24",,,Chief Nurse,,Corporate Services,Admin & Clerical Staff,Substantive,-5.53,
,Chief Nurse,258758,PATIENT EXPERIENCE TEAM,Pay,Admin & Clerical,2023-12,,WTE,-1.27,"-£4,502.93",,,Chief Nurse,,Corporate Services,Admin & Clerical Staff,Bank,-1.27,
,Chief Nurse,258758,PATIENT EXPERIENCE TEAM,Pay,Admin & Clerical,2023-12,,WTE,-5.78,"-£16,115.14",,,Chief Nurse,,Corporate Services,Admin & Clerical Staff,Substantive,-5.78,
,Chief Nurse,258758,PATIENT EXPERIENCE TEAM,Pay,Admin & Clerical,2024-01,,WTE,-1.37,"-£4,656.97",,,Chief Nurse,,Corporate Services,Admin & Clerical Staff,Bank,-1.37,
,Chief Nurse,258758,PATIENT EXPERIENCE TEAM,Pay,Admin & Clerical,2024-01,,WTE,-5.47,"-£28,291.63",,,Chief Nurse,,Corporate Services,Admin & Clerical Staff,Substantive,-5.47,
,Chief Nurse,258758,PATIENT EXPERIENCE TEAM,Pay,Admin & Clerical,2024-02,,WTE,-0.84,"-£3,445.61",,,Chief Nurse,,Corporate Services,Admin & Clerical Staff,Bank,-0.84,
,Chief Nurse,258758,PATIENT EXPERIENCE TEAM,Pay,Admin & Clerical,2024-02,,WTE,-5.47,"-£19,299.60",,,Chief Nurse,,Corporate Services,Admin & Clerical Staff,Substantive,-5.47,
,Chief Nurse,258758,PATIENT EXPERIENCE TEAM,Pay,Admin & Clerical,2024-03,,WTE,-0.84,"-£3,078.01",,,Chief Nurse,,Corporate Services,Admin & Clerical Staff,Bank,-0.84,
,Chief Nurse,258758,PATIENT EXPERIENCE TEAM,Pay,Admin & Clerical,2024-03,,WTE,-6.37,"-£20,391.27",,,Chief Nurse,,Corporate Services,Admin & Clerical Staff,Substantive,-6.37,
,Chief Nurse,258758,PATIENT EXPERIENCE TEAM,Pay,Snr Managers,2023-11,,WTE,-2.00,"-£21,283.78",,,Chief Nurse,,Corporate Services,Senior Managers,Substantive,-2.00,
,Chief Nurse,258758,PATIENT EXPERIENCE TEAM,Pay,Snr Managers,2023-12,,WTE,-2.87,"-£19,704.09",,,Chief Nurse,,Corporate Services,Senior Managers,Substantive,-2.87,
,Chief Nurse,258758,PATIENT EXPERIENCE TEAM,Pay,Snr Managers,2024-01,,WTE,-0.26,"-£13,601.13",,,Chief Nurse,,Corporate Services,Senior Managers,Substantive,-0.26,
,Chief Nurse,258758,PATIENT EXPERIENCE TEAM,Pay,Snr Managers,2024-02,,WTE,-2.00,"-£8,593.94",,,Chief Nurse,,Corporate Services,Senior Managers,Substantive,-2.00,
,Chief Nurse,258758,PATIENT EXPERIENCE TEAM,Pay,Snr Managers,2024-03,,WTE,-2.00,"-£13,800.43",,,Chief Nurse,,Corporate Services,Senior Managers,Substantive,-2.00,
,Chief Nurse,258760,INTERNATIONAL NURSE RECRUITMNT,Pay,Nursing,2023-11,,WTE,-1.00,"-£5,440.92",,,Chief Nurse,,Corporate Services,Nursing & Midwifery Staff,Substantive,-1.00,
,Chief Nurse,258760,INTERNATIONAL NURSE RECRUITMNT,Pay,Nursing,2023-12,,WTE,-1.00,"-£4,782.57",,,Chief Nurse,,Corporate Services,Nursing & Midwifery Staff,Substantive,-1.00,
,Chief Nurse,258760,INTERNATIONAL NURSE RECRUITMNT,Pay,Nursing,2024-01,,WTE,-1.00,"-£212,412.56",,,Chief Nurse,,Corporate Services,Nursing & Midwifery Staff,Substantive,-1.00,
,Chief Nurse,258760,INTERNATIONAL NURSE RECRUITMNT,Pay,Nursing,2024-02,,WTE,-1.00,"-£1,882.57",,,Chief Nurse,,Corporate Services,Nursing & Midwifery Staff,Substantive,-1.00,
,Chief Nurse,258760,INTERNATIONAL NURSE RECRUITMNT,Pay,Nursing,2024-03,,WTE,-1.00,"-£4,782.57",,,Chief Nurse,,Corporate Services,Nursing & Midwifery Staff,Substantive,-1.00,
,Chief Op Off,258761,CANCER TRANSFORMATION PROJECTS,Pay,Admin & Clerical,2023-11,,WTE,-0.13,-£699.84,,,Chief Op Off,,Corporate Services,Admin & Clerical Staff,Bank,-0.13,
,Chief Op Off,258761,CANCER TRANSFORMATION PROJECTS,Pay,Admin & Clerical,2023-11,,WTE,-7.00,"-£25,909.38",,,Chief Op Off,,Corporate Services,Admin & Clerical Staff,Substantive,-7.00,
,Chief Op Off,258761,CANCER TRANSFORMATION PROJECTS,Pay,Admin & Clerical,2023-12,,WTE,-0.18,-£791.74,,,Chief Op Off,,Corporate Services,Admin & Clerical Staff,Bank,-0.18,
,Chief Op Off,258761,CANCER TRANSFORMATION PROJECTS,Pay,Admin & Clerical,2023-12,,WTE,-5.95,"-£23,024.01",,,Chief Op Off,,Corporate Services,Admin & Clerical Staff,Substantive,-5.95,
,Chief Op Off,258761,CANCER TRANSFORMATION PROJECTS,Pay,Admin & Clerical,2024-01,,WTE,-0.12,-£595.02,,,Chief Op Off,,Corporate Services,Admin & Clerical Staff,Bank,-0.12,
,Chief Op Off,258761,CANCER TRANSFORMATION PROJECTS,Pay,Admin & Clerical,2024-01,,WTE,-5.98,"-£27,080.54",,,Chief Op Off,,Corporate Services,Admin & Clerical Staff,Substantive,-5.98,
,Chief Op Off,258761,CANCER TRANSFORMATION PROJECTS,Pay,Admin & Clerical,2024-02,,WTE,-0.24,"-£1,323.30",,,Chief Op Off,,Corporate Services,Admin & Clerical Staff,Bank,-0.24,
,Chief Op Off,258761,CANCER TRANSFORMATION PROJECTS,Pay,Admin & Clerical,2024-02,,WTE,-4.00,"-£15,705.01",,,Chief Op Off,,Corporate Services,Admin & Clerical Staff,Substantive,-4.00,
,Chief Op Off,258761,CANCER TRANSFORMATION PROJECTS,Pay,Admin & Clerical,2024-03,,WTE,-0.26,"-£1,290.48",,,Chief Op Off,,Corporate Services,Admin & Clerical Staff,Bank,-0.26,
,Chief Op Off,258761,CANCER TRANSFORMATION PROJECTS,Pay,Admin & Clerical,2024-03,,WTE,-2.97,"-£11,826.18",,,Chief Op Off,,Corporate Services,Admin & Clerical Staff,Substantive,-2.97,
,Chief Op Off,258761,CANCER TRANSFORMATION PROJECTS,Pay,Medical,2023-11,,WTE,-1.94,"-£27,232.14",,,Chief Op Off,,Corporate Services,Medical Staff,Substantive,-1.94,
,Chief Op Off,258761,CANCER TRANSFORMATION PROJECTS,Pay,Medical,2023-12,,WTE,-4.00,"-£117,658.99",,,Chief Op Off,,Corporate Services,Medical Staff,Substantive,-4.00,
,Chief Op Off,258761,CANCER TRANSFORMATION PROJECTS,Pay,Medical,2024-01,,WTE,-4.16,"£50,909.73",,,Chief Op Off,,Corporate Services,Medical Staff,Substantive,-4.16,
,Chief Op Off,258761,CANCER TRANSFORMATION PROJECTS,Pay,Medical,2024-02,,WTE,-4.16,"-£54,784.56",,,Chief Op Off,,Corporate Services,Medical Staff,Substantive,-4.16,
,Chief Op Off,258761,CANCER TRANSFORMATION PROJECTS,Pay,Medical,2024-03,,WTE,-4.16,"-£35,157.41",,,Chief Op Off,,Corporate Services,Medical Staff,Substantive,-4.16,
,Chief Op Off,258761,CANCER TRANSFORMATION PROJECTS,Pay,Nursing,2023-11,,WTE,-3.00,"-£14,594.10",,,Chief Op Off,,Corporate Services,Nursing & Midwifery Staff,Substantive,-3.00,
,Chief Op Off,258761,CANCER TRANSFORMATION PROJECTS,Pay,Nursing,2023-12,,WTE,-3.00,"-£14,588.48",,,Chief Op Off,,Corporate Services,Nursing & Midwifery Staff,Substantive,-3.00,
,Chief Op Off,258761,CANCER TRANSFORMATION PROJECTS,Pay,Nursing,2024-01,,WTE,-1.00,"-£4,782.57",,,Chief Op Off,,Corporate Services,Nursing & Midwifery Staff,Substantive,-1.00,
,Chief Op Off,258761,CANCER TRANSFORMATION PROJECTS,Pay,Nursing,2024-02,,WTE,-3.00,"-£14,588.48",,,Chief Op Off,,Corporate Services,Nursing & Midwifery Staff,Substantive,-3.00,
,Chief Op Off,258761,CANCER TRANSFORMATION PROJECTS,Pay,Nursing,2024-03,,WTE,-3.90,"-£19,115.57",,,Chief Op Off,,Corporate Services,Nursing & Midwifery Staff,Substantive,-3.90,
,Chief Op Off,258761,CANCER TRANSFORMATION PROJECTS,Pay,"Scientific, Therapeutic & Tech",2023-11,,WTE,-1.00,"-£3,864.87",,,Chief Op Off,,Corporate Services,"Scientific, Therapeutic & Technical Staff",Substantive,-1.00,
,Chief Op Off,258761,CANCER TRANSFORMATION PROJECTS,Pay,"Scientific, Therapeutic & Tech",2023-12,,WTE,-1.00,"-£3,864.87",,,Chief Op Off,,Corporate Services,"Scientific, Therapeutic & Technical Staff",Substantive,-1.00,
,Chief Op Off,258761,CANCER TRANSFORMATION PROJECTS,Pay,"Scientific, Therapeutic & Tech",2024-01,,WTE,-1.00,"-£3,864.87",,,Chief Op Off,,Corporate Services,"Scientific, Therapeutic & Technical Staff",Substantive,-1.00,
,Chief Op Off,258761,CANCER TRANSFORMATION PROJECTS,Pay,"Scientific, Therapeutic & Tech",2024-02,,WTE,-1.00,"-£3,864.87",,,Chief Op Off,,Corporate Services,"Scientific, Therapeutic & Technical Staff",Substantive,-1.00,
,Chief Op Off,258761,CANCER TRANSFORMATION PROJECTS,Pay,"Scientific, Therapeutic & Tech",2024-03,,WTE,-0.48,"-£1,816.11",,,Chief Op Off,,Corporate Services,"Scientific, Therapeutic & Technical Staff",Substantive,-0.48,
,Chief Op Off,258762,CORPORATE CANCER TEAM,Pay,Admin & Clerical,2023-11,,WTE,-21.14,"-£55,886.14",,,Chief Op Off,,Corporate Services,Admin & Clerical Staff,Substantive,-21.14,
,Chief Op Off,258762,CORPORATE CANCER TEAM,Pay,Admin & Clerical,2023-12,,WTE,-0.10,-£926.78,,,Chief Op Off,,Corporate Services,Admin & Clerical Staff,Bank,-0.10,
,Chief Op Off,258762,CORPORATE CANCER TEAM,Pay,Admin & Clerical,2023-12,,WTE,-21.91,"-£60,873.36",,,Chief Op Off,,Corporate Services,Admin & Clerical Staff,Substantive,-21.91,
,Chief Op Off,258762,CORPORATE CANCER TEAM,Pay,Admin & Clerical,2024-01,,WTE,-19.91,"-£55,451.93",,,Chief Op Off,,Corporate Services,Admin & Clerical Staff,Substantive,-19.91,
,Chief Op Off,258762,CORPORATE CANCER TEAM,Pay,Admin & Clerical,2024-02,,WTE,0.00,-£606.96,,,Chief Op Off,,Corporate Services,Admin & Clerical Staff,Bank,0.00,
,Chief Op Off,258762,CORPORATE CANCER TEAM,Pay,Admin & Clerical,2024-02,,WTE,-21.91,"-£62,685.81",,,Chief Op Off,,Corporate Services,Admin & Clerical Staff,Substantive,-21.91,
,Chief Op Off,258762,CORPORATE CANCER TEAM,Pay,Admin & Clerical,2024-03,,WTE,-22.06,"-£64,578.69",,,Chief Op Off,,Corporate Services,Admin & Clerical Staff,Substantive,-22.06,
,Chief Op Off,258762,CORPORATE CANCER TEAM,Pay,Snr Managers,2023-11,,WTE,-2.00,"-£10,158.88",,,Chief Op Off,,Corporate Services,Senior Managers,Substantive,-2.00,
,Chief Op Off,258762,CORPORATE CANCER TEAM,Pay,Snr Managers,2023-12,,WTE,-2.00,"-£10,158.88",,,Chief Op Off,,Corporate Services,Senior Managers,Substantive,-2.00,
,Chief Op Off,258762,CORPORATE CANCER TEAM,Pay,Snr Managers,2024-01,,WTE,-2.00,"-£10,158.88",,,Chief Op Off,,Corporate Services,Senior Managers,Substantive,-2.00,
,Chief Op Off,258762,CORPORATE CANCER TEAM,Pay,Snr Managers,2024-02,,WTE,-2.00,"-£10,158.88",,,Chief Op Off,,Corporate Services,Senior Managers,Substantive,-2.00,
,Chief Op Off,258762,CORPORATE CANCER TEAM,Pay,Snr Managers,2024-03,,WTE,-2.00,"-£10,158.88",,,Chief Op Off,,Corporate Services,Senior Managers,Substantive,-2.00,
,Director Quality Improvement,259000,MSK COLLABORATION,Pay,Snr Managers,2023-11,,WTE,-1.00,"-£7,631.91",,,Director Quality Improvement,,Director Quality Improvement,Senior Managers,Substantive,-1.00,
,Director Quality Improvement,259000,MSK COLLABORATION,Pay,Snr Managers,2023-12,,WTE,-1.00,"-£7,631.91",,,Director Quality Improvement,,Director Quality Improvement,Senior Managers,Substantive,-1.00,
,Director Quality Improvement,259000,MSK COLLABORATION,Pay,Snr Managers,2024-01,,WTE,-1.00,"-£7,631.92",,,Director Quality Improvement,,Director Quality Improvement,Senior Managers,Substantive,-1.00,
,Director Quality Improvement,259000,MSK COLLABORATION,Pay,Snr Managers,2024-02,,WTE,-1.00,"-£7,631.91",,,Director Quality Improvement,,Director Quality Improvement,Senior Managers,Substantive,-1.00,
,Director Quality Improvement,259000,MSK COLLABORATION,Pay,Snr Managers,2024-03,,WTE,-1.00,"-£7,631.91",,,Director Quality Improvement,,Director Quality Improvement,Senior Managers,Substantive,-1.00,
,Director Quality Improvement,259001,QUALITY FIRST,Pay,Admin & Clerical,2023-11,,WTE,-4.00,"-£14,858.97",,,Director Quality Improvement,,Director Quality Improvement,Admin & Clerical Staff,Substantive,-4.00,
,Director Quality Improvement,259001,QUALITY FIRST,Pay,Admin & Clerical,2023-12,,WTE,0.00,£10.53,,,Director Quality Improvement,,Director Quality Improvement,Admin & Clerical Staff,Bank,0.00,
,Director Quality Improvement,259001,QUALITY FIRST,Pay,Admin & Clerical,2023-12,,WTE,-3.00,"-£12,300.10",,,Director Quality Improvement,,Director Quality Improvement,Admin & Clerical Staff,Substantive,-3.00,
,Director Quality Improvement,259001,QUALITY FIRST,Pay,Admin & Clerical,2024-01,,WTE,-3.00,"-£12,234.03",,,Director Quality Improvement,,Director Quality Improvement,Admin & Clerical Staff,Substantive,-3.00,
,Director Quality Improvement,259001,QUALITY FIRST,Pay,Admin & Clerical,2024-02,,WTE,-3.00,"-£12,051.44",,,Director Quality Improvement,,Director Quality Improvement,Admin & Clerical Staff,Substantive,-3.00,
,Director Quality Improvement,259001,QUALITY FIRST,Pay,Admin & Clerical,2024-03,,WTE,-2.80,"-£10,872.80",,,Director Quality Improvement,,Director Quality Improvement,Admin & Clerical Staff,Substantive,-2.80,
,Director Quality Improvement,259001,QUALITY FIRST,Pay,Snr Managers,2023-11,,WTE,-6.95,"-£49,485.60",,,Director Quality Improvement,,Director Quality Improvement,Senior Managers,Substantive,-6.95,
,Director Quality Improvement,259001,QUALITY FIRST,Pay,Snr Managers,2023-12,,WTE,-6.95,"-£43,979.67",,,Director Quality Improvement,,Director Quality Improvement,Senior Managers,Substantive,-6.95,
,Director Quality Improvement,259001,QUALITY FIRST,Pay,Snr Managers,2024-01,,WTE,-7.56,"-£50,980.24",,,Director Quality Improvement,,Director Quality Improvement,Senior Managers,Substantive,-7.56,
,Director Quality Improvement,259001,QUALITY FIRST,Pay,Snr Managers,2024-02,,WTE,-7.59,"-£51,184.76",,,Director Quality Improvement,,Director Quality Improvement,Senior Managers,Substantive,-7.59,
,Director Quality Improvement,259001,QUALITY FIRST,Pay,Snr Managers,2024-03,,WTE,-8.59,"-£57,535.95",,,Director Quality Improvement,,Director Quality Improvement,Senior Managers,Substantive,-8.59,
,Director Quality Improvement,259002,PROGRAMME MANAGEMENT OFFICE,Pay,Admin & Clerical,2023-11,,WTE,-1.00,"-£3,081.45",,,Director Quality Improvement,,Director Quality Improvement,Admin & Clerical Staff,Substantive,-1.00,
,Director Quality Improvement,259002,PROGRAMME MANAGEMENT OFFICE,Pay,Admin & Clerical,2023-12,,WTE,-1.00,"-£3,081.45",,,Director Quality Improvement,,Director Quality Improvement,Admin & Clerical Staff,Substantive,-1.00,
,Director Quality Improvement,259002,PROGRAMME MANAGEMENT OFFICE,Pay,Admin & Clerical,2024-01,,WTE,-1.00,"-£3,081.45",,,Director Quality Improvement,,Director Quality Improvement,Admin & Clerical Staff,Substantive,-1.00,
,Director Quality Improvement,259002,PROGRAMME MANAGEMENT OFFICE,Pay,Admin & Clerical,2024-02,,WTE,-1.00,"-£3,081.45",,,Director Quality Improvement,,Director Quality Improvement,Admin & Clerical Staff,Substantive,-1.00,
,Director Quality Improvement,259002,PROGRAMME MANAGEMENT OFFICE,Pay,Admin & Clerical,2024-03,,WTE,-1.90,"-£6,760.53",,,Director Quality Improvement,,Director Quality Improvement,Admin & Clerical Staff,Substantive,-1.90,
,Director Quality Improvement,259002,PROGRAMME MANAGEMENT OFFICE,Pay,Snr Managers,2023-11,,WTE,-3.00,"-£20,207.69",,,Director Quality Improvement,,Director Quality Improvement,Senior Managers,Substantive,-3.00,
,Director Quality Improvement,259002,PROGRAMME MANAGEMENT OFFICE,Pay,Snr Managers,2023-12,,WTE,-3.00,"-£20,207.69",,,Director Quality Improvement,,Director Quality Improvement,Senior Managers,Substantive,-3.00,
,Director Quality Improvement,259002,PROGRAMME MANAGEMENT OFFICE,Pay,Snr Managers,2024-01,,WTE,-3.00,"-£20,207.69",,,Director Quality Improvement,,Director Quality Improvement,Senior Managers,Substantive,-3.00,
,Director Quality Improvement,259002,PROGRAMME MANAGEMENT OFFICE,Pay,Snr Managers,2024-02,,WTE,-3.00,"-£20,207.69",,,Director Quality Improvement,,Director Quality Improvement,Senior Managers,Substantive,-3.00,
,Director Quality Improvement,259002,PROGRAMME MANAGEMENT OFFICE,Pay,Snr Managers,2024-03,,WTE,-3.00,"-£20,207.69",,,Director Quality Improvement,,Director Quality Improvement,Senior Managers,Substantive,-3.00,
,Facilities,259207,HOUSEKEEPERS,Pay,Ancillary,2023-11,,WTE,-12.13,"-£54,254.05",,,Facilities,,Estates & Facilities,"HCA, Other Support & Ancillary Staff",Bank,-12.13,
,Facilities,259207,HOUSEKEEPERS,Pay,Ancillary,2023-11,,WTE,-44.60,"-£119,272.14",,,Facilities,,Estates & Facilities,"HCA, Other Support & Ancillary Staff",Substantive,-44.60,
,Facilities,259207,HOUSEKEEPERS,Pay,Ancillary,2023-12,,WTE,-22.55,"-£123,546.99",,,Facilities,,Estates & Facilities,"HCA, Other Support & Ancillary Staff",Bank,-22.55,
,Facilities,259207,HOUSEKEEPERS,Pay,Ancillary,2023-12,,WTE,-46.29,"-£120,922.96",,,Facilities,,Estates & Facilities,"HCA, Other Support & Ancillary Staff",Substantive,-46.29,
,Facilities,259207,HOUSEKEEPERS,Pay,Ancillary,2024-01,,WTE,-15.90,"-£58,795.35",,,Facilities,,Estates & Facilities,"HCA, Other Support & Ancillary Staff",Bank,-15.90,
,Facilities,259207,HOUSEKEEPERS,Pay,Ancillary,2024-01,,WTE,-47.66,"-£136,017.03",,,Facilities,,Estates & Facilities,"HCA, Other Support & Ancillary Staff",Substantive,-47.66,
,Facilities,259207,HOUSEKEEPERS,Pay,Ancillary,2024-02,,WTE,-17.78,"-£68,161.40",,,Facilities,,Estates & Facilities,"HCA, Other Support & Ancillary Staff",Bank,-17.78,
,Facilities,259207,HOUSEKEEPERS,Pay,Ancillary,2024-02,,WTE,-45.03,"-£125,460.51",,,Facilities,,Estates & Facilities,"HCA, Other Support & Ancillary Staff",Substantive,-45.03,
,Facilities,259207,HOUSEKEEPERS,Pay,Ancillary,2024-03,,WTE,-23.70,"-£90,671.66",,,Facilities,,Estates & Facilities,"HCA, Other Support & Ancillary Staff",Bank,-23.70,
,Facilities,259207,HOUSEKEEPERS,Pay,Ancillary,2024-03,,WTE,-45.74,"-£121,116.53",,,Facilities,,Estates & Facilities,"HCA, Other Support & Ancillary Staff",Substantive,-45.74,
,Facilities,259207,HOUSEKEEPERS,Pay,Nursing,2024-01,,WTE,0.00,-£98.48,,,Facilities,,Estates & Facilities,Nursing & Midwifery Staff,Bank,0.00,
,Facilities,259209,DOMESTICS,Pay,Ancillary,2023-11,,WTE,-11.74,"-£49,767.29",,,Facilities,,Estates & Facilities,"HCA, Other Support & Ancillary Staff",Bank,-11.74,
,Facilities,259209,DOMESTICS,Pay,Ancillary,2023-11,,WTE,-112.22,"-£317,252.16",,,Facilities,,Estates & Facilities,"HCA, Other Support & Ancillary Staff",Substantive,-112.22,
,Facilities,259209,DOMESTICS,Pay,Ancillary,2023-12,,WTE,-12.60,"-£47,568.87",,,Facilities,,Estates & Facilities,"HCA, Other Support & Ancillary Staff",Bank,-12.60,
,Facilities,259209,DOMESTICS,Pay,Ancillary,2023-12,,WTE,-113.31,"-£325,148.43",,,Facilities,,Estates & Facilities,"HCA, Other Support & Ancillary Staff",Substantive,-113.31,
,Facilities,259209,DOMESTICS,Pay,Ancillary,2024-01,,WTE,-14.87,"-£55,244.24",,,Facilities,,Estates & Facilities,"HCA, Other Support & Ancillary Staff",Bank,-14.87,
,Facilities,259209,DOMESTICS,Pay,Ancillary,2024-01,,WTE,-112.49,"-£328,214.07",,,Facilities,,Estates & Facilities,"HCA, Other Support & Ancillary Staff",Substantive,-112.49,
,Facilities,259209,DOMESTICS,Pay,Ancillary,2024-02,,WTE,-12.73,"-£46,798.23",,,Facilities,,Estates & Facilities,"HCA, Other Support & Ancillary Staff",Bank,-12.73,
,Facilities,259209,DOMESTICS,Pay,Ancillary,2024-02,,WTE,-113.16,"-£318,241.09",,,Facilities,,Estates & Facilities,"HCA, Other Support & Ancillary Staff",Substantive,-113.16,
,Facilities,259209,DOMESTICS,Pay,Ancillary,2024-03,,WTE,-12.24,"-£45,896.06",,,Facilities,,Estates & Facilities,"HCA, Other Support & Ancillary Staff",Bank,-12.24,
,Facilities,259209,DOMESTICS,Pay,Ancillary,2024-03,,WTE,-115.38,"-£335,657.49",,,Facilities,,Estates & Facilities,"HCA, Other Support & Ancillary Staff",Substantive,-115.38,
,Facilities,259209,DOMESTICS,Pay,Nursing,2023-11,,WTE,-0.80,"-£1,909.95",,,Facilities,,Estates & Facilities,Nursing & Midwifery Staff,Substantive,-0.80,
,Facilities,259209,DOMESTICS,Pay,Nursing,2023-12,,WTE,-0.80,"-£1,909.97",,,Facilities,,Estates & Facilities,Nursing & Midwifery Staff,Substantive,-0.80,
,Facilities,259209,DOMESTICS,Pay,Nursing,2024-01,,WTE,-0.80,"-£2,018.24",,,Facilities,,Estates & Facilities,Nursing & Midwifery Staff,Substantive,-0.80,
,Facilities,259209,DOMESTICS,Pay,Nursing,2024-02,,WTE,-0.80,"-£2,055.23",,,Facilities,,Estates & Facilities,Nursing & Midwifery Staff,Substantive,-0.80,
,Facilities,259209,DOMESTICS,Pay,Nursing,2024-03,,WTE,-0.80,"-£1,982.15",,,Facilities,,Estates & Facilities,Nursing & Midwifery Staff,Substantive,-0.80,
,Facilities,259210,RESTAURANT,Pay,Admin & Clerical,2023-11,,WTE,-2.00,"-£5,952.20",,,Facilities,,Estates & Facilities,Admin & Clerical Staff,Substantive,-2.00,
,Facilities,259210,RESTAURANT,Pay,Admin & Clerical,2023-12,,WTE,-2.00,"-£5,615.36",,,Facilities,,Estates & Facilities,Admin & Clerical Staff,Substantive,-2.00,
,Facilities,259210,RESTAURANT,Pay,Admin & Clerical,2024-01,,WTE,-2.00,"-£5,615.36",,,Facilities,,Estates & Facilities,Admin & Clerical Staff,Substantive,-2.00,
,Facilities,259210,RESTAURANT,Pay,Admin & Clerical,2024-02,,WTE,-2.00,"-£5,615.36",,,Facilities,,Estates & Facilities,Admin & Clerical Staff,Substantive,-2.00,
,Facilities,259210,RESTAURANT,Pay,Admin & Clerical,2024-03,,WTE,-2.00,"-£5,615.36",,,Facilities,,Estates & Facilities,Admin & Clerical Staff,Substantive,-2.00,
,Facilities,259210,RESTAURANT,Pay,Ancillary,2023-11,,WTE,-2.14,"-£8,676.64",,,Facilities,,Estates & Facilities,"HCA, Other Support & Ancillary Staff",Bank,-2.14,
,Facilities,259210,RESTAURANT,Pay,Ancillary,2023-11,,WTE,-11.13,"-£29,748.68",,,Facilities,,Estates & Facilities,"HCA, Other Support & Ancillary Staff",Substantive,-11.13,
,Facilities,259210,RESTAURANT,Pay,Ancillary,2023-12,,WTE,-2.26,"-£6,672.90",,,Facilities,,Estates & Facilities,"HCA, Other Support & Ancillary Staff",Bank,-2.26,
,Facilities,259210,RESTAURANT,Pay,Ancillary,2023-12,,WTE,-11.83,"-£31,122.62",,,Facilities,,Estates & Facilities,"HCA, Other Support & Ancillary Staff",Substantive,-11.83,
,Facilities,259210,RESTAURANT,Pay,Ancillary,2024-01,,WTE,-1.98,"-£6,556.90",,,Facilities,,Estates & Facilities,"HCA, Other Support & Ancillary Staff",Bank,-1.98,
,Facilities,259210,RESTAURANT,Pay,Ancillary,2024-01,,WTE,-11.72,"-£32,229.07",,,Facilities,,Estates & Facilities,"HCA, Other Support & Ancillary Staff",Substantive,-11.72,
,Facilities,259210,RESTAURANT,Pay,Ancillary,2024-02,,WTE,-1.60,"-£5,186.39",,,Facilities,,Estates & Facilities,"HCA, Other Support & Ancillary Staff",Bank,-1.60,
,Facilities,259210,RESTAURANT,Pay,Ancillary,2024-02,,WTE,-11.83,"-£31,744.97",,,Facilities,,Estates & Facilities,"HCA, Other Support & Ancillary Staff",Substantive,-11.83,
,Facilities,259210,RESTAURANT,Pay,Ancillary,2024-03,,WTE,-1.29,"-£4,228.20",,,Facilities,,Estates & Facilities,"HCA, Other Support & Ancillary Staff",Bank,-1.29,
,Facilities,259210,RESTAURANT,Pay,Ancillary,2024-03,,WTE,-12.76,"-£33,660.29",,,Facilities,,Estates & Facilities,"HCA, Other Support & Ancillary Staff",Substantive,-12.76,
,Facilities,259211,PATIENTS DINING,Pay,Admin & Clerical,2023-11,,WTE,-1.00,"-£3,946.15",,,Facilities,,Estates & Facilities,Admin & Clerical Staff,Substantive,-1.00,
,Facilities,259211,PATIENTS DINING,Pay,Admin & Clerical,2023-12,,WTE,-1.00,"-£3,768.16",,,Facilities,,Estates & Facilities,Admin & Clerical Staff,Substantive,-1.00,
,Facilities,259211,PATIENTS DINING,Pay,Admin & Clerical,2024-01,,WTE,-1.00,"-£4,010.62",,,Facilities,,Estates & Facilities,Admin & Clerical Staff,Substantive,-1.00,
,Facilities,259211,PATIENTS DINING,Pay,Admin & Clerical,2024-02,,WTE,-1.00,"-£4,161.35",,,Facilities,,Estates & Facilities,Admin & Clerical Staff,Substantive,-1.00,
,Facilities,259211,PATIENTS DINING,Pay,Admin & Clerical,2024-03,,WTE,-1.00,"-£4,264.02",,,Facilities,,Estates & Facilities,Admin & Clerical Staff,Substantive,-1.00,
,Facilities,259211,PATIENTS DINING,Pay,Ancillary,2023-11,,WTE,-3.54,"-£18,438.32",,,Facilities,,Estates & Facilities,"HCA, Other Support & Ancillary Staff",Bank,-3.54,
,Facilities,259211,PATIENTS DINING,Pay,Ancillary,2023-11,,WTE,-6.94,"-£20,617.75",,,Facilities,,Estates & Facilities,"HCA, Other Support & Ancillary Staff",Substantive,-6.94,
,Facilities,259211,PATIENTS DINING,Pay,Ancillary,2023-12,,WTE,-0.90,"-£6,877.96",,,Facilities,,Estates & Facilities,"HCA, Other Support & Ancillary Staff",Agency,-0.90,
,Facilities,259211,PATIENTS DINING,Pay,Ancillary,2023-12,,WTE,-3.85,"-£16,881.91",,,Facilities,,Estates & Facilities,"HCA, Other Support & Ancillary Staff",Bank,-3.85,
,Facilities,259211,PATIENTS DINING,Pay,Ancillary,2023-12,,WTE,-7.50,"-£21,137.27",,,Facilities,,Estates & Facilities,"HCA, Other Support & Ancillary Staff",Substantive,-7.50,
,Facilities,259211,PATIENTS DINING,Pay,Ancillary,2024-01,,WTE,0.00,£75.58,,,Facilities,,Estates & Facilities,"HCA, Other Support & Ancillary Staff",Agency,0.00,
,Facilities,259211,PATIENTS DINING,Pay,Ancillary,2024-01,,WTE,-2.64,"-£10,479.83",,,Facilities,,Estates & Facilities,"HCA, Other Support & Ancillary Staff",Bank,-2.64,
,Facilities,259211,PATIENTS DINING,Pay,Ancillary,2024-01,,WTE,-7.68,"-£21,800.61",,,Facilities,,Estates & Facilities,"HCA, Other Support & Ancillary Staff",Substantive,-7.68,
,Facilities,259211,PATIENTS DINING,Pay,Ancillary,2024-02,,WTE,-2.69,"-£9,695.09",,,Facilities,,Estates & Facilities,"HCA, Other Support & Ancillary Staff",Bank,-2.69,
,Facilities,259211,PATIENTS DINING,Pay,Ancillary,2024-02,,WTE,-7.01,"-£19,518.66",,,Facilities,,Estates & Facilities,"HCA, Other Support & Ancillary Staff",Substantive,-7.01,
,Facilities,259211,PATIENTS DINING,Pay,Ancillary,2024-03,,WTE,-3.46,"-£13,242.12",,,Facilities,,Estates & Facilities,"HCA, Other Support & Ancillary Staff",Bank,-3.46,
,Facilities,259211,PATIENTS DINING,Pay,Ancillary,2024-03,,WTE,-7.03,"-£19,541.38",,,Facilities,,Estates & Facilities,"HCA, Other Support & Ancillary Staff",Substantive,-7.03,
,Facilities,259211,PATIENTS DINING,Pay,"Scientific, Therapeutic & Tech",2023-12,,WTE,-0.04,"-£10,041.92",,,Facilities,,Estates & Facilities,"Scientific, Therapeutic & Technical Staff",Bank,-0.04,
,Facilities,259212,PORTERING,Pay,Ancillary,2023-11,,WTE,-7.89,"-£37,168.23",,,Facilities,,Estates & Facilities,"HCA, Other Support & Ancillary Staff",Bank,-7.89,
,Facilities,259212,PORTERING,Pay,Ancillary,2023-11,,WTE,-40.93,"-£118,750.15",,,Facilities,,Estates & Facilities,"HCA, Other Support & Ancillary Staff",Substantive,-40.93,
,Facilities,259212,PORTERING,Pay,Ancillary,2023-12,,WTE,-9.68,"-£35,312.90",,,Facilities,,Estates & Facilities,"HCA, Other Support & Ancillary Staff",Bank,-9.68,
,Facilities,259212,PORTERING,Pay,Ancillary,2023-12,,WTE,-39.74,"-£117,075.10",,,Facilities,,Estates & Facilities,"HCA, Other Support & Ancillary Staff",Substantive,-39.74,
,Facilities,259212,PORTERING,Pay,Ancillary,2024-01,,WTE,-10.09,"-£36,924.34",,,Facilities,,Estates & Facilities,"HCA, Other Support & Ancillary Staff",Bank,-10.09,
,Facilities,259212,PORTERING,Pay,Ancillary,2024-01,,WTE,-38.61,"-£116,397.26",,,Facilities,,Estates & Facilities,"HCA, Other Support & Ancillary Staff",Substantive,-38.61,
,Facilities,259212,PORTERING,Pay,Ancillary,2024-02,,WTE,-12.00,"-£43,986.94",,,Facilities,,Estates & Facilities,"HCA, Other Support & Ancillary Staff",Bank,-12.00,
,Facilities,259212,PORTERING,Pay,Ancillary,2024-02,,WTE,-38.22,"-£112,610.83",,,Facilities,,Estates & Facilities,"HCA, Other Support & Ancillary Staff",Substantive,-38.22,
,Facilities,259212,PORTERING,Pay,Ancillary,2024-03,,WTE,-9.11,"-£31,576.47",,,Facilities,,Estates & Facilities,"HCA, Other Support & Ancillary Staff",Bank,-9.11,
,Facilities,259212,PORTERING,Pay,Ancillary,2024-03,,WTE,-38.81,"-£109,928.17",,,Facilities,,Estates & Facilities,"HCA, Other Support & Ancillary Staff",Substantive,-38.81,
,Estates,259214,ENGINEERING/BUILDING,Pay,Admin & Clerical,2023-11,,WTE,-2.00,"-£5,117.44",,,Estates,,Estates & Facilities,Admin & Clerical Staff,Substantive,-2.00,
,Estates,259214,ENGINEERING/BUILDING,Pay,Admin & Clerical,2023-12,,WTE,-2.13,"-£4,974.21",,,Estates,,Estates & Facilities,Admin & Clerical Staff,Substantive,-2.13,
,Estates,259214,ENGINEERING/BUILDING,Pay,Admin & Clerical,2024-01,,WTE,-3.23,"-£7,399.03",,,Estates,,Estates & Facilities,Admin & Clerical Staff,Substantive,-3.23,
,Estates,259214,ENGINEERING/BUILDING,Pay,Admin & Clerical,2024-02,,WTE,-3.23,"-£8,054.47",,,Estates,,Estates & Facilities,Admin & Clerical Staff,Substantive,-3.23,
,Estates,259214,ENGINEERING/BUILDING,Pay,Admin & Clerical,2024-03,,WTE,-3.16,"-£7,773.40",,,Estates,,Estates & Facilities,Admin & Clerical Staff,Substantive,-3.16,
,Estates,259214,ENGINEERING/BUILDING,Pay,Ancillary,2023-11,,WTE,-0.52,"-£4,384.74",,,Estates,,Estates & Facilities,"HCA, Other Support & Ancillary Staff",Agency,-0.52,
,Estates,259214,ENGINEERING/BUILDING,Pay,Ancillary,2023-12,,WTE,0.00,"£1,802.82",,,Estates,,Estates & Facilities,"HCA, Other Support & Ancillary Staff",Agency,0.00,
,Estates,259214,ENGINEERING/BUILDING,Pay,Maintenance & Works Staff,2023-11,,WTE,-13.04,"-£48,326.37",,,Estates,,Estates & Facilities,Maintenance & Works Staff,Substantive,-13.04,
,Estates,259214,ENGINEERING/BUILDING,Pay,Maintenance & Works Staff,2023-12,,WTE,-13.50,"-£48,447.43",,,Estates,,Estates & Facilities,Maintenance & Works Staff,Substantive,-13.50,
,Estates,259214,ENGINEERING/BUILDING,Pay,Maintenance & Works Staff,2024-01,,WTE,-13.14,"-£46,557.91",,,Estates,,Estates & Facilities,Maintenance & Works Staff,Substantive,-13.14,
,Estates,259214,ENGINEERING/BUILDING,Pay,Maintenance & Works Staff,2024-02,,WTE,-13.62,"-£48,511.74",,,Estates,,Estates & Facilities,Maintenance & Works Staff,Substantive,-13.62,
,Estates,259214,ENGINEERING/BUILDING,Pay,Maintenance & Works Staff,2024-03,,WTE,-15.70,"-£53,957.91",,,Estates,,Estates & Facilities,Maintenance & Works Staff,Substantive,-15.70,
,Estates,259214,ENGINEERING/BUILDING,Pay,Snr Managers,2023-11,,WTE,-5.00,"-£26,846.20",,,Estates,,Estates & Facilities,Senior Managers,Substantive,-5.00,
,Estates,259214,ENGINEERING/BUILDING,Pay,Snr Managers,2023-12,,WTE,-5.00,"-£21,638.33",,,Estates,,Estates & Facilities,Senior Managers,Substantive,-5.00,
,Estates,259214,ENGINEERING/BUILDING,Pay,Snr Managers,2024-01,,WTE,-5.00,"-£29,121.58",,,Estates,,Estates & Facilities,Senior Managers,Substantive,-5.00,
,Estates,259214,ENGINEERING/BUILDING,Pay,Snr Managers,2024-02,,WTE,-5.00,"-£28,302.01",,,Estates,,Estates & Facilities,Senior Managers,Substantive,-5.00,
,Estates,259214,ENGINEERING/BUILDING,Pay,Snr Managers,2024-03,,WTE,-4.72,"-£26,438.80",,,Estates,,Estates & Facilities,Senior Managers,Substantive,-4.72,
,Estates,259215,EBME,Pay,Nursing,2023-11,,WTE,-2.00,"-£10,204.93",,,EMBE,,Estates & Facilities,Nursing & Midwifery Staff,Substantive,-2.00,
,Estates,259215,EBME,Pay,Nursing,2023-12,,WTE,-2.00,"-£10,204.93",,,EMBE,,Estates & Facilities,Nursing & Midwifery Staff,Substantive,-2.00,
,Estates,259215,EBME,Pay,Nursing,2024-01,,WTE,-2.00,"-£10,335.29",,,EMBE,,Estates & Facilities,Nursing & Midwifery Staff,Substantive,-2.00,
,Estates,259215,EBME,Pay,Nursing,2024-02,,WTE,-2.00,"-£10,382.66",,,EMBE,,Estates & Facilities,Nursing & Midwifery Staff,Substantive,-2.00,
,Estates,259215,EBME,Pay,Nursing,2024-03,,WTE,-2.00,"-£10,335.29",,,EMBE,,Estates & Facilities,Nursing & Midwifery Staff,Substantive,-2.00,
,Estates,259215,EBME,Pay,"Scientific, Therapeutic & Tech",2023-11,,WTE,-7.00,"-£24,529.20",,,EMBE,,Estates & Facilities,"Scientific, Therapeutic & Technical Staff",Substantive,-7.00,
,Estates,259215,EBME,Pay,"Scientific, Therapeutic & Tech",2023-12,,WTE,-7.00,"-£24,529.20",,,EMBE,,Estates & Facilities,"Scientific, Therapeutic & Technical Staff",Substantive,-7.00,
,Estates,259215,EBME,Pay,"Scientific, Therapeutic & Tech",2024-01,,WTE,-7.00,"-£24,529.20",,,EMBE,,Estates & Facilities,"Scientific, Therapeutic & Technical Staff",Substantive,-7.00,
,Estates,259215,EBME,Pay,"Scientific, Therapeutic & Tech",2024-02,,WTE,-7.00,"-£24,529.20",,,EMBE,,Estates & Facilities,"Scientific, Therapeutic & Technical Staff",Substantive,-7.00,
,Estates,259215,EBME,Pay,"Scientific, Therapeutic & Tech",2024-03,,WTE,-7.00,"-£24,529.20",,,EMBE,,Estates & Facilities,"Scientific, Therapeutic & Technical Staff",Substantive,-7.00,
,Capital Dept,259216,CAPITAL PROJECT TEAM,Pay,Maintenance & Works Staff,2023-11,,WTE,-0.60,"-£2,920.51",,,Capital Department,,Estates & Facilities,Maintenance & Works Staff,Substantive,-0.60,
,Capital Dept,259216,CAPITAL PROJECT TEAM,Pay,Maintenance & Works Staff,2023-12,,WTE,-0.60,-£855.45,,,Capital Department,,Estates & Facilities,Maintenance & Works Staff,Substantive,-0.60,
,Capital Dept,259216,CAPITAL PROJECT TEAM,Pay,Maintenance & Works Staff,2024-01,,WTE,-0.60,"-£2,920.51",,,Capital Department,,Estates & Facilities,Maintenance & Works Staff,Substantive,-0.60,
,Capital Dept,259216,CAPITAL PROJECT TEAM,Pay,Maintenance & Works Staff,2024-02,,WTE,-0.60,"-£2,920.51",,,Capital Department,,Estates & Facilities,Maintenance & Works Staff,Substantive,-0.60,
,Capital Dept,259216,CAPITAL PROJECT TEAM,Pay,Maintenance & Works Staff,2024-03,,WTE,-0.60,"-£2,920.51",,,Capital Department,,Estates & Facilities,Maintenance & Works Staff,Substantive,-0.60,
,Capital Dept,259216,CAPITAL PROJECT TEAM,Pay,Snr Managers,2023-11,,WTE,-0.60,£0.00,,,Capital Department,,Estates & Facilities,Senior Managers,Substantive,-0.60,
,Capital Dept,259216,CAPITAL PROJECT TEAM,Pay,Snr Managers,2023-12,,WTE,-1.40,"-£1,622.01",,,Capital Department,,Estates & Facilities,Senior Managers,Substantive,-1.40,
,Capital Dept,259216,CAPITAL PROJECT TEAM,Pay,Snr Managers,2024-01,,WTE,-0.60,"-£4,875.11",,,Capital Department,,Estates & Facilities,Senior Managers,Substantive,-0.60,
,Capital Dept,259216,CAPITAL PROJECT TEAM,Pay,Snr Managers,2024-02,,WTE,-0.60,"-£5,108.42",,,Capital Department,,Estates & Facilities,Senior Managers,Substantive,-0.60,
,Capital Dept,259216,CAPITAL PROJECT TEAM,Pay,Snr Managers,2024-03,,WTE,-0.86,"-£6,637.44",,,Capital Department,,Estates & Facilities,Senior Managers,Substantive,-0.86,
,Facilities,259218,HOTEL SERVICES MANAGEMENT,Pay,Admin & Clerical,2023-11,,WTE,-7.54,"-£23,224.63",,,Facilities - other,,Estates & Facilities,Admin & Clerical Staff,Substantive,-7.54,
,Facilities,259218,HOTEL SERVICES MANAGEMENT,Pay,Admin & Clerical,2023-12,,WTE,-7.77,"-£23,924.69",,,Facilities - other,,Estates & Facilities,Admin & Clerical Staff,Substantive,-7.77,
,Facilities,259218,HOTEL SERVICES MANAGEMENT,Pay,Admin & Clerical,2024-01,,WTE,-7.36,"-£22,123.27",,,Facilities - other,,Estates & Facilities,Admin & Clerical Staff,Substantive,-7.36,
,Facilities,259218,HOTEL SERVICES MANAGEMENT,Pay,Admin & Clerical,2024-02,,WTE,-7.75,"-£26,185.49",,,Facilities - other,,Estates & Facilities,Admin & Clerical Staff,Substantive,-7.75,
,Facilities,259218,HOTEL SERVICES MANAGEMENT,Pay,Admin & Clerical,2024-03,,WTE,-6.95,"-£20,713.37",,,Facilities - other,,Estates & Facilities,Admin & Clerical Staff,Substantive,-6.95,
,Facilities,259218,HOTEL SERVICES MANAGEMENT,Pay,Ancillary,2023-11,,WTE,-1.00,"-£2,850.23",,,Facilities - other,,Estates & Facilities,"HCA, Other Support & Ancillary Staff",Substantive,-1.00,
,Facilities,259218,HOTEL SERVICES MANAGEMENT,Pay,Ancillary,2023-12,,WTE,-1.00,"-£2,768.18",,,Facilities - other,,Estates & Facilities,"HCA, Other Support & Ancillary Staff",Substantive,-1.00,
,Facilities,259218,HOTEL SERVICES MANAGEMENT,Pay,Ancillary,2024-01,,WTE,-1.00,"-£2,991.60",,,Facilities - other,,Estates & Facilities,"HCA, Other Support & Ancillary Staff",Substantive,-1.00,
,Facilities,259218,HOTEL SERVICES MANAGEMENT,Pay,Ancillary,2024-02,,WTE,-1.00,"-£2,705.65",,,Facilities - other,,Estates & Facilities,"HCA, Other Support & Ancillary Staff",Substantive,-1.00,
,Facilities,259218,HOTEL SERVICES MANAGEMENT,Pay,Ancillary,2024-03,,WTE,-1.00,"-£2,759.33",,,Facilities - other,,Estates & Facilities,"HCA, Other Support & Ancillary Staff",Substantive,-1.00,
,Facilities,259218,HOTEL SERVICES MANAGEMENT,Pay,Snr Managers,2023-11,,WTE,-2.00,"-£12,459.02",,,Facilities - other,,Estates & Facilities,Senior Managers,Substantive,-2.00,
,Facilities,259218,HOTEL SERVICES MANAGEMENT,Pay,Snr Managers,2023-12,,WTE,-2.00,"-£12,459.02",,,Facilities - other,,Estates & Facilities,Senior Managers,Substantive,-2.00,
,Facilities,259218,HOTEL SERVICES MANAGEMENT,Pay,Snr Managers,2024-01,,WTE,-2.97,"-£18,073.90",,,Facilities - other,,Estates & Facilities,Senior Managers,Substantive,-2.97,
,Facilities,259218,HOTEL SERVICES MANAGEMENT,Pay,Snr Managers,2024-02,,WTE,-2.45,"-£14,150.15",,,Facilities - other,,Estates & Facilities,Senior Managers,Substantive,-2.45,
,Facilities,259218,HOTEL SERVICES MANAGEMENT,Pay,Snr Managers,2024-03,,WTE,-3.00,"-£18,113.21",,,Facilities - other,,Estates & Facilities,Senior Managers,Substantive,-3.00,
,Facilities,259219,POSTAL SERVICES,Pay,Ancillary,2023-11,,WTE,-1.43,"-£3,045.27",,,Facilities - other,,Estates & Facilities,"HCA, Other Support & Ancillary Staff",Substantive,-1.43,
,Facilities,259219,POSTAL SERVICES,Pay,Ancillary,2023-12,,WTE,-1.43,"-£3,045.27",,,Facilities - other,,Estates & Facilities,"HCA, Other Support & Ancillary Staff",Substantive,-1.43,
,Facilities,259219,POSTAL SERVICES,Pay,Ancillary,2024-01,,WTE,-1.43,"-£3,045.27",,,Facilities - other,,Estates & Facilities,"HCA, Other Support & Ancillary Staff",Substantive,-1.43,
,Facilities,259219,POSTAL SERVICES,Pay,Ancillary,2024-02,,WTE,-1.43,"-£3,045.27",,,Facilities - other,,Estates & Facilities,"HCA, Other Support & Ancillary Staff",Substantive,-1.43,
,Facilities,259219,POSTAL SERVICES,Pay,Ancillary,2024-03,,WTE,-1.43,"-£3,045.27",,,Facilities - other,,Estates & Facilities,"HCA, Other Support & Ancillary Staff",Substantive,-1.43,
,Facilities,259220,ACCOMMODATION,Pay,Ancillary,2023-11,,WTE,-0.03,-£186.20,,,Facilities - other,,Estates & Facilities,"HCA, Other Support & Ancillary Staff",Bank,-0.03,
,Facilities,259220,ACCOMMODATION,Pay,Ancillary,2023-11,,WTE,-2.20,"-£6,247.64",,,Facilities - other,,Estates & Facilities,"HCA, Other Support & Ancillary Staff",Substantive,-2.20,
,Facilities,259220,ACCOMMODATION,Pay,Ancillary,2023-12,,WTE,-0.03,-£140.38,,,Facilities - other,,Estates & Facilities,"HCA, Other Support & Ancillary Staff",Bank,-0.03,
,Facilities,259220,ACCOMMODATION,Pay,Ancillary,2023-12,,WTE,-2.23,"-£5,961.12",,,Facilities - other,,Estates & Facilities,"HCA, Other Support & Ancillary Staff",Substantive,-2.23,
,Facilities,259220,ACCOMMODATION,Pay,Ancillary,2024-01,,WTE,-0.03,-£158.40,,,Facilities - other,,Estates & Facilities,"HCA, Other Support & Ancillary Staff",Bank,-0.03,
,Facilities,259220,ACCOMMODATION,Pay,Ancillary,2024-01,,WTE,-2.21,"-£6,421.33",,,Facilities - other,,Estates & Facilities,"HCA, Other Support & Ancillary Staff",Substantive,-2.21,
,Facilities,259220,ACCOMMODATION,Pay,Ancillary,2024-02,,WTE,-0.02,-£105.60,,,Facilities - other,,Estates & Facilities,"HCA, Other Support & Ancillary Staff",Bank,-0.02,
,Facilities,259220,ACCOMMODATION,Pay,Ancillary,2024-02,,WTE,-2.21,"-£6,074.63",,,Facilities - other,,Estates & Facilities,"HCA, Other Support & Ancillary Staff",Substantive,-2.21,
,Facilities,259220,ACCOMMODATION,Pay,Ancillary,2024-03,,WTE,-0.03,-£158.40,,,Facilities - other,,Estates & Facilities,"HCA, Other Support & Ancillary Staff",Bank,-0.03,
,Facilities,259220,ACCOMMODATION,Pay,Ancillary,2024-03,,WTE,-2.20,"-£6,064.82",,,Facilities - other,,Estates & Facilities,"HCA, Other Support & Ancillary Staff",Substantive,-2.20,
,Facilities,259221,TRANSPORT SERVICES,Pay,Ancillary,2023-11,,WTE,-0.28,"-£1,008.78",,,Facilities - other,,Estates & Facilities,"HCA, Other Support & Ancillary Staff",Bank,-0.28,
,Facilities,259221,TRANSPORT SERVICES,Pay,Ancillary,2023-11,,WTE,-4.90,"-£11,287.61",,,Facilities - other,,Estates & Facilities,"HCA, Other Support & Ancillary Staff",Substantive,-4.90,
,Facilities,259221,TRANSPORT SERVICES,Pay,Ancillary,2023-12,,WTE,-0.35,"-£1,152.87",,,Facilities - other,,Estates & Facilities,"HCA, Other Support & Ancillary Staff",Bank,-0.35,
,Facilities,259221,TRANSPORT SERVICES,Pay,Ancillary,2023-12,,WTE,-4.67,"-£10,983.37",,,Facilities - other,,Estates & Facilities,"HCA, Other Support & Ancillary Staff",Substantive,-4.67,
,Facilities,259221,TRANSPORT SERVICES,Pay,Ancillary,2024-01,,WTE,-0.50,"-£1,441.06",,,Facilities - other,,Estates & Facilities,"HCA, Other Support & Ancillary Staff",Bank,-0.50,
,Facilities,259221,TRANSPORT SERVICES,Pay,Ancillary,2024-01,,WTE,-4.65,"-£10,783.40",,,Facilities - other,,Estates & Facilities,"HCA, Other Support & Ancillary Staff",Substantive,-4.65,
,Facilities,259221,TRANSPORT SERVICES,Pay,Ancillary,2024-02,,WTE,-0.25,-£720.55,,,Facilities - other,,Estates & Facilities,"HCA, Other Support & Ancillary Staff",Bank,-0.25,
,Facilities,259221,TRANSPORT SERVICES,Pay,Ancillary,2024-02,,WTE,-4.60,"-£10,636.85",,,Facilities - other,,Estates & Facilities,"HCA, Other Support & Ancillary Staff",Substantive,-4.60,
,Facilities,259221,TRANSPORT SERVICES,Pay,Ancillary,2024-03,,WTE,-0.80,"-£2,305.68",,,Facilities - other,,Estates & Facilities,"HCA, Other Support & Ancillary Staff",Bank,-0.80,
,Facilities,259221,TRANSPORT SERVICES,Pay,Ancillary,2024-03,,WTE,-4.65,"-£10,752.75",,,Facilities - other,,Estates & Facilities,"HCA, Other Support & Ancillary Staff",Substantive,-4.65,
,Estates & Facilities,259223,ESTATES&FACILITIES SENIOR MGMT,Pay,Admin & Clerical,2023-11,,WTE,-2.68,"-£36,186.60",,,Estates&Facilities Senior Mgmt,,Estates & Facilities,Admin & Clerical Staff,Agency,-2.68,
,Estates & Facilities,259223,ESTATES&FACILITIES SENIOR MGMT,Pay,Admin & Clerical,2023-11,,WTE,-3.03,"-£12,006.08",,,Estates&Facilities Senior Mgmt,,Estates & Facilities,Admin & Clerical Staff,Substantive,-3.03,
,Estates & Facilities,259223,ESTATES&FACILITIES SENIOR MGMT,Pay,Admin & Clerical,2023-12,,WTE,-2.33,"-£26,424.80",,,Estates&Facilities Senior Mgmt,,Estates & Facilities,Admin & Clerical Staff,Agency,-2.33,
,Estates & Facilities,259223,ESTATES&FACILITIES SENIOR MGMT,Pay,Admin & Clerical,2023-12,,WTE,-3.01,"-£11,935.85",,,Estates&Facilities Senior Mgmt,,Estates & Facilities,Admin & Clerical Staff,Substantive,-3.01,
,Estates & Facilities,259223,ESTATES&FACILITIES SENIOR MGMT,Pay,Admin & Clerical,2024-01,,WTE,-1.67,"-£33,221.63",,,Estates&Facilities Senior Mgmt,,Estates & Facilities,Admin & Clerical Staff,Agency,-1.67,
,Estates & Facilities,259223,ESTATES&FACILITIES SENIOR MGMT,Pay,Admin & Clerical,2024-01,,WTE,-3.20,"-£19,350.95",,,Estates&Facilities Senior Mgmt,,Estates & Facilities,Admin & Clerical Staff,Substantive,-3.20,
,Estates & Facilities,259223,ESTATES&FACILITIES SENIOR MGMT,Pay,Admin & Clerical,2024-02,,WTE,-1.05,"-£18,828.48",,,Estates&Facilities Senior Mgmt,,Estates & Facilities,Admin & Clerical Staff,Agency,-1.05,
,Estates & Facilities,259223,ESTATES&FACILITIES SENIOR MGMT,Pay,Admin & Clerical,2024-02,,WTE,-3.15,"-£13,144.84",,,Estates&Facilities Senior Mgmt,,Estates & Facilities,Admin & Clerical Staff,Substantive,-3.15,
,Estates & Facilities,259223,ESTATES&FACILITIES SENIOR MGMT,Pay,Admin & Clerical,2024-03,,WTE,-0.92,"-£10,668.53",,,Estates&Facilities Senior Mgmt,,Estates & Facilities,Admin & Clerical Staff,Agency,-0.92,
,Estates & Facilities,259223,ESTATES&FACILITIES SENIOR MGMT,Pay,Admin & Clerical,2024-03,,WTE,-3.04,"-£12,967.50",,,Estates&Facilities Senior Mgmt,,Estates & Facilities,Admin & Clerical Staff,Substantive,-3.04,
,Estates & Facilities,259223,ESTATES&FACILITIES SENIOR MGMT,Pay,Ancillary,2023-11,,WTE,0.00,"-£1,802.82",,,Estates&Facilities Senior Mgmt,,Estates & Facilities,"HCA, Other Support & Ancillary Staff",Agency,0.00,
,Estates & Facilities,259223,ESTATES&FACILITIES SENIOR MGMT,Pay,Ancillary,2023-11,,WTE,0.00,"£1,802.82",,,Estates&Facilities Senior Mgmt,,Estates & Facilities,"HCA, Other Support & Ancillary Staff",Bank,0.00,
,Estates & Facilities,259223,ESTATES&FACILITIES SENIOR MGMT,Pay,Ancillary,2023-12,,WTE,0.00,-£30.12,,,Estates&Facilities Senior Mgmt,,Estates & Facilities,"HCA, Other Support & Ancillary Staff",Agency,0.00,
,Estates & Facilities,259223,ESTATES&FACILITIES SENIOR MGMT,Pay,Ancillary,2023-12,,WTE,0.00,"-£1,802.82",,,Estates&Facilities Senior Mgmt,,Estates & Facilities,"HCA, Other Support & Ancillary Staff",Bank,0.00,
,Estates & Facilities,259223,ESTATES&FACILITIES SENIOR MGMT,Pay,Ancillary,2024-01,,WTE,0.00,-£68.88,,,Estates&Facilities Senior Mgmt,,Estates & Facilities,"HCA, Other Support & Ancillary Staff",Agency,0.00,
,Estates & Facilities,259223,ESTATES&FACILITIES SENIOR MGMT,Pay,Ancillary,2024-02,,WTE,-0.60,"-£5,657.85",,,Estates&Facilities Senior Mgmt,,Estates & Facilities,"HCA, Other Support & Ancillary Staff",Agency,-0.60,
,Estates & Facilities,259223,ESTATES&FACILITIES SENIOR MGMT,Pay,Ancillary,2024-03,,WTE,-0.95,"-£8,289.70",,,Estates&Facilities Senior Mgmt,,Estates & Facilities,"HCA, Other Support & Ancillary Staff",Agency,-0.95,
,Estates & Facilities,259223,ESTATES&FACILITIES SENIOR MGMT,Pay,Snr Managers,2023-11,,WTE,-0.02,"-£46,947.24",,,Estates&Facilities Senior Mgmt,,Estates & Facilities,Senior Managers,Substantive,-0.02,
,Estates,259227,HEALTH & SAFETY,Pay,Admin & Clerical,2023-11,,WTE,-2.00,"-£10,712.01",,,Estates,,Estates & Facilities,Admin & Clerical Staff,Substantive,-2.00,
,Estates,259227,HEALTH & SAFETY,Pay,Admin & Clerical,2023-12,,WTE,-2.00,"-£9,565.15",,,Estates,,Estates & Facilities,Admin & Clerical Staff,Substantive,-2.00,
,Estates,259227,HEALTH & SAFETY,Pay,Admin & Clerical,2024-01,,WTE,-1.53,"-£7,364.73",,,Estates,,Estates & Facilities,Admin & Clerical Staff,Substantive,-1.53,
,Estates,259227,HEALTH & SAFETY,Pay,Admin & Clerical,2024-02,,WTE,-1.53,"-£6,013.62",,,Estates,,Estates & Facilities,Admin & Clerical Staff,Substantive,-1.53,
,Estates,259227,HEALTH & SAFETY,Pay,Admin & Clerical,2024-03,,WTE,-2.47,"-£8,985.61",,,Estates,,Estates & Facilities,Admin & Clerical Staff,Substantive,-2.47,
,Estates,259227,HEALTH & SAFETY,Pay,Ancillary,2024-02,,WTE,-0.30,"-£2,028.11",,,Estates,,Estates & Facilities,"HCA, Other Support & Ancillary Staff",Bank,-0.30,
,Estates,259227,HEALTH & SAFETY,Pay,Ancillary,2024-03,,WTE,-0.20,"-£1,159.11",,,Estates,,Estates & Facilities,"HCA, Other Support & Ancillary Staff",Bank,-0.20,
,Estates,259227,HEALTH & SAFETY,Pay,Nursing,2023-11,,WTE,-0.72,"-£4,346.16",,,Estates,,Estates & Facilities,Nursing & Midwifery Staff,Bank,-0.72,
,Estates,259227,HEALTH & SAFETY,Pay,Nursing,2023-12,,WTE,0.00,£0.86,,,Estates,,Estates & Facilities,Nursing & Midwifery Staff,Bank,0.00,
,Estates,259227,HEALTH & SAFETY,Pay,Nursing,2023-12,,WTE,-0.90,"-£4,309.64",,,Estates,,Estates & Facilities,Nursing & Midwifery Staff,Substantive,-0.90,
,Estates,259227,HEALTH & SAFETY,Pay,Nursing,2024-01,,WTE,-1.00,"-£4,782.57",,,Estates,,Estates & Facilities,Nursing & Midwifery Staff,Substantive,-1.00,
,Estates,259227,HEALTH & SAFETY,Pay,Nursing,2024-02,,WTE,-1.00,"-£4,782.57",,,Estates,,Estates & Facilities,Nursing & Midwifery Staff,Substantive,-1.00,
,Estates,259227,HEALTH & SAFETY,Pay,Nursing,2024-03,,WTE,-1.00,"-£4,782.57",,,Estates,,Estates & Facilities,Nursing & Midwifery Staff,Substantive,-1.00,
,Estates,259227,HEALTH & SAFETY,Pay,Snr Managers,2023-11,,WTE,-1.00,"-£5,552.72",,,Estates,,Estates & Facilities,Senior Managers,Substantive,-1.00,
,Estates,259227,HEALTH & SAFETY,Pay,Snr Managers,2023-12,,WTE,-1.00,"-£5,552.72",,,Estates,,Estates & Facilities,Senior Managers,Substantive,-1.00,
,Estates,259227,HEALTH & SAFETY,Pay,Snr Managers,2024-01,,WTE,-2.00,"-£10,339.87",,,Estates,,Estates & Facilities,Senior Managers,Substantive,-2.00,
,Estates,259227,HEALTH & SAFETY,Pay,Snr Managers,2024-02,,WTE,-2.00,"-£10,335.29",,,Estates,,Estates & Facilities,Senior Managers,Substantive,-2.00,
,Estates,259227,HEALTH & SAFETY,Pay,Snr Managers,2024-03,,WTE,-2.00,"-£10,335.29",,,Estates,,Estates & Facilities,Senior Managers,Substantive,-2.00,
,Facilities,259229,Estates Manager,Pay,Admin & Clerical,2023-12,,WTE,0.00,£8.37,,,Facilities - other,,Estates & Facilities,Admin & Clerical Staff,Bank,0.00,
,Facilities,259229,Estates Manager,Pay,Admin & Clerical,2024-01,,WTE,-0.25,-£805.50,,,Facilities - other,,Estates & Facilities,Admin & Clerical Staff,Bank,-0.25,
,Facilities,259229,Estates Manager,Pay,Admin & Clerical,2024-02,,WTE,-0.66,"-£2,620.56",,,Facilities - other,,Estates & Facilities,Admin & Clerical Staff,Bank,-0.66,
,Facilities,259229,Estates Manager,Pay,Admin & Clerical,2024-03,,WTE,-0.80,"-£3,060.90",,,Facilities - other,,Estates & Facilities,Admin & Clerical Staff,Bank,-0.80,
,Facilities,259229,Estates Manager,Pay,Ancillary,2024-01,,WTE,-0.15,"-£1,365.30",,,Facilities - other,,Estates & Facilities,"HCA, Other Support & Ancillary Staff",Bank,-0.15,
,Facilities,259229,Estates Manager,Pay,Ancillary,2024-02,,WTE,0.00,"-£1,365.08",,,Facilities - other,,Estates & Facilities,"HCA, Other Support & Ancillary Staff",Bank,0.00,
,Digestive Services,259501,MEDICAL STAFF GASTRO,Pay,Admin & Clerical,2023-12,,WTE,0.00,-£56.38,,,Gastroenterology,,Planned Pathways,Admin & Clerical Staff,Bank,0.00,
,Digestive Services,259501,MEDICAL STAFF GASTRO,Pay,Medical,2023-11,,WTE,-2.09,"-£39,693.48",,,Gastroenterology,,Planned Pathways,Medical Staff,Agency,-2.09,
,Digestive Services,259501,MEDICAL STAFF GASTRO,Pay,Medical,2023-11,,WTE,-0.25,"-£13,524.60",,,Gastroenterology,,Planned Pathways,Medical Staff,Bank,-0.25,
,Digestive Services,259501,MEDICAL STAFF GASTRO,Pay,Medical,2023-11,,WTE,-16.83,"-£134,035.28",,,Gastroenterology,,Planned Pathways,Medical Staff,Substantive,-16.83,
,Digestive Services,259501,MEDICAL STAFF GASTRO,Pay,Medical,2023-12,,WTE,-2.64,"-£50,991.76",,,Gastroenterology,,Planned Pathways,Medical Staff,Agency,-2.64,
,Digestive Services,259501,MEDICAL STAFF GASTRO,Pay,Medical,2023-12,,WTE,-0.15,"-£1,412.95",,,Gastroenterology,,Planned Pathways,Medical Staff,Bank,-0.15,
,Digestive Services,259501,MEDICAL STAFF GASTRO,Pay,Medical,2023-12,,WTE,-19.05,"-£147,026.35",,,Gastroenterology,,Planned Pathways,Medical Staff,Substantive,-19.05,
,Digestive Services,259501,MEDICAL STAFF GASTRO,Pay,Medical,2024-01,,WTE,-2.39,"-£39,411.23",,,Gastroenterology,,Planned Pathways,Medical Staff,Agency,-2.39,
,Digestive Services,259501,MEDICAL STAFF GASTRO,Pay,Medical,2024-01,,WTE,-0.36,"-£10,459.33",,,Gastroenterology,,Planned Pathways,Medical Staff,Bank,-0.36,
,Digestive Services,259501,MEDICAL STAFF GASTRO,Pay,Medical,2024-01,,WTE,-17.48,"-£132,052.46",,,Gastroenterology,,Planned Pathways,Medical Staff,Substantive,-17.48,
,Digestive Services,259501,MEDICAL STAFF GASTRO,Pay,Medical,2024-02,,WTE,-4.19,"-£106,693.29",,,Gastroenterology,,Planned Pathways,Medical Staff,Agency,-4.19,
,Digestive Services,259501,MEDICAL STAFF GASTRO,Pay,Medical,2024-02,,WTE,-0.42,"-£5,010.75",,,Gastroenterology,,Planned Pathways,Medical Staff,Bank,-0.42,
,Digestive Services,259501,MEDICAL STAFF GASTRO,Pay,Medical,2024-02,,WTE,-16.12,"-£148,689.54",,,Gastroenterology,,Planned Pathways,Medical Staff,Substantive,-16.12,
,Digestive Services,259501,MEDICAL STAFF GASTRO,Pay,Medical,2024-03,,WTE,-2.86,"-£53,682.80",,,Gastroenterology,,Planned Pathways,Medical Staff,Agency,-2.86,
,Digestive Services,259501,MEDICAL STAFF GASTRO,Pay,Medical,2024-03,,WTE,-0.74,"-£14,401.22",,,Gastroenterology,,Planned Pathways,Medical Staff,Bank,-0.74,
,Digestive Services,259501,MEDICAL STAFF GASTRO,Pay,Medical,2024-03,,WTE,-17.65,"-£141,930.75",,,Gastroenterology,,Planned Pathways,Medical Staff,Substantive,-17.65,
,Digestive Services,259501,MEDICAL STAFF GASTRO,Pay,Nursing,2023-11,,WTE,-4.00,"-£19,128.28",,,Gastroenterology,,Planned Pathways,Nursing & Midwifery Staff,Substantive,-4.00,
,Digestive Services,259501,MEDICAL STAFF GASTRO,Pay,Nursing,2023-12,,WTE,-4.00,"-£18,990.85",,,Gastroenterology,,Planned Pathways,Nursing & Midwifery Staff,Substantive,-4.00,
,Digestive Services,259501,MEDICAL STAFF GASTRO,Pay,Nursing,2024-01,,WTE,-4.00,"-£19,059.32",,,Gastroenterology,,Planned Pathways,Nursing & Midwifery Staff,Substantive,-4.00,
,Digestive Services,259501,MEDICAL STAFF GASTRO,Pay,Nursing,2024-02,,WTE,-4.00,"-£19,059.32",,,Gastroenterology,,Planned Pathways,Nursing & Midwifery Staff,Substantive,-4.00,
,Digestive Services,259501,MEDICAL STAFF GASTRO,Pay,Nursing,2024-03,,WTE,-4.00,"-£19,059.32",,,Gastroenterology,,Planned Pathways,Nursing & Midwifery Staff,Substantive,-4.00,
,Digestive Services,259501,MEDICAL STAFF GASTRO,Pay,"Scientific, Therapeutic & Tech",2023-11,,WTE,0.00,"£4,782.57",,,Gastroenterology,,Planned Pathways,"Scientific, Therapeutic & Technical Staff",Substantive,0.00,
,Digestive Services,259501,MEDICAL STAFF GASTRO,Pay,"Scientific, Therapeutic & Tech",2023-12,,WTE,-1.00,"-£14,347.71",,,Gastroenterology,,Planned Pathways,"Scientific, Therapeutic & Technical Staff",Substantive,-1.00,
,Digestive Services,259501,MEDICAL STAFF GASTRO,Pay,"Scientific, Therapeutic & Tech",2024-01,,WTE,-1.00,"-£4,782.59",,,Gastroenterology,,Planned Pathways,"Scientific, Therapeutic & Technical Staff",Substantive,-1.00,
,Digestive Services,259501,MEDICAL STAFF GASTRO,Pay,"Scientific, Therapeutic & Tech",2024-02,,WTE,-1.00,"-£4,782.57",,,Gastroenterology,,Planned Pathways,"Scientific, Therapeutic & Technical Staff",Substantive,-1.00,
,Digestive Services,259501,MEDICAL STAFF GASTRO,Pay,"Scientific, Therapeutic & Tech",2024-03,,WTE,-2.00,"-£4,782.57",,,Gastroenterology,,Planned Pathways,"Scientific, Therapeutic & Technical Staff",Substantive,-2.00,
,Digestive Services,259502,GASTRO SPECIALIST CARE WARD MT,Pay,Admin & Clerical,2023-11,,WTE,-0.04,-£144.10,,,Gastroenterology,,Planned Pathways,Admin & Clerical Staff,Bank,-0.04,
,Digestive Services,259502,GASTRO SPECIALIST CARE WARD MT,Pay,Admin & Clerical,2023-11,,WTE,-1.00,"-£2,026.48",,,Gastroenterology,,Planned Pathways,Admin & Clerical Staff,Substantive,-1.00,
,Digestive Services,259502,GASTRO SPECIALIST CARE WARD MT,Pay,Admin & Clerical,2023-12,,WTE,-0.10,-£288.23,,,Gastroenterology,,Planned Pathways,Admin & Clerical Staff,Bank,-0.10,
,Digestive Services,259502,GASTRO SPECIALIST CARE WARD MT,Pay,Admin & Clerical,2023-12,,WTE,-1.00,"-£2,026.48",,,Gastroenterology,,Planned Pathways,Admin & Clerical Staff,Substantive,-1.00,
,Digestive Services,259502,GASTRO SPECIALIST CARE WARD MT,Pay,Admin & Clerical,2024-01,,WTE,-0.15,-£432.33,,,Gastroenterology,,Planned Pathways,Admin & Clerical Staff,Bank,-0.15,
,Digestive Services,259502,GASTRO SPECIALIST CARE WARD MT,Pay,Admin & Clerical,2024-01,,WTE,-1.00,"-£2,026.48",,,Gastroenterology,,Planned Pathways,Admin & Clerical Staff,Substantive,-1.00,
,Digestive Services,259502,GASTRO SPECIALIST CARE WARD MT,Pay,Admin & Clerical,2024-02,,WTE,-0.15,-£432.32,,,Gastroenterology,,Planned Pathways,Admin & Clerical Staff,Bank,-0.15,
,Digestive Services,259502,GASTRO SPECIALIST CARE WARD MT,Pay,Admin & Clerical,2024-02,,WTE,-1.00,"-£2,026.48",,,Gastroenterology,,Planned Pathways,Admin & Clerical Staff,Substantive,-1.00,
,Digestive Services,259502,GASTRO SPECIALIST CARE WARD MT,Pay,Admin & Clerical,2024-03,,WTE,-0.10,-£288.22,,,Gastroenterology,,Planned Pathways,Admin & Clerical Staff,Bank,-0.10,
,Digestive Services,259502,GASTRO SPECIALIST CARE WARD MT,Pay,Admin & Clerical,2024-03,,WTE,-1.00,"-£2,026.48",,,Gastroenterology,,Planned Pathways,Admin & Clerical Staff,Substantive,-1.00,
,Digestive Services,259502,GASTRO SPECIALIST CARE WARD MT,Pay,Nursing,2023-11,,WTE,-3.63,"-£24,817.31",,,Gastroenterology,,Planned Pathways,Nursing & Midwifery Staff,Agency,-3.63,
,Digestive Services,259502,GASTRO SPECIALIST CARE WARD MT,Pay,Nursing,2023-11,,WTE,-6.11,"-£32,268.76",,,Gastroenterology,,Planned Pathways,Nursing & Midwifery Staff,Bank,-6.11,
,Digestive Services,259502,GASTRO SPECIALIST CARE WARD MT,Pay,Nursing,2023-11,,WTE,-27.20,"-£100,346.34",,,Gastroenterology,,Planned Pathways,Nursing & Midwifery Staff,Substantive,-27.20,
,Digestive Services,259502,GASTRO SPECIALIST CARE WARD MT,Pay,Nursing,2023-12,,WTE,-2.17,"-£10,026.01",,,Gastroenterology,,Planned Pathways,Nursing & Midwifery Staff,Agency,-2.17,
,Digestive Services,259502,GASTRO SPECIALIST CARE WARD MT,Pay,Nursing,2023-12,,WTE,-7.03,"-£29,005.22",,,Gastroenterology,,Planned Pathways,Nursing & Midwifery Staff,Bank,-7.03,
,Digestive Services,259502,GASTRO SPECIALIST CARE WARD MT,Pay,Nursing,2023-12,,WTE,-30.54,"-£103,614.05",,,Gastroenterology,,Planned Pathways,Nursing & Midwifery Staff,Substantive,-30.54,
,Digestive Services,259502,GASTRO SPECIALIST CARE WARD MT,Pay,Nursing,2024-01,,WTE,-1.05,"-£5,835.47",,,Gastroenterology,,Planned Pathways,Nursing & Midwifery Staff,Agency,-1.05,
,Digestive Services,259502,GASTRO SPECIALIST CARE WARD MT,Pay,Nursing,2024-01,,WTE,-8.90,"-£37,573.14",,,Gastroenterology,,Planned Pathways,Nursing & Midwifery Staff,Bank,-8.90,
,Digestive Services,259502,GASTRO SPECIALIST CARE WARD MT,Pay,Nursing,2024-01,,WTE,-25.13,"-£101,354.78",,,Gastroenterology,,Planned Pathways,Nursing & Midwifery Staff,Substantive,-25.13,
,Digestive Services,259502,GASTRO SPECIALIST CARE WARD MT,Pay,Nursing,2024-02,,WTE,-0.90,"-£4,624.41",,,Gastroenterology,,Planned Pathways,Nursing & Midwifery Staff,Agency,-0.90,
,Digestive Services,259502,GASTRO SPECIALIST CARE WARD MT,Pay,Nursing,2024-02,,WTE,-8.47,"-£38,034.37",,,Gastroenterology,,Planned Pathways,Nursing & Midwifery Staff,Bank,-8.47,
,Digestive Services,259502,GASTRO SPECIALIST CARE WARD MT,Pay,Nursing,2024-02,,WTE,-28.06,"-£103,113.37",,,Gastroenterology,,Planned Pathways,Nursing & Midwifery Staff,Substantive,-28.06,
,Digestive Services,259502,GASTRO SPECIALIST CARE WARD MT,Pay,Nursing,2024-03,,WTE,-0.56,"-£3,683.22",,,Gastroenterology,,Planned Pathways,Nursing & Midwifery Staff,Agency,-0.56,
,Digestive Services,259502,GASTRO SPECIALIST CARE WARD MT,Pay,Nursing,2024-03,,WTE,-6.32,"-£30,341.92",,,Gastroenterology,,Planned Pathways,Nursing & Midwifery Staff,Bank,-6.32,
,Digestive Services,259502,GASTRO SPECIALIST CARE WARD MT,Pay,Nursing,2024-03,,WTE,-30.07,"-£154,472.76",,,Gastroenterology,,Planned Pathways,Nursing & Midwifery Staff,Substantive,-30.07,
,Surgery,259503,ELECTIVE SURGERY WARD EH,Pay,Admin & Clerical,2023-11,,WTE,-1.44,"-£3,579.45",,,General Surgery,,Planned Pathways,Admin & Clerical Staff,Substantive,-1.44,
,Surgery,259503,ELECTIVE SURGERY WARD EH,Pay,Admin & Clerical,2023-12,,WTE,-0.05,-£144.11,,,General Surgery,,Planned Pathways,Admin & Clerical Staff,Bank,-0.05,
,Surgery,259503,ELECTIVE SURGERY WARD EH,Pay,Admin & Clerical,2023-12,,WTE,-1.44,"-£3,471.16",,,General Surgery,,Planned Pathways,Admin & Clerical Staff,Substantive,-1.44,
,Surgery,259503,ELECTIVE SURGERY WARD EH,Pay,Admin & Clerical,2024-01,,WTE,-0.05,-£144.11,,,General Surgery,,Planned Pathways,Admin & Clerical Staff,Bank,-0.05,
,Surgery,259503,ELECTIVE SURGERY WARD EH,Pay,Admin & Clerical,2024-01,,WTE,-1.44,"-£3,455.02",,,General Surgery,,Planned Pathways,Admin & Clerical Staff,Substantive,-1.44,
,Surgery,259503,ELECTIVE SURGERY WARD EH,Pay,Admin & Clerical,2024-02,,WTE,-0.10,-£293.02,,,General Surgery,,Planned Pathways,Admin & Clerical Staff,Bank,-0.10,
,Surgery,259503,ELECTIVE SURGERY WARD EH,Pay,Admin & Clerical,2024-02,,WTE,-1.44,"-£3,426.85",,,General Surgery,,Planned Pathways,Admin & Clerical Staff,Substantive,-1.44,
,Surgery,259503,ELECTIVE SURGERY WARD EH,Pay,Admin & Clerical,2024-03,,WTE,-1.44,"-£3,471.16",,,General Surgery,,Planned Pathways,Admin & Clerical Staff,Substantive,-1.44,
,Surgery,259503,ELECTIVE SURGERY WARD EH,Pay,Nursing,2023-11,,WTE,-0.90,"-£5,225.02",,,General Surgery,,Planned Pathways,Nursing & Midwifery Staff,Agency,-0.90,
,Surgery,259503,ELECTIVE SURGERY WARD EH,Pay,Nursing,2023-11,,WTE,-7.46,"-£38,109.80",,,General Surgery,,Planned Pathways,Nursing & Midwifery Staff,Bank,-7.46,
,Surgery,259503,ELECTIVE SURGERY WARD EH,Pay,Nursing,2023-11,,WTE,-20.16,"-£76,529.69",,,General Surgery,,Planned Pathways,Nursing & Midwifery Staff,Substantive,-20.16,
,Surgery,259503,ELECTIVE SURGERY WARD EH,Pay,Nursing,2023-12,,WTE,-0.07,-£696.50,,,General Surgery,,Planned Pathways,Nursing & Midwifery Staff,Agency,-0.07,
,Surgery,259503,ELECTIVE SURGERY WARD EH,Pay,Nursing,2023-12,,WTE,-6.85,"-£30,720.19",,,General Surgery,,Planned Pathways,Nursing & Midwifery Staff,Bank,-6.85,
,Surgery,259503,ELECTIVE SURGERY WARD EH,Pay,Nursing,2023-12,,WTE,-20.69,"-£77,371.04",,,General Surgery,,Planned Pathways,Nursing & Midwifery Staff,Substantive,-20.69,
,Surgery,259503,ELECTIVE SURGERY WARD EH,Pay,Nursing,2024-01,,WTE,-0.42,"-£2,260.50",,,General Surgery,,Planned Pathways,Nursing & Midwifery Staff,Agency,-0.42,
,Surgery,259503,ELECTIVE SURGERY WARD EH,Pay,Nursing,2024-01,,WTE,-7.04,"-£30,882.32",,,General Surgery,,Planned Pathways,Nursing & Midwifery Staff,Bank,-7.04,
,Surgery,259503,ELECTIVE SURGERY WARD EH,Pay,Nursing,2024-01,,WTE,-21.94,"-£88,578.56",,,General Surgery,,Planned Pathways,Nursing & Midwifery Staff,Substantive,-21.94,
,Surgery,259503,ELECTIVE SURGERY WARD EH,Pay,Nursing,2024-02,,WTE,-0.77,"-£3,910.70",,,General Surgery,,Planned Pathways,Nursing & Midwifery Staff,Agency,-0.77,
,Surgery,259503,ELECTIVE SURGERY WARD EH,Pay,Nursing,2024-02,,WTE,-9.72,"-£41,313.20",,,General Surgery,,Planned Pathways,Nursing & Midwifery Staff,Bank,-9.72,
,Surgery,259503,ELECTIVE SURGERY WARD EH,Pay,Nursing,2024-02,,WTE,-21.87,"-£81,408.87",,,General Surgery,,Planned Pathways,Nursing & Midwifery Staff,Substantive,-21.87,
,Surgery,259503,ELECTIVE SURGERY WARD EH,Pay,Nursing,2024-03,,WTE,-0.42,"-£1,965.16",,,General Surgery,,Planned Pathways,Nursing & Midwifery Staff,Agency,-0.42,
,Surgery,259503,ELECTIVE SURGERY WARD EH,Pay,Nursing,2024-03,,WTE,-5.60,"-£24,623.98",,,General Surgery,,Planned Pathways,Nursing & Midwifery Staff,Bank,-5.60,
,Surgery,259503,ELECTIVE SURGERY WARD EH,Pay,Nursing,2024-03,,WTE,-23.78,"-£119,528.44",,,General Surgery,,Planned Pathways,Nursing & Midwifery Staff,Substantive,-23.78,
,Surgery,259515,EMERGENCY SURGERY WARD AM,Pay,Admin & Clerical,2023-11,,WTE,-1.92,"-£4,995.45",,,General Surgery,,Planned Pathways,Admin & Clerical Staff,Substantive,-1.92,
,Surgery,259515,EMERGENCY SURGERY WARD AM,Pay,Admin & Clerical,2023-12,,WTE,-1.92,"-£4,899.71",,,General Surgery,,Planned Pathways,Admin & Clerical Staff,Substantive,-1.92,
,Surgery,259515,EMERGENCY SURGERY WARD AM,Pay,Admin & Clerical,2024-01,,WTE,-1.92,"-£5,053.51",,,General Surgery,,Planned Pathways,Admin & Clerical Staff,Substantive,-1.92,
,Surgery,259515,EMERGENCY SURGERY WARD AM,Pay,Admin & Clerical,2024-02,,WTE,-1.92,"-£5,040.66",,,General Surgery,,Planned Pathways,Admin & Clerical Staff,Substantive,-1.92,
,Surgery,259515,EMERGENCY SURGERY WARD AM,Pay,Admin & Clerical,2024-03,,WTE,-0.32,-£955.88,,,General Surgery,,Planned Pathways,Admin & Clerical Staff,Bank,-0.32,
,Surgery,259515,EMERGENCY SURGERY WARD AM,Pay,Admin & Clerical,2024-03,,WTE,-1.92,"-£5,057.18",,,General Surgery,,Planned Pathways,Admin & Clerical Staff,Substantive,-1.92,
,Surgery,259515,EMERGENCY SURGERY WARD AM,Pay,Ancillary,2023-11,,WTE,-1.00,"-£6,590.66",,,General Surgery,,Planned Pathways,"HCA, Other Support & Ancillary Staff",Substantive,-1.00,
,Surgery,259515,EMERGENCY SURGERY WARD AM,Pay,Ancillary,2023-12,,WTE,0.00,"£6,590.66",,,General Surgery,,Planned Pathways,"HCA, Other Support & Ancillary Staff",Substantive,0.00,
,Surgery,259515,EMERGENCY SURGERY WARD AM,Pay,Nursing,2023-11,,WTE,-0.84,"-£5,318.06",,,General Surgery,,Planned Pathways,Nursing & Midwifery Staff,Agency,-0.84,
,Surgery,259515,EMERGENCY SURGERY WARD AM,Pay,Nursing,2023-11,,WTE,-8.88,"-£44,152.29",,,General Surgery,,Planned Pathways,Nursing & Midwifery Staff,Bank,-8.88,
,Surgery,259515,EMERGENCY SURGERY WARD AM,Pay,Nursing,2023-11,,WTE,-26.02,"-£89,671.30",,,General Surgery,,Planned Pathways,Nursing & Midwifery Staff,Substantive,-26.02,
,Surgery,259515,EMERGENCY SURGERY WARD AM,Pay,Nursing,2023-12,,WTE,-0.56,"-£3,321.35",,,General Surgery,,Planned Pathways,Nursing & Midwifery Staff,Agency,-0.56,
,Surgery,259515,EMERGENCY SURGERY WARD AM,Pay,Nursing,2023-12,,WTE,-12.80,"-£52,619.20",,,General Surgery,,Planned Pathways,Nursing & Midwifery Staff,Bank,-12.80,
,Surgery,259515,EMERGENCY SURGERY WARD AM,Pay,Nursing,2023-12,,WTE,-26.14,"-£101,692.79",,,General Surgery,,Planned Pathways,Nursing & Midwifery Staff,Substantive,-26.14,
,Surgery,259515,EMERGENCY SURGERY WARD AM,Pay,Nursing,2024-01,,WTE,-1.26,"-£6,141.66",,,General Surgery,,Planned Pathways,Nursing & Midwifery Staff,Agency,-1.26,
,Surgery,259515,EMERGENCY SURGERY WARD AM,Pay,Nursing,2024-01,,WTE,-11.55,"-£48,310.01",,,General Surgery,,Planned Pathways,Nursing & Midwifery Staff,Bank,-11.55,
,Surgery,259515,EMERGENCY SURGERY WARD AM,Pay,Nursing,2024-01,,WTE,-26.43,"-£102,698.35",,,General Surgery,,Planned Pathways,Nursing & Midwifery Staff,Substantive,-26.43,
,Surgery,259515,EMERGENCY SURGERY WARD AM,Pay,Nursing,2024-02,,WTE,-1.54,"-£7,561.29",,,General Surgery,,Planned Pathways,Nursing & Midwifery Staff,Agency,-1.54,
,Surgery,259515,EMERGENCY SURGERY WARD AM,Pay,Nursing,2024-02,,WTE,-11.18,"-£48,514.67",,,General Surgery,,Planned Pathways,Nursing & Midwifery Staff,Bank,-11.18,
,Surgery,259515,EMERGENCY SURGERY WARD AM,Pay,Nursing,2024-02,,WTE,-26.72,"-£99,868.80",,,General Surgery,,Planned Pathways,Nursing & Midwifery Staff,Substantive,-26.72,
,Surgery,259515,EMERGENCY SURGERY WARD AM,Pay,Nursing,2024-03,,WTE,-0.56,"-£2,659.59",,,General Surgery,,Planned Pathways,Nursing & Midwifery Staff,Agency,-0.56,
,Surgery,259515,EMERGENCY SURGERY WARD AM,Pay,Nursing,2024-03,,WTE,-11.92,"-£54,267.50",,,General Surgery,,Planned Pathways,Nursing & Midwifery Staff,Bank,-11.92,
,Surgery,259515,EMERGENCY SURGERY WARD AM,Pay,Nursing,2024-03,,WTE,-27.76,"-£169,217.91",,,General Surgery,,Planned Pathways,Nursing & Midwifery Staff,Substantive,-27.76,
,Surgery,259516,EMERGENCY SURGERY WARD TA,Pay,Admin & Clerical,2023-11,,WTE,-0.03,-£100.87,,,General Surgery,,Planned Pathways,Admin & Clerical Staff,Bank,-0.03,
,Surgery,259516,EMERGENCY SURGERY WARD TA,Pay,Admin & Clerical,2023-11,,WTE,-1.64,"-£4,030.78",,,General Surgery,,Planned Pathways,Admin & Clerical Staff,Substantive,-1.64,
,Surgery,259516,EMERGENCY SURGERY WARD TA,Pay,Admin & Clerical,2023-12,,WTE,-1.64,"-£3,975.04",,,General Surgery,,Planned Pathways,Admin & Clerical Staff,Substantive,-1.64,
,Surgery,259516,EMERGENCY SURGERY WARD TA,Pay,Admin & Clerical,2024-01,,WTE,-0.07,-£201.73,,,General Surgery,,Planned Pathways,Admin & Clerical Staff,Bank,-0.07,
,Surgery,259516,EMERGENCY SURGERY WARD TA,Pay,Admin & Clerical,2024-01,,WTE,-1.64,"-£4,267.48",,,General Surgery,,Planned Pathways,Admin & Clerical Staff,Substantive,-1.64,
,Surgery,259516,EMERGENCY SURGERY WARD TA,Pay,Admin & Clerical,2024-02,,WTE,-0.08,-£738.75,,,General Surgery,,Planned Pathways,Admin & Clerical Staff,Bank,-0.08,
,Surgery,259516,EMERGENCY SURGERY WARD TA,Pay,Admin & Clerical,2024-02,,WTE,-1.09,"-£2,733.67",,,General Surgery,,Planned Pathways,Admin & Clerical Staff,Substantive,-1.09,
,Surgery,259516,EMERGENCY SURGERY WARD TA,Pay,Admin & Clerical,2024-03,,WTE,0.00,£24.96,,,General Surgery,,Planned Pathways,Admin & Clerical Staff,Bank,0.00,
,Surgery,259516,EMERGENCY SURGERY WARD TA,Pay,Admin & Clerical,2024-03,,WTE,-1.64,"-£5,320.73",,,General Surgery,,Planned Pathways,Admin & Clerical Staff,Substantive,-1.64,
,Surgery,259516,EMERGENCY SURGERY WARD TA,Pay,Nursing,2023-11,,WTE,-1.62,"-£9,506.20",,,General Surgery,,Planned Pathways,Nursing & Midwifery Staff,Agency,-1.62,
,Surgery,259516,EMERGENCY SURGERY WARD TA,Pay,Nursing,2023-11,,WTE,-8.01,"-£43,288.74",,,General Surgery,,Planned Pathways,Nursing & Midwifery Staff,Bank,-8.01,
,Surgery,259516,EMERGENCY SURGERY WARD TA,Pay,Nursing,2023-11,,WTE,-35.50,"-£124,100.27",,,General Surgery,,Planned Pathways,Nursing & Midwifery Staff,Substantive,-35.50,
,Surgery,259516,EMERGENCY SURGERY WARD TA,Pay,Nursing,2023-12,,WTE,-1.12,"-£4,999.92",,,General Surgery,,Planned Pathways,Nursing & Midwifery Staff,Agency,-1.12,
,Surgery,259516,EMERGENCY SURGERY WARD TA,Pay,Nursing,2023-12,,WTE,-10.79,"-£42,932.49",,,General Surgery,,Planned Pathways,Nursing & Midwifery Staff,Bank,-10.79,
,Surgery,259516,EMERGENCY SURGERY WARD TA,Pay,Nursing,2023-12,,WTE,-35.40,"-£122,006.89",,,General Surgery,,Planned Pathways,Nursing & Midwifery Staff,Substantive,-35.40,
,Surgery,259516,EMERGENCY SURGERY WARD TA,Pay,Nursing,2024-01,,WTE,-1.04,"-£5,041.36",,,General Surgery,,Planned Pathways,Nursing & Midwifery Staff,Agency,-1.04,
,Surgery,259516,EMERGENCY SURGERY WARD TA,Pay,Nursing,2024-01,,WTE,-10.98,"-£50,702.99",,,General Surgery,,Planned Pathways,Nursing & Midwifery Staff,Bank,-10.98,
,Surgery,259516,EMERGENCY SURGERY WARD TA,Pay,Nursing,2024-01,,WTE,-34.59,"-£133,648.76",,,General Surgery,,Planned Pathways,Nursing & Midwifery Staff,Substantive,-34.59,
,Surgery,259516,EMERGENCY SURGERY WARD TA,Pay,Nursing,2024-02,,WTE,-0.77,"-£3,721.46",,,General Surgery,,Planned Pathways,Nursing & Midwifery Staff,Agency,-0.77,
,Surgery,259516,EMERGENCY SURGERY WARD TA,Pay,Nursing,2024-02,,WTE,-8.05,"-£36,083.29",,,General Surgery,,Planned Pathways,Nursing & Midwifery Staff,Bank,-8.05,
,Surgery,259516,EMERGENCY SURGERY WARD TA,Pay,Nursing,2024-02,,WTE,-34.33,"-£120,957.75",,,General Surgery,,Planned Pathways,Nursing & Midwifery Staff,Substantive,-34.33,
,Surgery,259516,EMERGENCY SURGERY WARD TA,Pay,Nursing,2024-03,,WTE,-0.21,"-£1,232.70",,,General Surgery,,Planned Pathways,Nursing & Midwifery Staff,Agency,-0.21,
,Surgery,259516,EMERGENCY SURGERY WARD TA,Pay,Nursing,2024-03,,WTE,-11.72,"-£53,036.50",,,General Surgery,,Planned Pathways,Nursing & Midwifery Staff,Bank,-11.72,
,Surgery,259516,EMERGENCY SURGERY WARD TA,Pay,Nursing,2024-03,,WTE,-35.29,"-£217,601.48",,,General Surgery,,Planned Pathways,Nursing & Midwifery Staff,Substantive,-35.29,
,"Critical Care, theatres and Anaesthetics",259517,PRE-OP ASSESSMENT NURSING,Pay,Admin & Clerical,2023-11,,WTE,0.00,£226.30,,,Theatres & Anaesthesia,,Planned Pathways,Admin & Clerical Staff,Bank,0.00,
,"Critical Care, theatres and Anaesthetics",259517,PRE-OP ASSESSMENT NURSING,Pay,Admin & Clerical,2023-11,,WTE,-2.00,"-£4,873.44",,,Theatres & Anaesthesia,,Planned Pathways,Admin & Clerical Staff,Substantive,-2.00,
,"Critical Care, theatres and Anaesthetics",259517,PRE-OP ASSESSMENT NURSING,Pay,Admin & Clerical,2023-12,,WTE,-2.00,"-£4,873.44",,,Theatres & Anaesthesia,,Planned Pathways,Admin & Clerical Staff,Substantive,-2.00,
,"Critical Care, theatres and Anaesthetics",259517,PRE-OP ASSESSMENT NURSING,Pay,Admin & Clerical,2024-01,,WTE,-2.00,"-£4,873.44",,,Theatres & Anaesthesia,,Planned Pathways,Admin & Clerical Staff,Substantive,-2.00,
,"Critical Care, theatres and Anaesthetics",259517,PRE-OP ASSESSMENT NURSING,Pay,Admin & Clerical,2024-02,,WTE,0.00,£9.62,,,Theatres & Anaesthesia,,Planned Pathways,Admin & Clerical Staff,Bank,0.00,
,"Critical Care, theatres and Anaesthetics",259517,PRE-OP ASSESSMENT NURSING,Pay,Admin & Clerical,2024-02,,WTE,-2.00,"-£4,873.44",,,Theatres & Anaesthesia,,Planned Pathways,Admin & Clerical Staff,Substantive,-2.00,
,"Critical Care, theatres and Anaesthetics",259517,PRE-OP ASSESSMENT NURSING,Pay,Admin & Clerical,2024-03,,WTE,-2.00,"-£4,873.44",,,Theatres & Anaesthesia,,Planned Pathways,Admin & Clerical Staff,Substantive,-2.00,
,"Critical Care, theatres and Anaesthetics",259517,PRE-OP ASSESSMENT NURSING,Pay,Nursing,2023-11,,WTE,-0.85,"-£4,751.12",,,Theatres & Anaesthesia,,Planned Pathways,Nursing & Midwifery Staff,Bank,-0.85,
,"Critical Care, theatres and Anaesthetics",259517,PRE-OP ASSESSMENT NURSING,Pay,Nursing,2023-11,,WTE,-9.85,"-£35,051.47",,,Theatres & Anaesthesia,,Planned Pathways,Nursing & Midwifery Staff,Substantive,-9.85,
,"Critical Care, theatres and Anaesthetics",259517,PRE-OP ASSESSMENT NURSING,Pay,Nursing,2023-12,,WTE,-0.89,"-£3,826.32",,,Theatres & Anaesthesia,,Planned Pathways,Nursing & Midwifery Staff,Bank,-0.89,
,"Critical Care, theatres and Anaesthetics",259517,PRE-OP ASSESSMENT NURSING,Pay,Nursing,2023-12,,WTE,-9.62,"-£34,947.11",,,Theatres & Anaesthesia,,Planned Pathways,Nursing & Midwifery Staff,Substantive,-9.62,
,"Critical Care, theatres and Anaesthetics",259517,PRE-OP ASSESSMENT NURSING,Pay,Nursing,2024-01,,WTE,-0.88,"-£3,821.44",,,Theatres & Anaesthesia,,Planned Pathways,Nursing & Midwifery Staff,Bank,-0.88,
,"Critical Care, theatres and Anaesthetics",259517,PRE-OP ASSESSMENT NURSING,Pay,Nursing,2024-01,,WTE,-9.77,"-£32,720.23",,,Theatres & Anaesthesia,,Planned Pathways,Nursing & Midwifery Staff,Substantive,-9.77,
,"Critical Care, theatres and Anaesthetics",259517,PRE-OP ASSESSMENT NURSING,Pay,Nursing,2024-02,,WTE,-0.79,"-£3,224.38",,,Theatres & Anaesthesia,,Planned Pathways,Nursing & Midwifery Staff,Bank,-0.79,
,"Critical Care, theatres and Anaesthetics",259517,PRE-OP ASSESSMENT NURSING,Pay,Nursing,2024-02,,WTE,-9.82,"-£34,909.57",,,Theatres & Anaesthesia,,Planned Pathways,Nursing & Midwifery Staff,Substantive,-9.82,
,"Critical Care, theatres and Anaesthetics",259517,PRE-OP ASSESSMENT NURSING,Pay,Nursing,2024-03,,WTE,-0.84,"-£3,801.50",,,Theatres & Anaesthesia,,Planned Pathways,Nursing & Midwifery Staff,Bank,-0.84,
,"Critical Care, theatres and Anaesthetics",259517,PRE-OP ASSESSMENT NURSING,Pay,Nursing,2024-03,,WTE,-9.80,"-£50,313.34",,,Theatres & Anaesthesia,,Planned Pathways,Nursing & Midwifery Staff,Substantive,-9.80,
,Planned Pathways Management,259518,SPECIALIST NURSING,Pay,Admin & Clerical,2023-11,,WTE,-1.61,"-£4,133.61",,,Planned Pathways Management,,Planned Pathways,Admin & Clerical Staff,Substantive,-1.61,
,Planned Pathways Management,259518,SPECIALIST NURSING,Pay,Admin & Clerical,2023-12,,WTE,0.00,£0.48,,,Planned Pathways Management,,Planned Pathways,Admin & Clerical Staff,Bank,0.00,
,Planned Pathways Management,259518,SPECIALIST NURSING,Pay,Admin & Clerical,2023-12,,WTE,-1.61,"-£4,133.61",,,Planned Pathways Management,,Planned Pathways,Admin & Clerical Staff,Substantive,-1.61,
,Planned Pathways Management,259518,SPECIALIST NURSING,Pay,Admin & Clerical,2024-01,,WTE,-0.08,-£482.90,,,Planned Pathways Management,,Planned Pathways,Admin & Clerical Staff,Bank,-0.08,
,Planned Pathways Management,259518,SPECIALIST NURSING,Pay,Admin & Clerical,2024-01,,WTE,-1.40,"-£3,618.48",,,Planned Pathways Management,,Planned Pathways,Admin & Clerical Staff,Substantive,-1.40,
,Planned Pathways Management,259518,SPECIALIST NURSING,Pay,Admin & Clerical,2024-02,,WTE,-0.32,"-£2,153.77",,,Planned Pathways Management,,Planned Pathways,Admin & Clerical Staff,Bank,-0.32,
,Planned Pathways Management,259518,SPECIALIST NURSING,Pay,Admin & Clerical,2024-02,,WTE,-1.40,"-£3,618.48",,,Planned Pathways Management,,Planned Pathways,Admin & Clerical Staff,Substantive,-1.40,
,Planned Pathways Management,259518,SPECIALIST NURSING,Pay,Admin & Clerical,2024-03,,WTE,-0.16,"-£1,245.98",,,Planned Pathways Management,,Planned Pathways,Admin & Clerical Staff,Bank,-0.16,
,Planned Pathways Management,259518,SPECIALIST NURSING,Pay,Admin & Clerical,2024-03,,WTE,-1.40,"-£3,618.48",,,Planned Pathways Management,,Planned Pathways,Admin & Clerical Staff,Substantive,-1.40,
,Planned Pathways Management,259518,SPECIALIST NURSING,Pay,Nursing,2023-11,,WTE,-1.14,"-£8,631.76",,,Planned Pathways Management,,Planned Pathways,Nursing & Midwifery Staff,Bank,-1.14,
,Planned Pathways Management,259518,SPECIALIST NURSING,Pay,Nursing,2023-11,,WTE,-10.26,"-£49,708.10",,,Planned Pathways Management,,Planned Pathways,Nursing & Midwifery Staff,Substantive,-10.26,
,Planned Pathways Management,259518,SPECIALIST NURSING,Pay,Nursing,2023-12,,WTE,-0.60,"-£4,533.71",,,Planned Pathways Management,,Planned Pathways,Nursing & Midwifery Staff,Bank,-0.60,
,Planned Pathways Management,259518,SPECIALIST NURSING,Pay,Nursing,2023-12,,WTE,-10.20,"-£49,787.62",,,Planned Pathways Management,,Planned Pathways,Nursing & Midwifery Staff,Substantive,-10.20,
,Planned Pathways Management,259518,SPECIALIST NURSING,Pay,Nursing,2024-01,,WTE,-0.42,"-£4,921.29",,,Planned Pathways Management,,Planned Pathways,Nursing & Midwifery Staff,Bank,-0.42,
,Planned Pathways Management,259518,SPECIALIST NURSING,Pay,Nursing,2024-01,,WTE,-10.20,"-£49,581.96",,,Planned Pathways Management,,Planned Pathways,Nursing & Midwifery Staff,Substantive,-10.20,
,Planned Pathways Management,259518,SPECIALIST NURSING,Pay,Nursing,2024-02,,WTE,-0.49,"-£2,636.41",,,Planned Pathways Management,,Planned Pathways,Nursing & Midwifery Staff,Bank,-0.49,
,Planned Pathways Management,259518,SPECIALIST NURSING,Pay,Nursing,2024-02,,WTE,-11.20,"-£53,294.45",,,Planned Pathways Management,,Planned Pathways,Nursing & Midwifery Staff,Substantive,-11.20,
,Planned Pathways Management,259518,SPECIALIST NURSING,Pay,Nursing,2024-03,,WTE,-0.79,"-£7,036.42",,,Planned Pathways Management,,Planned Pathways,Nursing & Midwifery Staff,Bank,-0.79,
,Planned Pathways Management,259518,SPECIALIST NURSING,Pay,Nursing,2024-03,,WTE,-11.20,"-£54,481.99",,,Planned Pathways Management,,Planned Pathways,Nursing & Midwifery Staff,Substantive,-11.20,
,Planned Pathways Management,259518,SPECIALIST NURSING,Pay,"Scientific, Therapeutic & Tech",2023-11,,WTE,-0.04,"-£1,007.32",,,Planned Pathways Management,,Planned Pathways,"Scientific, Therapeutic & Technical Staff",Bank,-0.04,
,Planned Pathways Management,259518,SPECIALIST NURSING,Pay,"Scientific, Therapeutic & Tech",2023-11,,WTE,-1.00,"-£5,457.02",,,Planned Pathways Management,,Planned Pathways,"Scientific, Therapeutic & Technical Staff",Substantive,-1.00,
,Planned Pathways Management,259518,SPECIALIST NURSING,Pay,"Scientific, Therapeutic & Tech",2023-12,,WTE,-1.00,"-£5,457.02",,,Planned Pathways Management,,Planned Pathways,"Scientific, Therapeutic & Technical Staff",Substantive,-1.00,
,Planned Pathways Management,259518,SPECIALIST NURSING,Pay,"Scientific, Therapeutic & Tech",2024-01,,WTE,-1.00,"-£5,457.02",,,Planned Pathways Management,,Planned Pathways,"Scientific, Therapeutic & Technical Staff",Substantive,-1.00,
,Planned Pathways Management,259518,SPECIALIST NURSING,Pay,"Scientific, Therapeutic & Tech",2024-02,,WTE,-0.10,-£713.60,,,Planned Pathways Management,,Planned Pathways,"Scientific, Therapeutic & Technical Staff",Bank,-0.10,
,Planned Pathways Management,259518,SPECIALIST NURSING,Pay,"Scientific, Therapeutic & Tech",2024-02,,WTE,-1.00,"-£5,457.02",,,Planned Pathways Management,,Planned Pathways,"Scientific, Therapeutic & Technical Staff",Substantive,-1.00,
,Planned Pathways Management,259518,SPECIALIST NURSING,Pay,"Scientific, Therapeutic & Tech",2024-03,,WTE,0.00,£0.08,,,Planned Pathways Management,,Planned Pathways,"Scientific, Therapeutic & Technical Staff",Bank,0.00,
,Planned Pathways Management,259518,SPECIALIST NURSING,Pay,"Scientific, Therapeutic & Tech",2024-03,,WTE,-1.00,"-£5,457.02",,,Planned Pathways Management,,Planned Pathways,"Scientific, Therapeutic & Technical Staff",Substantive,-1.00,
,Surgery,259519,GENERAL SURGERY MEDICAL STAFFING,Pay,Medical,2023-11,,WTE,-5.95,"-£67,688.76",,,General Surgery,,Planned Pathways,Medical Staff,Agency,-5.95,
,Surgery,259519,GENERAL SURGERY MEDICAL STAFFING,Pay,Medical,2023-11,,WTE,-0.46,"-£17,960.14",,,General Surgery,,Planned Pathways,Medical Staff,Bank,-0.46,
,Surgery,259519,GENERAL SURGERY MEDICAL STAFFING,Pay,Medical,2023-11,,WTE,-39.65,"-£274,672.41",,,General Surgery,,Planned Pathways,Medical Staff,Substantive,-39.65,
,Surgery,259519,GENERAL SURGERY MEDICAL STAFFING,Pay,Medical,2023-12,,WTE,-4.13,"-£40,438.74",,,General Surgery,,Planned Pathways,Medical Staff,Agency,-4.13,
,Surgery,259519,GENERAL SURGERY MEDICAL STAFFING,Pay,Medical,2023-12,,WTE,-2.15,"-£29,358.87",,,General Surgery,,Planned Pathways,Medical Staff,Bank,-2.15,
,Surgery,259519,GENERAL SURGERY MEDICAL STAFFING,Pay,Medical,2023-12,,WTE,-40.26,"-£306,293.09",,,General Surgery,,Planned Pathways,Medical Staff,Substantive,-40.26,
,Surgery,259519,GENERAL SURGERY MEDICAL STAFFING,Pay,Medical,2024-01,,WTE,-7.46,"-£78,549.04",,,General Surgery,,Planned Pathways,Medical Staff,Agency,-7.46,
,Surgery,259519,GENERAL SURGERY MEDICAL STAFFING,Pay,Medical,2024-01,,WTE,-1.97,"-£26,279.26",,,General Surgery,,Planned Pathways,Medical Staff,Bank,-1.97,
,Surgery,259519,GENERAL SURGERY MEDICAL STAFFING,Pay,Medical,2024-01,,WTE,-37.90,"-£277,222.75",,,General Surgery,,Planned Pathways,Medical Staff,Substantive,-37.90,
,Surgery,259519,GENERAL SURGERY MEDICAL STAFFING,Pay,Medical,2024-02,,WTE,-6.95,"-£87,144.18",,,General Surgery,,Planned Pathways,Medical Staff,Agency,-6.95,
,Surgery,259519,GENERAL SURGERY MEDICAL STAFFING,Pay,Medical,2024-02,,WTE,-1.83,"-£34,747.85",,,General Surgery,,Planned Pathways,Medical Staff,Bank,-1.83,
,Surgery,259519,GENERAL SURGERY MEDICAL STAFFING,Pay,Medical,2024-02,,WTE,-35.59,"-£294,405.28",,,General Surgery,,Planned Pathways,Medical Staff,Substantive,-35.59,
,Surgery,259519,GENERAL SURGERY MEDICAL STAFFING,Pay,Medical,2024-03,,WTE,-5.54,"-£63,403.92",,,General Surgery,,Planned Pathways,Medical Staff,Agency,-5.54,
,Surgery,259519,GENERAL SURGERY MEDICAL STAFFING,Pay,Medical,2024-03,,WTE,-1.47,"-£14,448.26",,,General Surgery,,Planned Pathways,Medical Staff,Bank,-1.47,
,Surgery,259519,GENERAL SURGERY MEDICAL STAFFING,Pay,Medical,2024-03,,WTE,-38.25,"-£368,922.97",,,General Surgery,,Planned Pathways,Medical Staff,Substantive,-38.25,
,Surgery,259519,GENERAL SURGERY MEDICAL STAFFING,Pay,"Scientific, Therapeutic & Tech",2023-11,,WTE,-3.00,"-£18,582.01",,,General Surgery,,Planned Pathways,"Scientific, Therapeutic & Technical Staff",Substantive,-3.00,
,Surgery,259519,GENERAL SURGERY MEDICAL STAFFING,Pay,"Scientific, Therapeutic & Tech",2023-12,,WTE,-2.00,£548.27,,,General Surgery,,Planned Pathways,"Scientific, Therapeutic & Technical Staff",Substantive,-2.00,
,Surgery,259519,GENERAL SURGERY MEDICAL STAFFING,Pay,"Scientific, Therapeutic & Tech",2024-01,,WTE,-2.00,"-£9,016.87",,,General Surgery,,Planned Pathways,"Scientific, Therapeutic & Technical Staff",Substantive,-2.00,
,Surgery,259519,GENERAL SURGERY MEDICAL STAFFING,Pay,"Scientific, Therapeutic & Tech",2024-02,,WTE,-2.00,"-£9,986.17",,,General Surgery,,Planned Pathways,"Scientific, Therapeutic & Technical Staff",Substantive,-2.00,
,Surgery,259519,GENERAL SURGERY MEDICAL STAFFING,Pay,"Scientific, Therapeutic & Tech",2024-03,,WTE,-1.00,"-£10,278.70",,,General Surgery,,Planned Pathways,"Scientific, Therapeutic & Technical Staff",Substantive,-1.00,
,Surgery,259521,VASCULAR SURGERY MEDICAL STAFFING,Pay,Medical,2023-11,,WTE,-1.48,"-£31,192.78",,,Vascular Surgery,,Planned Pathways,Medical Staff,Agency,-1.48,
,Surgery,259521,VASCULAR SURGERY MEDICAL STAFFING,Pay,Medical,2023-11,,WTE,-7.34,"-£43,272.50",,,Vascular Surgery,,Planned Pathways,Medical Staff,Substantive,-7.34,
,Surgery,259521,VASCULAR SURGERY MEDICAL STAFFING,Pay,Medical,2023-12,,WTE,-2.55,"-£32,860.77",,,Vascular Surgery,,Planned Pathways,Medical Staff,Agency,-2.55,
,Surgery,259521,VASCULAR SURGERY MEDICAL STAFFING,Pay,Medical,2023-12,,WTE,-6.64,"-£41,392.52",,,Vascular Surgery,,Planned Pathways,Medical Staff,Substantive,-6.64,
,Surgery,259521,VASCULAR SURGERY MEDICAL STAFFING,Pay,Medical,2024-01,,WTE,-2.82,"-£40,499.74",,,Vascular Surgery,,Planned Pathways,Medical Staff,Agency,-2.82,
,Surgery,259521,VASCULAR SURGERY MEDICAL STAFFING,Pay,Medical,2024-01,,WTE,-6.42,"-£39,784.35",,,Vascular Surgery,,Planned Pathways,Medical Staff,Substantive,-6.42,
,Surgery,259521,VASCULAR SURGERY MEDICAL STAFFING,Pay,Medical,2024-02,,WTE,-2.03,"-£34,262.23",,,Vascular Surgery,,Planned Pathways,Medical Staff,Agency,-2.03,
,Surgery,259521,VASCULAR SURGERY MEDICAL STAFFING,Pay,Medical,2024-02,,WTE,-6.99,"-£42,587.64",,,Vascular Surgery,,Planned Pathways,Medical Staff,Substantive,-6.99,
,Surgery,259521,VASCULAR SURGERY MEDICAL STAFFING,Pay,Medical,2024-03,,WTE,-2.07,"-£34,269.52",,,Vascular Surgery,,Planned Pathways,Medical Staff,Agency,-2.07,
,Surgery,259521,VASCULAR SURGERY MEDICAL STAFFING,Pay,Medical,2024-03,,WTE,-7.10,"-£44,102.98",,,Vascular Surgery,,Planned Pathways,Medical Staff,Substantive,-7.10,
,Surgery,259521,VASCULAR SURGERY MEDICAL STAFFING,Pay,Nursing,2023-11,,WTE,-2.00,"-£10,914.04",,,Vascular Surgery,,Planned Pathways,Nursing & Midwifery Staff,Substantive,-2.00,
,Surgery,259521,VASCULAR SURGERY MEDICAL STAFFING,Pay,Nursing,2023-12,,WTE,-2.00,"-£10,938.65",,,Vascular Surgery,,Planned Pathways,Nursing & Midwifery Staff,Substantive,-2.00,
,Surgery,259521,VASCULAR SURGERY MEDICAL STAFFING,Pay,Nursing,2024-01,,WTE,-2.00,"-£10,914.04",,,Vascular Surgery,,Planned Pathways,Nursing & Midwifery Staff,Substantive,-2.00,
,Surgery,259521,VASCULAR SURGERY MEDICAL STAFFING,Pay,Nursing,2024-02,,WTE,-2.00,"-£10,914.04",,,Vascular Surgery,,Planned Pathways,Nursing & Midwifery Staff,Substantive,-2.00,
,Surgery,259521,VASCULAR SURGERY MEDICAL STAFFING,Pay,Nursing,2024-03,,WTE,-2.00,"-£10,914.04",,,Vascular Surgery,,Planned Pathways,Nursing & Midwifery Staff,Substantive,-2.00,
,Digestive Services,259522,GENERAL SURGERY RECOVERY,Pay,Medical,2023-11,,WTE,-0.17,"-£6,938.66",,,Colorectal Surgery,,Planned Pathways,Medical Staff,Substantive,-0.17,
,Digestive Services,259522,GENERAL SURGERY RECOVERY,Pay,Medical,2023-12,,WTE,-0.31,-£683.00,,,Colorectal Surgery,,Planned Pathways,Medical Staff,Substantive,-0.31,
,Digestive Services,259522,GENERAL SURGERY RECOVERY,Pay,Medical,2024-01,,WTE,-0.31,"-£9,434.88",,,Colorectal Surgery,,Planned Pathways,Medical Staff,Substantive,-0.31,
,Digestive Services,259522,GENERAL SURGERY RECOVERY,Pay,Medical,2024-02,,WTE,-0.12,"-£3,649.26",,,Colorectal Surgery,,Planned Pathways,Medical Staff,Substantive,-0.12,
,Digestive Services,259522,GENERAL SURGERY RECOVERY,Pay,Medical,2024-03,,WTE,-0.08,"£2,734.47",,,Colorectal Surgery,,Planned Pathways,Medical Staff,Substantive,-0.08,
,Surgery,259523,UROLOGY OAK UNIT,Pay,Nursing,2023-11,,WTE,-0.92,"-£5,931.86",,,Urology,,Planned Pathways,Nursing & Midwifery Staff,Bank,-0.92,
,Surgery,259523,UROLOGY OAK UNIT,Pay,Nursing,2023-11,,WTE,-8.19,"-£27,497.08",,,Urology,,Planned Pathways,Nursing & Midwifery Staff,Substantive,-8.19,
,Surgery,259523,UROLOGY OAK UNIT,Pay,Nursing,2023-12,,WTE,-1.30,"-£5,065.01",,,Urology,,Planned Pathways,Nursing & Midwifery Staff,Bank,-1.30,
,Surgery,259523,UROLOGY OAK UNIT,Pay,Nursing,2023-12,,WTE,-7.73,"-£26,798.91",,,Urology,,Planned Pathways,Nursing & Midwifery Staff,Substantive,-7.73,
,Surgery,259523,UROLOGY OAK UNIT,Pay,Nursing,2024-01,,WTE,-0.38,"-£1,708.80",,,Urology,,Planned Pathways,Nursing & Midwifery Staff,Bank,-0.38,
,Surgery,259523,UROLOGY OAK UNIT,Pay,Nursing,2024-01,,WTE,-7.73,"-£26,462.49",,,Urology,,Planned Pathways,Nursing & Midwifery Staff,Substantive,-7.73,
,Surgery,259523,UROLOGY OAK UNIT,Pay,Nursing,2024-02,,WTE,-0.78,"-£4,401.56",,,Urology,,Planned Pathways,Nursing & Midwifery Staff,Bank,-0.78,
,Surgery,259523,UROLOGY OAK UNIT,Pay,Nursing,2024-02,,WTE,-8.73,"-£31,915.59",,,Urology,,Planned Pathways,Nursing & Midwifery Staff,Substantive,-8.73,
,Surgery,259523,UROLOGY OAK UNIT,Pay,Nursing,2024-03,,WTE,-0.58,"-£3,237.73",,,Urology,,Planned Pathways,Nursing & Midwifery Staff,Bank,-0.58,
,Surgery,259523,UROLOGY OAK UNIT,Pay,Nursing,2024-03,,WTE,-8.73,"-£57,949.70",,,Urology,,Planned Pathways,Nursing & Midwifery Staff,Substantive,-8.73,
,Surgery,259524,UROLOGY MEDICAL STAFFING,Pay,Admin & Clerical,2024-01,,WTE,0.01,£0.00,,,Urology,,Planned Pathways,Admin & Clerical Staff,Substantive,0.01,
,Surgery,259524,UROLOGY MEDICAL STAFFING,Pay,Medical,2023-11,,WTE,-4.89,"-£51,362.63",,,Urology,,Planned Pathways,Medical Staff,Agency,-4.89,
,Surgery,259524,UROLOGY MEDICAL STAFFING,Pay,Medical,2023-11,,WTE,-1.62,"-£72,304.00",,,Urology,,Planned Pathways,Medical Staff,Bank,-1.62,
,Surgery,259524,UROLOGY MEDICAL STAFFING,Pay,Medical,2023-11,,WTE,-15.92,"-£129,243.46",,,Urology,,Planned Pathways,Medical Staff,Substantive,-15.92,
,Surgery,259524,UROLOGY MEDICAL STAFFING,Pay,Medical,2023-12,,WTE,-3.99,"-£39,037.80",,,Urology,,Planned Pathways,Medical Staff,Agency,-3.99,
,Surgery,259524,UROLOGY MEDICAL STAFFING,Pay,Medical,2023-12,,WTE,-2.38,"-£68,147.15",,,Urology,,Planned Pathways,Medical Staff,Bank,-2.38,
,Surgery,259524,UROLOGY MEDICAL STAFFING,Pay,Medical,2023-12,,WTE,-18.05,"-£142,787.27",,,Urology,,Planned Pathways,Medical Staff,Substantive,-18.05,
,Surgery,259524,UROLOGY MEDICAL STAFFING,Pay,Medical,2024-01,,WTE,-4.71,"-£49,354.50",,,Urology,,Planned Pathways,Medical Staff,Agency,-4.71,
,Surgery,259524,UROLOGY MEDICAL STAFFING,Pay,Medical,2024-01,,WTE,-2.08,"-£74,235.29",,,Urology,,Planned Pathways,Medical Staff,Bank,-2.08,
,Surgery,259524,UROLOGY MEDICAL STAFFING,Pay,Medical,2024-01,,WTE,-16.52,"-£99,154.88",,,Urology,,Planned Pathways,Medical Staff,Substantive,-16.52,
,Surgery,259524,UROLOGY MEDICAL STAFFING,Pay,Medical,2024-02,,WTE,-4.09,"-£42,552.92",,,Urology,,Planned Pathways,Medical Staff,Agency,-4.09,
,Surgery,259524,UROLOGY MEDICAL STAFFING,Pay,Medical,2024-02,,WTE,-1.61,"-£55,231.14",,,Urology,,Planned Pathways,Medical Staff,Bank,-1.61,
,Surgery,259524,UROLOGY MEDICAL STAFFING,Pay,Medical,2024-02,,WTE,-16.08,"-£121,319.04",,,Urology,,Planned Pathways,Medical Staff,Substantive,-16.08,
,Surgery,259524,UROLOGY MEDICAL STAFFING,Pay,Medical,2024-03,,WTE,-4.28,"-£43,774.68",,,Urology,,Planned Pathways,Medical Staff,Agency,-4.28,
,Surgery,259524,UROLOGY MEDICAL STAFFING,Pay,Medical,2024-03,,WTE,-2.04,"-£22,978.53",,,Urology,,Planned Pathways,Medical Staff,Bank,-2.04,
,Surgery,259524,UROLOGY MEDICAL STAFFING,Pay,Medical,2024-03,,WTE,-15.32,"-£154,290.32",,,Urology,,Planned Pathways,Medical Staff,Substantive,-15.32,
,Surgery,259525,UROLOGY RECOVERY,Pay,Medical,2023-11,,WTE,0.00,-£754.41,,,Urology,,Planned Pathways,Medical Staff,Substantive,0.00,
,Surgery,259525,UROLOGY RECOVERY,Pay,Medical,2023-12,,WTE,-0.37,"-£11,060.01",,,Urology,,Planned Pathways,Medical Staff,Substantive,-0.37,
,Surgery,259525,UROLOGY RECOVERY,Pay,Medical,2024-01,,WTE,0.00,"£3,329.52",,,Urology,,Planned Pathways,Medical Staff,Substantive,0.00,
,Surgery,259525,UROLOGY RECOVERY,Pay,Medical,2024-02,,WTE,-0.40,"-£7,396.00",,,Urology,,Planned Pathways,Medical Staff,Substantive,-0.40,
,Surgery,259525,UROLOGY RECOVERY,Pay,Medical,2024-03,,WTE,-0.16,"-£39,697.38",,,Urology,,Planned Pathways,Medical Staff,Substantive,-0.16,
,MSK and ENT,259526,ENT MEDICAL STAFFING,Pay,Medical,2023-11,,WTE,-1.14,"-£22,406.85",,,ENT,,Planned Pathways,Medical Staff,Agency,-1.14,
,MSK and ENT,259526,ENT MEDICAL STAFFING,Pay,Medical,2023-11,,WTE,-10.50,"-£89,938.42",,,ENT,,Planned Pathways,Medical Staff,Substantive,-10.50,
,MSK and ENT,259526,ENT MEDICAL STAFFING,Pay,Medical,2023-12,,WTE,-0.76,"-£14,279.02",,,ENT,,Planned Pathways,Medical Staff,Agency,-0.76,
,MSK and ENT,259526,ENT MEDICAL STAFFING,Pay,Medical,2023-12,,WTE,-8.44,"-£14,685.30",,,ENT,,Planned Pathways,Medical Staff,Substantive,-8.44,
,MSK and ENT,259526,ENT MEDICAL STAFFING,Pay,Medical,2024-01,,WTE,-0.99,"-£16,768.85",,,ENT,,Planned Pathways,Medical Staff,Agency,-0.99,
,MSK and ENT,259526,ENT MEDICAL STAFFING,Pay,Medical,2024-01,,WTE,-8.60,"-£84,356.79",,,ENT,,Planned Pathways,Medical Staff,Substantive,-8.60,
,MSK and ENT,259526,ENT MEDICAL STAFFING,Pay,Medical,2024-02,,WTE,-1.07,"-£20,446.83",,,ENT,,Planned Pathways,Medical Staff,Agency,-1.07,
,MSK and ENT,259526,ENT MEDICAL STAFFING,Pay,Medical,2024-02,,WTE,-8.75,"-£74,830.62",,,ENT,,Planned Pathways,Medical Staff,Substantive,-8.75,
,MSK and ENT,259526,ENT MEDICAL STAFFING,Pay,Medical,2024-03,,WTE,-1.11,"-£20,213.96",,,ENT,,Planned Pathways,Medical Staff,Agency,-1.11,
,MSK and ENT,259526,ENT MEDICAL STAFFING,Pay,Medical,2024-03,,WTE,-8.72,"-£92,313.26",,,ENT,,Planned Pathways,Medical Staff,Substantive,-8.72,
,MSK and ENT,259527,ENT RECOVERY,Pay,Medical,2023-11,,WTE,-0.30,"-£11,031.59",,,ENT,,Planned Pathways,Medical Staff,Substantive,-0.30,
,MSK and ENT,259527,ENT RECOVERY,Pay,Medical,2023-12,,WTE,-0.05,-£515.25,,,ENT,,Planned Pathways,Medical Staff,Substantive,-0.05,
,MSK and ENT,259527,ENT RECOVERY,Pay,Medical,2024-01,,WTE,-0.03,"-£1,371.49",,,ENT,,Planned Pathways,Medical Staff,Substantive,-0.03,
,MSK and ENT,259527,ENT RECOVERY,Pay,Medical,2024-02,,WTE,-0.10,"-£1,345.16",,,ENT,,Planned Pathways,Medical Staff,Substantive,-0.10,
,MSK and ENT,259527,ENT RECOVERY,Pay,Medical,2024-03,,WTE,-0.02,-£322.77,,,ENT,,Planned Pathways,Medical Staff,Substantive,-0.02,
,MSK and ENT,259528,ORAL SURGERY MEDICAL STAFFING,Pay,Medical,2023-11,,WTE,-1.92,"-£48,448.05",,,Oral and Maxillofacial Surgery,,Planned Pathways,Medical Staff,Bank,-1.92,
,MSK and ENT,259528,ORAL SURGERY MEDICAL STAFFING,Pay,Medical,2023-11,,WTE,-10.42,"-£85,643.78",,,Oral and Maxillofacial Surgery,,Planned Pathways,Medical Staff,Substantive,-10.42,
,MSK and ENT,259528,ORAL SURGERY MEDICAL STAFFING,Pay,Medical,2023-12,,WTE,-4.02,"-£59,592.17",,,Oral and Maxillofacial Surgery,,Planned Pathways,Medical Staff,Bank,-4.02,
,MSK and ENT,259528,ORAL SURGERY MEDICAL STAFFING,Pay,Medical,2023-12,,WTE,-11.39,"-£93,762.15",,,Oral and Maxillofacial Surgery,,Planned Pathways,Medical Staff,Substantive,-11.39,
,MSK and ENT,259528,ORAL SURGERY MEDICAL STAFFING,Pay,Medical,2024-01,,WTE,-3.25,"-£53,066.22",,,Oral and Maxillofacial Surgery,,Planned Pathways,Medical Staff,Bank,-3.25,
,MSK and ENT,259528,ORAL SURGERY MEDICAL STAFFING,Pay,Medical,2024-01,,WTE,-10.65,"-£86,575.08",,,Oral and Maxillofacial Surgery,,Planned Pathways,Medical Staff,Substantive,-10.65,
,MSK and ENT,259528,ORAL SURGERY MEDICAL STAFFING,Pay,Medical,2024-02,,WTE,-3.62,"-£64,209.91",,,Oral and Maxillofacial Surgery,,Planned Pathways,Medical Staff,Bank,-3.62,
,MSK and ENT,259528,ORAL SURGERY MEDICAL STAFFING,Pay,Medical,2024-02,,WTE,-12.31,"-£98,952.49",,,Oral and Maxillofacial Surgery,,Planned Pathways,Medical Staff,Substantive,-12.31,
,MSK and ENT,259528,ORAL SURGERY MEDICAL STAFFING,Pay,Medical,2024-03,,WTE,-2.85,"-£10,642.80",,,Oral and Maxillofacial Surgery,,Planned Pathways,Medical Staff,Bank,-2.85,
,MSK and ENT,259528,ORAL SURGERY MEDICAL STAFFING,Pay,Medical,2024-03,,WTE,-12.13,"-£113,182.47",,,Oral and Maxillofacial Surgery,,Planned Pathways,Medical Staff,Substantive,-12.13,
,MSK and ENT,259529,ORAL SURGERY RECOVERY,Pay,Medical,2023-11,,WTE,0.00,£0.06,,,Oral and Maxillofacial Surgery,,Planned Pathways,Medical Staff,Substantive,0.00,
,MSK and ENT,259529,ORAL SURGERY RECOVERY,Pay,Medical,2023-12,,WTE,0.00,"£1,992.00",,,Oral and Maxillofacial Surgery,,Planned Pathways,Medical Staff,Substantive,0.00,
,Community Services,259530,OPHTHALMOLOGY MEDICAL STAFFING,Pay,Medical,2023-11,,WTE,-2.09,"-£42,396.73",,,Ophthalmology,,"Family, Diagnostics and Community",Medical Staff,Agency,-2.09,
,Community Services,259530,OPHTHALMOLOGY MEDICAL STAFFING,Pay,Medical,2023-11,,WTE,-0.37,"-£11,720.67",,,Ophthalmology,,"Family, Diagnostics and Community",Medical Staff,Bank,-0.37,
,Community Services,259530,OPHTHALMOLOGY MEDICAL STAFFING,Pay,Medical,2023-11,,WTE,-11.18,"-£113,843.59",,,Ophthalmology,,"Family, Diagnostics and Community",Medical Staff,Substantive,-11.18,
,Community Services,259530,OPHTHALMOLOGY MEDICAL STAFFING,Pay,Medical,2023-12,,WTE,-2.06,"-£18,111.96",,,Ophthalmology,,"Family, Diagnostics and Community",Medical Staff,Agency,-2.06,
,Community Services,259530,OPHTHALMOLOGY MEDICAL STAFFING,Pay,Medical,2023-12,,WTE,-0.21,"-£5,152.41",,,Ophthalmology,,"Family, Diagnostics and Community",Medical Staff,Bank,-0.21,
,Community Services,259530,OPHTHALMOLOGY MEDICAL STAFFING,Pay,Medical,2023-12,,WTE,-11.50,"-£111,565.75",,,Ophthalmology,,"Family, Diagnostics and Community",Medical Staff,Substantive,-11.50,
,Community Services,259530,OPHTHALMOLOGY MEDICAL STAFFING,Pay,Medical,2024-01,,WTE,0.00,"-£21,069.98",,,Ophthalmology,,"Family, Diagnostics and Community",Medical Staff,Agency,0.00,
,Community Services,259530,OPHTHALMOLOGY MEDICAL STAFFING,Pay,Medical,2024-01,,WTE,-0.20,"-£20,597.21",,,Ophthalmology,,"Family, Diagnostics and Community",Medical Staff,Bank,-0.20,
,Community Services,259530,OPHTHALMOLOGY MEDICAL STAFFING,Pay,Medical,2024-01,,WTE,-11.34,"-£107,894.57",,,Ophthalmology,,"Family, Diagnostics and Community",Medical Staff,Substantive,-11.34,
,Community Services,259530,OPHTHALMOLOGY MEDICAL STAFFING,Pay,Medical,2024-02,,WTE,-0.71,"-£17,752.20",,,Ophthalmology,,"Family, Diagnostics and Community",Medical Staff,Agency,-0.71,
,Community Services,259530,OPHTHALMOLOGY MEDICAL STAFFING,Pay,Medical,2024-02,,WTE,-0.30,"-£7,818.42",,,Ophthalmology,,"Family, Diagnostics and Community",Medical Staff,Bank,-0.30,
,Community Services,259530,OPHTHALMOLOGY MEDICAL STAFFING,Pay,Medical,2024-02,,WTE,-11.72,"-£113,644.29",,,Ophthalmology,,"Family, Diagnostics and Community",Medical Staff,Substantive,-11.72,
,Community Services,259530,OPHTHALMOLOGY MEDICAL STAFFING,Pay,Medical,2024-03,,WTE,-0.38,"-£1,379.01",,,Ophthalmology,,"Family, Diagnostics and Community",Medical Staff,Agency,-0.38,
,Community Services,259530,OPHTHALMOLOGY MEDICAL STAFFING,Pay,Medical,2024-03,,WTE,-0.10,"£4,983.09",,,Ophthalmology,,"Family, Diagnostics and Community",Medical Staff,Bank,-0.10,
,Community Services,259530,OPHTHALMOLOGY MEDICAL STAFFING,Pay,Medical,2024-03,,WTE,-11.34,"-£121,123.23",,,Ophthalmology,,"Family, Diagnostics and Community",Medical Staff,Substantive,-11.34,
,Community Services,259530,OPHTHALMOLOGY MEDICAL STAFFING,Pay,Nursing,2023-11,,WTE,-1.00,"-£5,552.72",,,Ophthalmology,,"Family, Diagnostics and Community",Nursing & Midwifery Staff,Substantive,-1.00,
,Community Services,259530,OPHTHALMOLOGY MEDICAL STAFFING,Pay,Nursing,2023-12,,WTE,-1.00,"-£5,552.72",,,Ophthalmology,,"Family, Diagnostics and Community",Nursing & Midwifery Staff,Substantive,-1.00,
,Community Services,259530,OPHTHALMOLOGY MEDICAL STAFFING,Pay,Nursing,2024-01,,WTE,-1.00,"-£5,552.72",,,Ophthalmology,,"Family, Diagnostics and Community",Nursing & Midwifery Staff,Substantive,-1.00,
,Community Services,259530,OPHTHALMOLOGY MEDICAL STAFFING,Pay,Nursing,2024-02,,WTE,-1.00,"-£5,552.72",,,Ophthalmology,,"Family, Diagnostics and Community",Nursing & Midwifery Staff,Substantive,-1.00,
,Community Services,259530,OPHTHALMOLOGY MEDICAL STAFFING,Pay,Nursing,2024-03,,WTE,-1.00,"-£5,552.72",,,Ophthalmology,,"Family, Diagnostics and Community",Nursing & Midwifery Staff,Substantive,-1.00,
,Community Services,259531,OPHTHALMOLOGY OUTPATIENTS,Pay,Admin & Clerical,2023-11,,WTE,-1.04,"-£5,261.78",,,Ophthalmology,,"Family, Diagnostics and Community",Admin & Clerical Staff,Bank,-1.04,
,Community Services,259531,OPHTHALMOLOGY OUTPATIENTS,Pay,Admin & Clerical,2023-11,,WTE,-12.62,"-£32,963.97",,,Ophthalmology,,"Family, Diagnostics and Community",Admin & Clerical Staff,Substantive,-12.62,
,Community Services,259531,OPHTHALMOLOGY OUTPATIENTS,Pay,Admin & Clerical,2023-12,,WTE,-0.95,"-£6,907.29",,,Ophthalmology,,"Family, Diagnostics and Community",Admin & Clerical Staff,Bank,-0.95,
,Community Services,259531,OPHTHALMOLOGY OUTPATIENTS,Pay,Admin & Clerical,2023-12,,WTE,-13.00,"-£33,680.67",,,Ophthalmology,,"Family, Diagnostics and Community",Admin & Clerical Staff,Substantive,-13.00,
,Community Services,259531,OPHTHALMOLOGY OUTPATIENTS,Pay,Admin & Clerical,2024-01,,WTE,-1.51,"-£5,353.40",,,Ophthalmology,,"Family, Diagnostics and Community",Admin & Clerical Staff,Bank,-1.51,
,Community Services,259531,OPHTHALMOLOGY OUTPATIENTS,Pay,Admin & Clerical,2024-01,,WTE,-11.95,"-£31,554.41",,,Ophthalmology,,"Family, Diagnostics and Community",Admin & Clerical Staff,Substantive,-11.95,
,Community Services,259531,OPHTHALMOLOGY OUTPATIENTS,Pay,Admin & Clerical,2024-02,,WTE,-1.19,"-£4,204.12",,,Ophthalmology,,"Family, Diagnostics and Community",Admin & Clerical Staff,Bank,-1.19,
,Community Services,259531,OPHTHALMOLOGY OUTPATIENTS,Pay,Admin & Clerical,2024-02,,WTE,-12.27,"-£32,093.13",,,Ophthalmology,,"Family, Diagnostics and Community",Admin & Clerical Staff,Substantive,-12.27,
,Community Services,259531,OPHTHALMOLOGY OUTPATIENTS,Pay,Admin & Clerical,2024-03,,WTE,-1.86,"-£8,287.75",,,Ophthalmology,,"Family, Diagnostics and Community",Admin & Clerical Staff,Bank,-1.86,
,Community Services,259531,OPHTHALMOLOGY OUTPATIENTS,Pay,Admin & Clerical,2024-03,,WTE,-12.95,"-£39,098.16",,,Ophthalmology,,"Family, Diagnostics and Community",Admin & Clerical Staff,Substantive,-12.95,
,Community Services,259531,OPHTHALMOLOGY OUTPATIENTS,Pay,Nursing,2023-11,,WTE,-0.97,"-£4,020.88",,,Ophthalmology,,"Family, Diagnostics and Community",Nursing & Midwifery Staff,Bank,-0.97,
,Community Services,259531,OPHTHALMOLOGY OUTPATIENTS,Pay,Nursing,2023-11,,WTE,-26.73,"-£87,787.62",,,Ophthalmology,,"Family, Diagnostics and Community",Nursing & Midwifery Staff,Substantive,-26.73,
,Community Services,259531,OPHTHALMOLOGY OUTPATIENTS,Pay,Nursing,2023-12,,WTE,-1.25,"-£5,869.38",,,Ophthalmology,,"Family, Diagnostics and Community",Nursing & Midwifery Staff,Bank,-1.25,
,Community Services,259531,OPHTHALMOLOGY OUTPATIENTS,Pay,Nursing,2023-12,,WTE,-28.96,"-£88,520.33",,,Ophthalmology,,"Family, Diagnostics and Community",Nursing & Midwifery Staff,Substantive,-28.96,
,Community Services,259531,OPHTHALMOLOGY OUTPATIENTS,Pay,Nursing,2024-01,,WTE,-0.81,"-£5,853.64",,,Ophthalmology,,"Family, Diagnostics and Community",Nursing & Midwifery Staff,Bank,-0.81,
,Community Services,259531,OPHTHALMOLOGY OUTPATIENTS,Pay,Nursing,2024-01,,WTE,-29.01,"-£101,970.26",,,Ophthalmology,,"Family, Diagnostics and Community",Nursing & Midwifery Staff,Substantive,-29.01,
,Community Services,259531,OPHTHALMOLOGY OUTPATIENTS,Pay,Nursing,2024-02,,WTE,-1.31,"-£6,529.25",,,Ophthalmology,,"Family, Diagnostics and Community",Nursing & Midwifery Staff,Bank,-1.31,
,Community Services,259531,OPHTHALMOLOGY OUTPATIENTS,Pay,Nursing,2024-02,,WTE,-29.47,"-£92,004.08",,,Ophthalmology,,"Family, Diagnostics and Community",Nursing & Midwifery Staff,Substantive,-29.47,
,Community Services,259531,OPHTHALMOLOGY OUTPATIENTS,Pay,Nursing,2024-03,,WTE,-1.67,"-£7,337.68",,,Ophthalmology,,"Family, Diagnostics and Community",Nursing & Midwifery Staff,Bank,-1.67,
,Community Services,259531,OPHTHALMOLOGY OUTPATIENTS,Pay,Nursing,2024-03,,WTE,-29.43,"-£146,927.67",,,Ophthalmology,,"Family, Diagnostics and Community",Nursing & Midwifery Staff,Substantive,-29.43,
,Community Services,259531,OPHTHALMOLOGY OUTPATIENTS,Pay,"Scientific, Therapeutic & Tech",2023-11,,WTE,-3.40,"-£12,939.41",,,Ophthalmology,,"Family, Diagnostics and Community","Scientific, Therapeutic & Technical Staff",Substantive,-3.40,
,Community Services,259531,OPHTHALMOLOGY OUTPATIENTS,Pay,"Scientific, Therapeutic & Tech",2023-12,,WTE,-3.17,"-£12,415.44",,,Ophthalmology,,"Family, Diagnostics and Community","Scientific, Therapeutic & Technical Staff",Substantive,-3.17,
,Community Services,259531,OPHTHALMOLOGY OUTPATIENTS,Pay,"Scientific, Therapeutic & Tech",2024-01,,WTE,-3.63,"-£13,942.02",,,Ophthalmology,,"Family, Diagnostics and Community","Scientific, Therapeutic & Technical Staff",Substantive,-3.63,
,Community Services,259531,OPHTHALMOLOGY OUTPATIENTS,Pay,"Scientific, Therapeutic & Tech",2024-02,,WTE,-0.11,-£685.18,,,Ophthalmology,,"Family, Diagnostics and Community","Scientific, Therapeutic & Technical Staff",Bank,-0.11,
,Community Services,259531,OPHTHALMOLOGY OUTPATIENTS,Pay,"Scientific, Therapeutic & Tech",2024-02,,WTE,-3.59,"-£13,557.12",,,Ophthalmology,,"Family, Diagnostics and Community","Scientific, Therapeutic & Technical Staff",Substantive,-3.59,
,Community Services,259531,OPHTHALMOLOGY OUTPATIENTS,Pay,"Scientific, Therapeutic & Tech",2024-03,,WTE,0.00,£0.02,,,Ophthalmology,,"Family, Diagnostics and Community","Scientific, Therapeutic & Technical Staff",Bank,0.00,
,Community Services,259531,OPHTHALMOLOGY OUTPATIENTS,Pay,"Scientific, Therapeutic & Tech",2024-03,,WTE,-3.60,"-£14,711.83",,,Ophthalmology,,"Family, Diagnostics and Community","Scientific, Therapeutic & Technical Staff",Substantive,-3.60,
,Community Services,259532,OPHTHALMOLOGY ACTV RECOVERY,Pay,Medical,2023-11,,WTE,-0.35,"-£8,405.48",,,Ophthalmology,,"Family, Diagnostics and Community",Medical Staff,Substantive,-0.35,
,Community Services,259532,OPHTHALMOLOGY ACTV RECOVERY,Pay,Medical,2023-12,,WTE,-0.24,"-£9,193.38",,,Ophthalmology,,"Family, Diagnostics and Community",Medical Staff,Substantive,-0.24,
,Community Services,259532,OPHTHALMOLOGY ACTV RECOVERY,Pay,Medical,2024-01,,WTE,-0.16,"-£15,213.83",,,Ophthalmology,,"Family, Diagnostics and Community",Medical Staff,Substantive,-0.16,
,Community Services,259532,OPHTHALMOLOGY ACTV RECOVERY,Pay,Medical,2024-02,,WTE,-0.39,"-£7,679.42",,,Ophthalmology,,"Family, Diagnostics and Community",Medical Staff,Substantive,-0.39,
,Community Services,259532,OPHTHALMOLOGY ACTV RECOVERY,Pay,Medical,2024-03,,WTE,-0.42,"-£9,108.32",,,Ophthalmology,,"Family, Diagnostics and Community",Medical Staff,Substantive,-0.42,
,MSK and ENT,259533,ELECTIVE ORTHOPEDIC WARD ZS,Pay,Admin & Clerical,2023-11,,WTE,-1.88,"-£4,611.59",,,Trauma & Orthopaedics,,Planned Pathways,Admin & Clerical Staff,Substantive,-1.88,
,MSK and ENT,259533,ELECTIVE ORTHOPEDIC WARD ZS,Pay,Admin & Clerical,2023-12,,WTE,-1.88,"-£4,966.17",,,Trauma & Orthopaedics,,Planned Pathways,Admin & Clerical Staff,Substantive,-1.88,
,MSK and ENT,259533,ELECTIVE ORTHOPEDIC WARD ZS,Pay,Admin & Clerical,2024-01,,WTE,-1.88,"-£4,956.72",,,Trauma & Orthopaedics,,Planned Pathways,Admin & Clerical Staff,Substantive,-1.88,
,MSK and ENT,259533,ELECTIVE ORTHOPEDIC WARD ZS,Pay,Admin & Clerical,2024-02,,WTE,-1.88,"-£4,904.40",,,Trauma & Orthopaedics,,Planned Pathways,Admin & Clerical Staff,Substantive,-1.88,
,MSK and ENT,259533,ELECTIVE ORTHOPEDIC WARD ZS,Pay,Admin & Clerical,2024-03,,WTE,-1.88,"-£4,823.18",,,Trauma & Orthopaedics,,Planned Pathways,Admin & Clerical Staff,Substantive,-1.88,
,MSK and ENT,259533,ELECTIVE ORTHOPEDIC WARD ZS,Pay,Nursing,2023-11,,WTE,-1.39,"-£5,401.90",,,Trauma & Orthopaedics,,Planned Pathways,Nursing & Midwifery Staff,Bank,-1.39,
,MSK and ENT,259533,ELECTIVE ORTHOPEDIC WARD ZS,Pay,Nursing,2023-11,,WTE,-16.93,"-£66,717.60",,,Trauma & Orthopaedics,,Planned Pathways,Nursing & Midwifery Staff,Substantive,-16.93,
,MSK and ENT,259533,ELECTIVE ORTHOPEDIC WARD ZS,Pay,Nursing,2023-12,,WTE,-0.07,-£317.30,,,Trauma & Orthopaedics,,Planned Pathways,Nursing & Midwifery Staff,Agency,-0.07,
,MSK and ENT,259533,ELECTIVE ORTHOPEDIC WARD ZS,Pay,Nursing,2023-12,,WTE,-2.07,"-£7,190.05",,,Trauma & Orthopaedics,,Planned Pathways,Nursing & Midwifery Staff,Bank,-2.07,
,MSK and ENT,259533,ELECTIVE ORTHOPEDIC WARD ZS,Pay,Nursing,2023-12,,WTE,-16.95,"-£66,000.41",,,Trauma & Orthopaedics,,Planned Pathways,Nursing & Midwifery Staff,Substantive,-16.95,
,MSK and ENT,259533,ELECTIVE ORTHOPEDIC WARD ZS,Pay,Nursing,2024-01,,WTE,-0.07,-£379.20,,,Trauma & Orthopaedics,,Planned Pathways,Nursing & Midwifery Staff,Agency,-0.07,
,MSK and ENT,259533,ELECTIVE ORTHOPEDIC WARD ZS,Pay,Nursing,2024-01,,WTE,-2.51,"-£11,000.40",,,Trauma & Orthopaedics,,Planned Pathways,Nursing & Midwifery Staff,Bank,-2.51,
,MSK and ENT,259533,ELECTIVE ORTHOPEDIC WARD ZS,Pay,Nursing,2024-01,,WTE,-14.99,"-£66,903.23",,,Trauma & Orthopaedics,,Planned Pathways,Nursing & Midwifery Staff,Substantive,-14.99,
,MSK and ENT,259533,ELECTIVE ORTHOPEDIC WARD ZS,Pay,Nursing,2024-02,,WTE,-1.52,"-£5,827.38",,,Trauma & Orthopaedics,,Planned Pathways,Nursing & Midwifery Staff,Bank,-1.52,
,MSK and ENT,259533,ELECTIVE ORTHOPEDIC WARD ZS,Pay,Nursing,2024-02,,WTE,-14.54,"-£59,235.93",,,Trauma & Orthopaedics,,Planned Pathways,Nursing & Midwifery Staff,Substantive,-14.54,
,MSK and ENT,259533,ELECTIVE ORTHOPEDIC WARD ZS,Pay,Nursing,2024-03,,WTE,-1.83,"-£6,855.37",,,Trauma & Orthopaedics,,Planned Pathways,Nursing & Midwifery Staff,Bank,-1.83,
,MSK and ENT,259533,ELECTIVE ORTHOPEDIC WARD ZS,Pay,Nursing,2024-03,,WTE,-15.44,"-£75,804.89",,,Trauma & Orthopaedics,,Planned Pathways,Nursing & Midwifery Staff,Substantive,-15.44,
,MSK and ENT,259534,ORTHOPAEDIC MEDICAL STAFFING,Pay,Medical,2023-11,,WTE,-1.69,"-£20,454.05",,,Trauma & Orthopaedics,,Planned Pathways,Medical Staff,Agency,-1.69,
,MSK and ENT,259534,ORTHOPAEDIC MEDICAL STAFFING,Pay,Medical,2023-11,,WTE,-0.82,"-£53,757.85",,,Trauma & Orthopaedics,,Planned Pathways,Medical Staff,Bank,-0.82,
,MSK and ENT,259534,ORTHOPAEDIC MEDICAL STAFFING,Pay,Medical,2023-11,,WTE,-34.22,"-£282,752.91",,,Trauma & Orthopaedics,,Planned Pathways,Medical Staff,Substantive,-34.22,
,MSK and ENT,259534,ORTHOPAEDIC MEDICAL STAFFING,Pay,Medical,2023-12,,WTE,-2.09,"-£26,961.80",,,Trauma & Orthopaedics,,Planned Pathways,Medical Staff,Agency,-2.09,
,MSK and ENT,259534,ORTHOPAEDIC MEDICAL STAFFING,Pay,Medical,2023-12,,WTE,-1.18,"-£16,709.69",,,Trauma & Orthopaedics,,Planned Pathways,Medical Staff,Bank,-1.18,
,MSK and ENT,259534,ORTHOPAEDIC MEDICAL STAFFING,Pay,Medical,2023-12,,WTE,-40.04,"-£332,983.78",,,Trauma & Orthopaedics,,Planned Pathways,Medical Staff,Substantive,-40.04,
,MSK and ENT,259534,ORTHOPAEDIC MEDICAL STAFFING,Pay,Medical,2024-01,,WTE,-2.68,"-£30,029.82",,,Trauma & Orthopaedics,,Planned Pathways,Medical Staff,Agency,-2.68,
,MSK and ENT,259534,ORTHOPAEDIC MEDICAL STAFFING,Pay,Medical,2024-01,,WTE,-1.74,"-£37,058.35",,,Trauma & Orthopaedics,,Planned Pathways,Medical Staff,Bank,-1.74,
,MSK and ENT,259534,ORTHOPAEDIC MEDICAL STAFFING,Pay,Medical,2024-01,,WTE,-32.41,"-£306,125.66",,,Trauma & Orthopaedics,,Planned Pathways,Medical Staff,Substantive,-32.41,
,MSK and ENT,259534,ORTHOPAEDIC MEDICAL STAFFING,Pay,Medical,2024-02,,WTE,-2.21,"-£27,143.21",,,Trauma & Orthopaedics,,Planned Pathways,Medical Staff,Agency,-2.21,
,MSK and ENT,259534,ORTHOPAEDIC MEDICAL STAFFING,Pay,Medical,2024-02,,WTE,-0.19,"-£10,134.78",,,Trauma & Orthopaedics,,Planned Pathways,Medical Staff,Bank,-0.19,
,MSK and ENT,259534,ORTHOPAEDIC MEDICAL STAFFING,Pay,Medical,2024-02,,WTE,-31.44,"-£282,588.67",,,Trauma & Orthopaedics,,Planned Pathways,Medical Staff,Substantive,-31.44,
,MSK and ENT,259534,ORTHOPAEDIC MEDICAL STAFFING,Pay,Medical,2024-03,,WTE,-2.90,"-£33,597.32",,,Trauma & Orthopaedics,,Planned Pathways,Medical Staff,Agency,-2.90,
,MSK and ENT,259534,ORTHOPAEDIC MEDICAL STAFFING,Pay,Medical,2024-03,,WTE,-0.67,"£11,852.96",,,Trauma & Orthopaedics,,Planned Pathways,Medical Staff,Bank,-0.67,
,MSK and ENT,259534,ORTHOPAEDIC MEDICAL STAFFING,Pay,Medical,2024-03,,WTE,-35.60,"-£382,894.84",,,Trauma & Orthopaedics,,Planned Pathways,Medical Staff,Substantive,-35.60,
,MSK and ENT,259534,ORTHOPAEDIC MEDICAL STAFFING,Pay,"Scientific, Therapeutic & Tech",2023-11,,WTE,-3.50,"-£11,813.14",,,Trauma & Orthopaedics,,Planned Pathways,"Scientific, Therapeutic & Technical Staff",Substantive,-3.50,
,MSK and ENT,259534,ORTHOPAEDIC MEDICAL STAFFING,Pay,"Scientific, Therapeutic & Tech",2023-12,,WTE,-3.50,"-£11,813.14",,,Trauma & Orthopaedics,,Planned Pathways,"Scientific, Therapeutic & Technical Staff",Substantive,-3.50,
,MSK and ENT,259534,ORTHOPAEDIC MEDICAL STAFFING,Pay,"Scientific, Therapeutic & Tech",2024-01,,WTE,-3.50,"-£11,813.14",,,Trauma & Orthopaedics,,Planned Pathways,"Scientific, Therapeutic & Technical Staff",Substantive,-3.50,
,MSK and ENT,259534,ORTHOPAEDIC MEDICAL STAFFING,Pay,"Scientific, Therapeutic & Tech",2024-02,,WTE,-0.70,"-£3,637.44",,,Trauma & Orthopaedics,,Planned Pathways,"Scientific, Therapeutic & Technical Staff",Agency,-0.70,
,MSK and ENT,259534,ORTHOPAEDIC MEDICAL STAFFING,Pay,"Scientific, Therapeutic & Tech",2024-02,,WTE,-4.36,"-£13,982.78",,,Trauma & Orthopaedics,,Planned Pathways,"Scientific, Therapeutic & Technical Staff",Substantive,-4.36,
,MSK and ENT,259534,ORTHOPAEDIC MEDICAL STAFFING,Pay,"Scientific, Therapeutic & Tech",2024-03,,WTE,-0.94,"-£4,796.93",,,Trauma & Orthopaedics,,Planned Pathways,"Scientific, Therapeutic & Technical Staff",Agency,-0.94,
,MSK and ENT,259534,ORTHOPAEDIC MEDICAL STAFFING,Pay,"Scientific, Therapeutic & Tech",2024-03,,WTE,-4.50,"-£14,329.91",,,Trauma & Orthopaedics,,Planned Pathways,"Scientific, Therapeutic & Technical Staff",Substantive,-4.50,
,MSK and ENT,259535,ORTHOPAEDIC RECOVERY,Pay,Medical,2023-11,,WTE,-0.48,"-£6,582.16",,,Trauma & Orthopaedics,,Planned Pathways,Medical Staff,Substantive,-0.48,
,MSK and ENT,259535,ORTHOPAEDIC RECOVERY,Pay,Medical,2023-12,,WTE,-0.24,"-£6,038.62",,,Trauma & Orthopaedics,,Planned Pathways,Medical Staff,Substantive,-0.24,
,MSK and ENT,259535,ORTHOPAEDIC RECOVERY,Pay,Medical,2024-01,,WTE,-0.39,"-£9,479.00",,,Trauma & Orthopaedics,,Planned Pathways,Medical Staff,Substantive,-0.39,
,MSK and ENT,259535,ORTHOPAEDIC RECOVERY,Pay,Medical,2024-02,,WTE,-0.23,"-£3,700.06",,,Trauma & Orthopaedics,,Planned Pathways,Medical Staff,Substantive,-0.23,
,MSK and ENT,259535,ORTHOPAEDIC RECOVERY,Pay,Medical,2024-03,,WTE,-1.33,"-£38,646.05",,,Trauma & Orthopaedics,,Planned Pathways,Medical Staff,Substantive,-1.33,
,Planned Pathways Management,259536,SURGERY MANAGEMENT TEAM,Pay,Admin & Clerical,2023-11,,WTE,-0.88,"-£13,870.93",,,Planned Pathways Management,,Planned Pathways,Admin & Clerical Staff,Agency,-0.88,
,Planned Pathways Management,259536,SURGERY MANAGEMENT TEAM,Pay,Admin & Clerical,2023-11,,WTE,-0.28,"-£2,571.34",,,Planned Pathways Management,,Planned Pathways,Admin & Clerical Staff,Bank,-0.28,
,Planned Pathways Management,259536,SURGERY MANAGEMENT TEAM,Pay,Admin & Clerical,2023-11,,WTE,-12.40,"-£45,750.00",,,Planned Pathways Management,,Planned Pathways,Admin & Clerical Staff,Substantive,-12.40,
,Planned Pathways Management,259536,SURGERY MANAGEMENT TEAM,Pay,Admin & Clerical,2023-12,,WTE,-0.95,"-£12,765.86",,,Planned Pathways Management,,Planned Pathways,Admin & Clerical Staff,Agency,-0.95,
,Planned Pathways Management,259536,SURGERY MANAGEMENT TEAM,Pay,Admin & Clerical,2023-12,,WTE,-0.74,"-£3,443.33",,,Planned Pathways Management,,Planned Pathways,Admin & Clerical Staff,Bank,-0.74,
,Planned Pathways Management,259536,SURGERY MANAGEMENT TEAM,Pay,Admin & Clerical,2023-12,,WTE,-9.89,"-£13,732.93",,,Planned Pathways Management,,Planned Pathways,Admin & Clerical Staff,Substantive,-9.89,
,Planned Pathways Management,259536,SURGERY MANAGEMENT TEAM,Pay,Admin & Clerical,2024-01,,WTE,-1.10,"-£13,484.68",,,Planned Pathways Management,,Planned Pathways,Admin & Clerical Staff,Agency,-1.10,
,Planned Pathways Management,259536,SURGERY MANAGEMENT TEAM,Pay,Admin & Clerical,2024-01,,WTE,0.00,£16.18,,,Planned Pathways Management,,Planned Pathways,Admin & Clerical Staff,Bank,0.00,
,Planned Pathways Management,259536,SURGERY MANAGEMENT TEAM,Pay,Admin & Clerical,2024-01,,WTE,-8.56,"-£60,319.01",,,Planned Pathways Management,,Planned Pathways,Admin & Clerical Staff,Substantive,-8.56,
,Planned Pathways Management,259536,SURGERY MANAGEMENT TEAM,Pay,Admin & Clerical,2024-02,,WTE,-1.05,"-£13,842.42",,,Planned Pathways Management,,Planned Pathways,Admin & Clerical Staff,Agency,-1.05,
,Planned Pathways Management,259536,SURGERY MANAGEMENT TEAM,Pay,Admin & Clerical,2024-02,,WTE,-0.67,"-£2,392.14",,,Planned Pathways Management,,Planned Pathways,Admin & Clerical Staff,Bank,-0.67,
,Planned Pathways Management,259536,SURGERY MANAGEMENT TEAM,Pay,Admin & Clerical,2024-02,,WTE,-9.09,"-£32,340.30",,,Planned Pathways Management,,Planned Pathways,Admin & Clerical Staff,Substantive,-9.09,
,Planned Pathways Management,259536,SURGERY MANAGEMENT TEAM,Pay,Admin & Clerical,2024-03,,WTE,-1.05,"-£13,641.13",,,Planned Pathways Management,,Planned Pathways,Admin & Clerical Staff,Agency,-1.05,
,Planned Pathways Management,259536,SURGERY MANAGEMENT TEAM,Pay,Admin & Clerical,2024-03,,WTE,-0.99,"-£3,239.90",,,Planned Pathways Management,,Planned Pathways,Admin & Clerical Staff,Bank,-0.99,
,Planned Pathways Management,259536,SURGERY MANAGEMENT TEAM,Pay,Admin & Clerical,2024-03,,WTE,-8.77,"-£31,948.33",,,Planned Pathways Management,,Planned Pathways,Admin & Clerical Staff,Substantive,-8.77,
,Planned Pathways Management,259536,SURGERY MANAGEMENT TEAM,Pay,Medical,2023-11,,WTE,-0.05,"-£5,642.42",,,Planned Pathways Management,,Planned Pathways,Medical Staff,Substantive,-0.05,
,Planned Pathways Management,259536,SURGERY MANAGEMENT TEAM,Pay,Medical,2023-12,,WTE,-0.05,"-£14,299.04",,,Planned Pathways Management,,Planned Pathways,Medical Staff,Substantive,-0.05,
,Planned Pathways Management,259536,SURGERY MANAGEMENT TEAM,Pay,Medical,2024-01,,WTE,-0.05,"-£14,463.63",,,Planned Pathways Management,,Planned Pathways,Medical Staff,Substantive,-0.05,
,Planned Pathways Management,259536,SURGERY MANAGEMENT TEAM,Pay,Medical,2024-02,,WTE,-0.05,"-£14,450.81",,,Planned Pathways Management,,Planned Pathways,Medical Staff,Substantive,-0.05,
,Planned Pathways Management,259536,SURGERY MANAGEMENT TEAM,Pay,Medical,2024-03,,WTE,-0.05,"-£15,999.82",,,Planned Pathways Management,,Planned Pathways,Medical Staff,Substantive,-0.05,
,Planned Pathways Management,259536,SURGERY MANAGEMENT TEAM,Pay,Nursing,2023-11,,WTE,-8.29,"-£53,979.76",,,Planned Pathways Management,,Planned Pathways,Nursing & Midwifery Staff,Substantive,-8.29,
,Planned Pathways Management,259536,SURGERY MANAGEMENT TEAM,Pay,Nursing,2023-12,,WTE,-9.00,"-£57,689.01",,,Planned Pathways Management,,Planned Pathways,Nursing & Midwifery Staff,Substantive,-9.00,
,Planned Pathways Management,259536,SURGERY MANAGEMENT TEAM,Pay,Nursing,2024-01,,WTE,-9.00,"-£58,267.38",,,Planned Pathways Management,,Planned Pathways,Nursing & Midwifery Staff,Substantive,-9.00,
,Planned Pathways Management,259536,SURGERY MANAGEMENT TEAM,Pay,Nursing,2024-02,,WTE,-9.00,"-£57,841.34",,,Planned Pathways Management,,Planned Pathways,Nursing & Midwifery Staff,Substantive,-9.00,
,Planned Pathways Management,259536,SURGERY MANAGEMENT TEAM,Pay,Nursing,2024-03,,WTE,-9.00,"-£57,715.40",,,Planned Pathways Management,,Planned Pathways,Nursing & Midwifery Staff,Substantive,-9.00,
,Planned Pathways Management,259536,SURGERY MANAGEMENT TEAM,Pay,Snr Managers,2023-11,,WTE,-7.00,"-£44,792.53",,,Planned Pathways Management,,Planned Pathways,Senior Managers,Substantive,-7.00,
,Planned Pathways Management,259536,SURGERY MANAGEMENT TEAM,Pay,Snr Managers,2023-12,,WTE,-8.07,"-£49,463.16",,,Planned Pathways Management,,Planned Pathways,Senior Managers,Substantive,-8.07,
,Planned Pathways Management,259536,SURGERY MANAGEMENT TEAM,Pay,Snr Managers,2024-01,,WTE,-8.00,"-£49,701.06",,,Planned Pathways Management,,Planned Pathways,Senior Managers,Substantive,-8.00,
,Planned Pathways Management,259536,SURGERY MANAGEMENT TEAM,Pay,Snr Managers,2024-02,,WTE,-8.00,"-£48,609.95",,,Planned Pathways Management,,Planned Pathways,Senior Managers,Substantive,-8.00,
,Planned Pathways Management,259536,SURGERY MANAGEMENT TEAM,Pay,Snr Managers,2024-03,,WTE,-8.00,"-£48,922.38",,,Planned Pathways Management,,Planned Pathways,Senior Managers,Substantive,-8.00,
,Planned Pathways Management,259537,COMPLEX BOOKERS,Pay,Admin & Clerical,2023-11,,WTE,-16.15,"-£45,699.93",,,Planned Pathways Management,,Planned Pathways,Admin & Clerical Staff,Substantive,-16.15,
,Planned Pathways Management,259537,COMPLEX BOOKERS,Pay,Admin & Clerical,2023-12,,WTE,-11.38,"£51,598.73",,,Planned Pathways Management,,Planned Pathways,Admin & Clerical Staff,Substantive,-11.38,
,Planned Pathways Management,259537,COMPLEX BOOKERS,Pay,Admin & Clerical,2024-01,,WTE,-8.70,"-£27,623.24",,,Planned Pathways Management,,Planned Pathways,Admin & Clerical Staff,Substantive,-8.70,
,Planned Pathways Management,259537,COMPLEX BOOKERS,Pay,Admin & Clerical,2024-02,,WTE,-9.31,"-£26,840.93",,,Planned Pathways Management,,Planned Pathways,Admin & Clerical Staff,Substantive,-9.31,
,Planned Pathways Management,259537,COMPLEX BOOKERS,Pay,Admin & Clerical,2024-03,,WTE,-9.28,"-£26,527.24",,,Planned Pathways Management,,Planned Pathways,Admin & Clerical Staff,Substantive,-9.28,
,Planned Pathways Management,259539,SURGERY PS&Q TEAM,Pay,Admin & Clerical,2023-11,,WTE,-1.00,"-£3,081.45",,,Planned Pathways Management,,Planned Pathways,Admin & Clerical Staff,Substantive,-1.00,
,Planned Pathways Management,259539,SURGERY PS&Q TEAM,Pay,Admin & Clerical,2023-12,,WTE,-1.00,"-£3,081.45",,,Planned Pathways Management,,Planned Pathways,Admin & Clerical Staff,Substantive,-1.00,
,Planned Pathways Management,259539,SURGERY PS&Q TEAM,Pay,Admin & Clerical,2024-01,,WTE,-1.00,"-£3,081.45",,,Planned Pathways Management,,Planned Pathways,Admin & Clerical Staff,Substantive,-1.00,
,Planned Pathways Management,259539,SURGERY PS&Q TEAM,Pay,Admin & Clerical,2024-02,,WTE,-1.00,"-£3,081.45",,,Planned Pathways Management,,Planned Pathways,Admin & Clerical Staff,Substantive,-1.00,
,Planned Pathways Management,259539,SURGERY PS&Q TEAM,Pay,Admin & Clerical,2024-03,,WTE,-1.00,"-£3,081.45",,,Planned Pathways Management,,Planned Pathways,Admin & Clerical Staff,Substantive,-1.00,
,Planned Pathways Management,259539,SURGERY PS&Q TEAM,Pay,Nursing,2023-11,,WTE,-1.00,"-£6,236.03",,,Planned Pathways Management,,Planned Pathways,Nursing & Midwifery Staff,Substantive,-1.00,
,Planned Pathways Management,259539,SURGERY PS&Q TEAM,Pay,Nursing,2023-12,,WTE,-1.00,"-£6,236.03",,,Planned Pathways Management,,Planned Pathways,Nursing & Midwifery Staff,Substantive,-1.00,
,Planned Pathways Management,259539,SURGERY PS&Q TEAM,Pay,Nursing,2024-01,,WTE,-1.00,"-£6,236.03",,,Planned Pathways Management,,Planned Pathways,Nursing & Midwifery Staff,Substantive,-1.00,
,Planned Pathways Management,259539,SURGERY PS&Q TEAM,Pay,Nursing,2024-02,,WTE,-1.00,"-£6,236.03",,,Planned Pathways Management,,Planned Pathways,Nursing & Midwifery Staff,Substantive,-1.00,
,Planned Pathways Management,259539,SURGERY PS&Q TEAM,Pay,Nursing,2024-03,,WTE,-1.00,"-£6,236.03",,,Planned Pathways Management,,Planned Pathways,Nursing & Midwifery Staff,Substantive,-1.00,
,Planned Pathways Management,259539,SURGERY PS&Q TEAM,Pay,Snr Managers,2023-11,,WTE,-1.00,"-£5,023.34",,,Planned Pathways Management,,Planned Pathways,Senior Managers,Substantive,-1.00,
,Planned Pathways Management,259539,SURGERY PS&Q TEAM,Pay,Snr Managers,2023-12,,WTE,-1.00,"-£5,023.34",,,Planned Pathways Management,,Planned Pathways,Senior Managers,Substantive,-1.00,
,Planned Pathways Management,259539,SURGERY PS&Q TEAM,Pay,Snr Managers,2024-01,,WTE,-1.00,"-£5,023.34",,,Planned Pathways Management,,Planned Pathways,Senior Managers,Substantive,-1.00,
,Planned Pathways Management,259539,SURGERY PS&Q TEAM,Pay,Snr Managers,2024-02,,WTE,-1.00,"-£5,023.34",,,Planned Pathways Management,,Planned Pathways,Senior Managers,Substantive,-1.00,
,Planned Pathways Management,259539,SURGERY PS&Q TEAM,Pay,Snr Managers,2024-03,,WTE,-1.00,"-£5,023.34",,,Planned Pathways Management,,Planned Pathways,Senior Managers,Substantive,-1.00,
,"Critical Care, theatres and Anaesthetics",259540,ANAESTHETIC MEDICAL STAFFING,Pay,Medical,2023-11,,WTE,-3.51,"-£94,509.30",,,Theatres & Anaesthesia,,Planned Pathways,Medical Staff,Agency,-3.51,
,"Critical Care, theatres and Anaesthetics",259540,ANAESTHETIC MEDICAL STAFFING,Pay,Medical,2023-11,,WTE,-1.36,"-£53,424.92",,,Theatres & Anaesthesia,,Planned Pathways,Medical Staff,Bank,-1.36,
,"Critical Care, theatres and Anaesthetics",259540,ANAESTHETIC MEDICAL STAFFING,Pay,Medical,2023-11,,WTE,-53.24,"-£497,860.36",,,Theatres & Anaesthesia,,Planned Pathways,Medical Staff,Substantive,-53.24,
,"Critical Care, theatres and Anaesthetics",259540,ANAESTHETIC MEDICAL STAFFING,Pay,Medical,2023-12,,WTE,-4.23,"-£111,978.84",,,Theatres & Anaesthesia,,Planned Pathways,Medical Staff,Agency,-4.23,
,"Critical Care, theatres and Anaesthetics",259540,ANAESTHETIC MEDICAL STAFFING,Pay,Medical,2023-12,,WTE,-1.63,"-£37,584.33",,,Theatres & Anaesthesia,,Planned Pathways,Medical Staff,Bank,-1.63,
,"Critical Care, theatres and Anaesthetics",259540,ANAESTHETIC MEDICAL STAFFING,Pay,Medical,2023-12,,WTE,-58.78,"-£548,272.81",,,Theatres & Anaesthesia,,Planned Pathways,Medical Staff,Substantive,-58.78,
,"Critical Care, theatres and Anaesthetics",259540,ANAESTHETIC MEDICAL STAFFING,Pay,Medical,2024-01,,WTE,-2.94,"-£66,271.52",,,Theatres & Anaesthesia,,Planned Pathways,Medical Staff,Agency,-2.94,
,"Critical Care, theatres and Anaesthetics",259540,ANAESTHETIC MEDICAL STAFFING,Pay,Medical,2024-01,,WTE,-1.50,"-£34,947.98",,,Theatres & Anaesthesia,,Planned Pathways,Medical Staff,Bank,-1.50,
,"Critical Care, theatres and Anaesthetics",259540,ANAESTHETIC MEDICAL STAFFING,Pay,Medical,2024-01,,WTE,-55.49,"-£504,164.18",,,Theatres & Anaesthesia,,Planned Pathways,Medical Staff,Substantive,-55.49,
,"Critical Care, theatres and Anaesthetics",259540,ANAESTHETIC MEDICAL STAFFING,Pay,Medical,2024-02,,WTE,-2.85,"-£69,889.14",,,Theatres & Anaesthesia,,Planned Pathways,Medical Staff,Agency,-2.85,
,"Critical Care, theatres and Anaesthetics",259540,ANAESTHETIC MEDICAL STAFFING,Pay,Medical,2024-02,,WTE,-1.88,"-£40,818.24",,,Theatres & Anaesthesia,,Planned Pathways,Medical Staff,Bank,-1.88,
,"Critical Care, theatres and Anaesthetics",259540,ANAESTHETIC MEDICAL STAFFING,Pay,Medical,2024-02,,WTE,-55.29,"-£595,056.53",,,Theatres & Anaesthesia,,Planned Pathways,Medical Staff,Substantive,-55.29,
,"Critical Care, theatres and Anaesthetics",259540,ANAESTHETIC MEDICAL STAFFING,Pay,Medical,2024-03,,WTE,-3.39,"-£88,644.18",,,Theatres & Anaesthesia,,Planned Pathways,Medical Staff,Agency,-3.39,
,"Critical Care, theatres and Anaesthetics",259540,ANAESTHETIC MEDICAL STAFFING,Pay,Medical,2024-03,,WTE,-1.75,"-£10,466.06",,,Theatres & Anaesthesia,,Planned Pathways,Medical Staff,Bank,-1.75,
,"Critical Care, theatres and Anaesthetics",259540,ANAESTHETIC MEDICAL STAFFING,Pay,Medical,2024-03,,WTE,-56.27,"-£662,953.14",,,Theatres & Anaesthesia,,Planned Pathways,Medical Staff,Substantive,-56.27,
,"Critical Care, theatres and Anaesthetics",259541,ACUTE PAIN SERVICE,Pay,Nursing,2023-11,,WTE,-3.00,"-£13,801.86",,,Theatres & Anaesthesia,,Planned Pathways,Nursing & Midwifery Staff,Substantive,-3.00,
,"Critical Care, theatres and Anaesthetics",259541,ACUTE PAIN SERVICE,Pay,Nursing,2023-12,,WTE,-3.00,"-£13,892.05",,,Theatres & Anaesthesia,,Planned Pathways,Nursing & Midwifery Staff,Substantive,-3.00,
,"Critical Care, theatres and Anaesthetics",259541,ACUTE PAIN SERVICE,Pay,Nursing,2024-01,,WTE,-3.00,"-£13,828.49",,,Theatres & Anaesthesia,,Planned Pathways,Nursing & Midwifery Staff,Substantive,-3.00,
,"Critical Care, theatres and Anaesthetics",259541,ACUTE PAIN SERVICE,Pay,Nursing,2024-02,,WTE,-3.00,"-£13,786.70",,,Theatres & Anaesthesia,,Planned Pathways,Nursing & Midwifery Staff,Substantive,-3.00,
,"Critical Care, theatres and Anaesthetics",259541,ACUTE PAIN SERVICE,Pay,Nursing,2024-03,,WTE,-3.00,"-£13,828.00",,,Theatres & Anaesthesia,,Planned Pathways,Nursing & Midwifery Staff,Substantive,-3.00,
,"Critical Care, theatres and Anaesthetics",259542,INTENSIVIST ANAESTHETIC MEDICAL STAFFING,Pay,Medical,2023-11,,WTE,-6.54,"-£90,047.69",,,Theatres & Anaesthesia,,Planned Pathways,Medical Staff,Substantive,-6.54,
,"Critical Care, theatres and Anaesthetics",259542,INTENSIVIST ANAESTHETIC MEDICAL STAFFING,Pay,Medical,2023-12,,WTE,-6.60,"-£90,836.36",,,Theatres & Anaesthesia,,Planned Pathways,Medical Staff,Substantive,-6.60,
,"Critical Care, theatres and Anaesthetics",259542,INTENSIVIST ANAESTHETIC MEDICAL STAFFING,Pay,Medical,2024-01,,WTE,-6.60,"-£86,949.72",,,Theatres & Anaesthesia,,Planned Pathways,Medical Staff,Substantive,-6.60,
,"Critical Care, theatres and Anaesthetics",259542,INTENSIVIST ANAESTHETIC MEDICAL STAFFING,Pay,Medical,2024-02,,WTE,-6.60,"-£110,990.41",,,Theatres & Anaesthesia,,Planned Pathways,Medical Staff,Substantive,-6.60,
,"Critical Care, theatres and Anaesthetics",259542,INTENSIVIST ANAESTHETIC MEDICAL STAFFING,Pay,Medical,2024-03,,WTE,-6.60,"-£127,121.73",,,Theatres & Anaesthesia,,Planned Pathways,Medical Staff,Substantive,-6.60,
,"Critical Care, theatres and Anaesthetics",259543,ANAESTHETIC RECOVERY SUPPORT,Pay,Medical,2023-11,,WTE,-0.54,"-£21,728.13",,,Theatres & Anaesthesia,,Planned Pathways,Medical Staff,Substantive,-0.54,
,"Critical Care, theatres and Anaesthetics",259543,ANAESTHETIC RECOVERY SUPPORT,Pay,Medical,2023-12,,WTE,-0.44,"-£16,642.41",,,Theatres & Anaesthesia,,Planned Pathways,Medical Staff,Substantive,-0.44,
,"Critical Care, theatres and Anaesthetics",259543,ANAESTHETIC RECOVERY SUPPORT,Pay,Medical,2024-01,,WTE,-0.39,"-£22,315.54",,,Theatres & Anaesthesia,,Planned Pathways,Medical Staff,Substantive,-0.39,
,"Critical Care, theatres and Anaesthetics",259543,ANAESTHETIC RECOVERY SUPPORT,Pay,Medical,2024-02,,WTE,-0.59,"-£32,611.27",,,Theatres & Anaesthesia,,Planned Pathways,Medical Staff,Substantive,-0.59,
,"Critical Care, theatres and Anaesthetics",259543,ANAESTHETIC RECOVERY SUPPORT,Pay,Medical,2024-03,,WTE,-0.43,"-£19,367.06",,,Theatres & Anaesthesia,,Planned Pathways,Medical Staff,Substantive,-0.43,
,"Critical Care, theatres and Anaesthetics",259544,ITU/HDU,Pay,Nursing,2023-11,,WTE,-2.48,"-£13,711.21",,,Critical Care,,Planned Pathways,Nursing & Midwifery Staff,Agency,-2.48,
,"Critical Care, theatres and Anaesthetics",259544,ITU/HDU,Pay,Nursing,2023-11,,WTE,-8.76,"-£63,800.03",,,Critical Care,,Planned Pathways,Nursing & Midwifery Staff,Bank,-8.76,
,"Critical Care, theatres and Anaesthetics",259544,ITU/HDU,Pay,Nursing,2023-11,,WTE,-50.12,"-£214,615.02",,,Critical Care,,Planned Pathways,Nursing & Midwifery Staff,Substantive,-50.12,
,"Critical Care, theatres and Anaesthetics",259544,ITU/HDU,Pay,Nursing,2023-12,,WTE,-1.89,"-£10,566.23",,,Critical Care,,Planned Pathways,Nursing & Midwifery Staff,Agency,-1.89,
,"Critical Care, theatres and Anaesthetics",259544,ITU/HDU,Pay,Nursing,2023-12,,WTE,-11.08,"-£60,902.65",,,Critical Care,,Planned Pathways,Nursing & Midwifery Staff,Bank,-11.08,
,"Critical Care, theatres and Anaesthetics",259544,ITU/HDU,Pay,Nursing,2023-12,,WTE,-48.96,"-£214,943.84",,,Critical Care,,Planned Pathways,Nursing & Midwifery Staff,Substantive,-48.96,
,"Critical Care, theatres and Anaesthetics",259544,ITU/HDU,Pay,Nursing,2024-01,,WTE,-4.56,"-£25,458.24",,,Critical Care,,Planned Pathways,Nursing & Midwifery Staff,Agency,-4.56,
,"Critical Care, theatres and Anaesthetics",259544,ITU/HDU,Pay,Nursing,2024-01,,WTE,-9.73,"-£59,070.30",,,Critical Care,,Planned Pathways,Nursing & Midwifery Staff,Bank,-9.73,
,"Critical Care, theatres and Anaesthetics",259544,ITU/HDU,Pay,Nursing,2024-01,,WTE,-49.23,"-£225,280.52",,,Critical Care,,Planned Pathways,Nursing & Midwifery Staff,Substantive,-49.23,
,"Critical Care, theatres and Anaesthetics",259544,ITU/HDU,Pay,Nursing,2024-02,,WTE,-0.71,"-£4,124.19",,,Critical Care,,Planned Pathways,Nursing & Midwifery Staff,Agency,-0.71,
,"Critical Care, theatres and Anaesthetics",259544,ITU/HDU,Pay,Nursing,2024-02,,WTE,-7.73,"-£46,321.08",,,Critical Care,,Planned Pathways,Nursing & Midwifery Staff,Bank,-7.73,
,"Critical Care, theatres and Anaesthetics",259544,ITU/HDU,Pay,Nursing,2024-02,,WTE,-51.57,"-£223,007.22",,,Critical Care,,Planned Pathways,Nursing & Midwifery Staff,Substantive,-51.57,
,"Critical Care, theatres and Anaesthetics",259544,ITU/HDU,Pay,Nursing,2024-03,,WTE,-1.82,"-£9,422.28",,,Critical Care,,Planned Pathways,Nursing & Midwifery Staff,Agency,-1.82,
,"Critical Care, theatres and Anaesthetics",259544,ITU/HDU,Pay,Nursing,2024-03,,WTE,-14.17,"-£91,371.83",,,Critical Care,,Planned Pathways,Nursing & Midwifery Staff,Bank,-14.17,
,"Critical Care, theatres and Anaesthetics",259544,ITU/HDU,Pay,Nursing,2024-03,,WTE,-51.97,"-£234,267.46",,,Critical Care,,Planned Pathways,Nursing & Midwifery Staff,Substantive,-51.97,
,"Critical Care, theatres and Anaesthetics",259545,CRITICAL CARE OUTREACH TEAM,Pay,Nursing,2023-11,,WTE,-0.42,"-£5,323.74",,,Critical Care,,Planned Pathways,Nursing & Midwifery Staff,Bank,-0.42,
,"Critical Care, theatres and Anaesthetics",259545,CRITICAL CARE OUTREACH TEAM,Pay,Nursing,2023-11,,WTE,-8.09,"-£51,564.26",,,Critical Care,,Planned Pathways,Nursing & Midwifery Staff,Substantive,-8.09,
,"Critical Care, theatres and Anaesthetics",259545,CRITICAL CARE OUTREACH TEAM,Pay,Nursing,2023-12,,WTE,-0.62,"-£6,297.19",,,Critical Care,,Planned Pathways,Nursing & Midwifery Staff,Bank,-0.62,
,"Critical Care, theatres and Anaesthetics",259545,CRITICAL CARE OUTREACH TEAM,Pay,Nursing,2023-12,,WTE,-8.09,"-£49,713.03",,,Critical Care,,Planned Pathways,Nursing & Midwifery Staff,Substantive,-8.09,
,"Critical Care, theatres and Anaesthetics",259545,CRITICAL CARE OUTREACH TEAM,Pay,Nursing,2024-01,,WTE,-0.61,"-£6,515.42",,,Critical Care,,Planned Pathways,Nursing & Midwifery Staff,Bank,-0.61,
,"Critical Care, theatres and Anaesthetics",259545,CRITICAL CARE OUTREACH TEAM,Pay,Nursing,2024-01,,WTE,-8.09,"-£51,554.00",,,Critical Care,,Planned Pathways,Nursing & Midwifery Staff,Substantive,-8.09,
,"Critical Care, theatres and Anaesthetics",259545,CRITICAL CARE OUTREACH TEAM,Pay,Nursing,2024-02,,WTE,-0.88,"-£7,176.96",,,Critical Care,,Planned Pathways,Nursing & Midwifery Staff,Bank,-0.88,
,"Critical Care, theatres and Anaesthetics",259545,CRITICAL CARE OUTREACH TEAM,Pay,Nursing,2024-02,,WTE,-8.09,"-£51,089.09",,,Critical Care,,Planned Pathways,Nursing & Midwifery Staff,Substantive,-8.09,
,"Critical Care, theatres and Anaesthetics",259545,CRITICAL CARE OUTREACH TEAM,Pay,Nursing,2024-03,,WTE,-0.64,"-£6,428.59",,,Critical Care,,Planned Pathways,Nursing & Midwifery Staff,Bank,-0.64,
,"Critical Care, theatres and Anaesthetics",259545,CRITICAL CARE OUTREACH TEAM,Pay,Nursing,2024-03,,WTE,-8.09,"-£49,496.61",,,Critical Care,,Planned Pathways,Nursing & Midwifery Staff,Substantive,-8.09,
,"Critical Care, theatres and Anaesthetics",259546,MAIN THEATRES,Pay,Admin & Clerical,2023-11,,WTE,-0.56,"-£3,847.85",,,Theatres & Anaesthesia,,Planned Pathways,Admin & Clerical Staff,Bank,-0.56,
,"Critical Care, theatres and Anaesthetics",259546,MAIN THEATRES,Pay,Admin & Clerical,2023-12,,WTE,0.00,-£18.63,,,Theatres & Anaesthesia,,Planned Pathways,Admin & Clerical Staff,Bank,0.00,
,"Critical Care, theatres and Anaesthetics",259546,MAIN THEATRES,Pay,Admin & Clerical,2024-01,,WTE,-0.59,£0.00,,,Theatres & Anaesthesia,,Planned Pathways,Admin & Clerical Staff,Bank,-0.59,
,"Critical Care, theatres and Anaesthetics",259546,MAIN THEATRES,Pay,Ancillary,2023-11,,WTE,-0.30,"-£1,829.45",,,Theatres & Anaesthesia,,Planned Pathways,"HCA, Other Support & Ancillary Staff",Bank,-0.30,
,"Critical Care, theatres and Anaesthetics",259546,MAIN THEATRES,Pay,Ancillary,2023-12,,WTE,-0.46,"-£2,208.18",,,Theatres & Anaesthesia,,Planned Pathways,"HCA, Other Support & Ancillary Staff",Bank,-0.46,
,"Critical Care, theatres and Anaesthetics",259546,MAIN THEATRES,Pay,Ancillary,2024-01,,WTE,-0.32,"-£1,727.42",,,Theatres & Anaesthesia,,Planned Pathways,"HCA, Other Support & Ancillary Staff",Bank,-0.32,
,"Critical Care, theatres and Anaesthetics",259546,MAIN THEATRES,Pay,Ancillary,2024-02,,WTE,-0.49,"-£2,266.86",,,Theatres & Anaesthesia,,Planned Pathways,"HCA, Other Support & Ancillary Staff",Bank,-0.49,
,"Critical Care, theatres and Anaesthetics",259546,MAIN THEATRES,Pay,Ancillary,2024-03,,WTE,-0.64,"-£2,739.71",,,Theatres & Anaesthesia,,Planned Pathways,"HCA, Other Support & Ancillary Staff",Bank,-0.64,
,"Critical Care, theatres and Anaesthetics",259546,MAIN THEATRES,Pay,Nursing,2023-11,,WTE,-0.06,-£317.30,,,Theatres & Anaesthesia,,Planned Pathways,Nursing & Midwifery Staff,Agency,-0.06,
,"Critical Care, theatres and Anaesthetics",259546,MAIN THEATRES,Pay,Nursing,2023-11,,WTE,-10.16,"-£62,220.62",,,Theatres & Anaesthesia,,Planned Pathways,Nursing & Midwifery Staff,Bank,-10.16,
,"Critical Care, theatres and Anaesthetics",259546,MAIN THEATRES,Pay,Nursing,2023-11,,WTE,-80.20,"-£312,943.89",,,Theatres & Anaesthesia,,Planned Pathways,Nursing & Midwifery Staff,Substantive,-80.20,
,"Critical Care, theatres and Anaesthetics",259546,MAIN THEATRES,Pay,Nursing,2023-12,,WTE,-12.82,"-£61,638.04",,,Theatres & Anaesthesia,,Planned Pathways,Nursing & Midwifery Staff,Bank,-12.82,
,"Critical Care, theatres and Anaesthetics",259546,MAIN THEATRES,Pay,Nursing,2023-12,,WTE,-81.34,"-£306,389.01",,,Theatres & Anaesthesia,,Planned Pathways,Nursing & Midwifery Staff,Substantive,-81.34,
,"Critical Care, theatres and Anaesthetics",259546,MAIN THEATRES,Pay,Nursing,2024-01,,WTE,-10.74,"-£56,253.56",,,Theatres & Anaesthesia,,Planned Pathways,Nursing & Midwifery Staff,Bank,-10.74,
,"Critical Care, theatres and Anaesthetics",259546,MAIN THEATRES,Pay,Nursing,2024-01,,WTE,-84.90,"-£341,687.94",,,Theatres & Anaesthesia,,Planned Pathways,Nursing & Midwifery Staff,Substantive,-84.90,
,"Critical Care, theatres and Anaesthetics",259546,MAIN THEATRES,Pay,Nursing,2024-02,,WTE,-13.62,"-£66,163.97",,,Theatres & Anaesthesia,,Planned Pathways,Nursing & Midwifery Staff,Bank,-13.62,
,"Critical Care, theatres and Anaesthetics",259546,MAIN THEATRES,Pay,Nursing,2024-02,,WTE,-82.19,"-£305,093.80",,,Theatres & Anaesthesia,,Planned Pathways,Nursing & Midwifery Staff,Substantive,-82.19,
,"Critical Care, theatres and Anaesthetics",259546,MAIN THEATRES,Pay,Nursing,2024-03,,WTE,-0.60,"-£3,379.90",,,Theatres & Anaesthesia,,Planned Pathways,Nursing & Midwifery Staff,Agency,-0.60,
,"Critical Care, theatres and Anaesthetics",259546,MAIN THEATRES,Pay,Nursing,2024-03,,WTE,-18.54,"-£97,334.11",,,Theatres & Anaesthesia,,Planned Pathways,Nursing & Midwifery Staff,Bank,-18.54,
,"Critical Care, theatres and Anaesthetics",259546,MAIN THEATRES,Pay,Nursing,2024-03,,WTE,-78.83,"-£407,893.75",,,Theatres & Anaesthesia,,Planned Pathways,Nursing & Midwifery Staff,Substantive,-78.83,
,"Critical Care, theatres and Anaesthetics",259546,MAIN THEATRES,Pay,"Scientific, Therapeutic & Tech",2023-11,,WTE,-1.34,"-£10,784.65",,,Theatres & Anaesthesia,,Planned Pathways,"Scientific, Therapeutic & Technical Staff",Agency,-1.34,
,"Critical Care, theatres and Anaesthetics",259546,MAIN THEATRES,Pay,"Scientific, Therapeutic & Tech",2023-11,,WTE,-2.74,"-£17,977.62",,,Theatres & Anaesthesia,,Planned Pathways,"Scientific, Therapeutic & Technical Staff",Bank,-2.74,
,"Critical Care, theatres and Anaesthetics",259546,MAIN THEATRES,Pay,"Scientific, Therapeutic & Tech",2023-11,,WTE,-20.77,"-£94,879.22",,,Theatres & Anaesthesia,,Planned Pathways,"Scientific, Therapeutic & Technical Staff",Substantive,-20.77,
,"Critical Care, theatres and Anaesthetics",259546,MAIN THEATRES,Pay,"Scientific, Therapeutic & Tech",2023-12,,WTE,-0.82,"-£5,078.54",,,Theatres & Anaesthesia,,Planned Pathways,"Scientific, Therapeutic & Technical Staff",Agency,-0.82,
,"Critical Care, theatres and Anaesthetics",259546,MAIN THEATRES,Pay,"Scientific, Therapeutic & Tech",2023-12,,WTE,-3.88,"-£19,521.69",,,Theatres & Anaesthesia,,Planned Pathways,"Scientific, Therapeutic & Technical Staff",Bank,-3.88,
,"Critical Care, theatres and Anaesthetics",259546,MAIN THEATRES,Pay,"Scientific, Therapeutic & Tech",2023-12,,WTE,-21.42,"-£92,844.06",,,Theatres & Anaesthesia,,Planned Pathways,"Scientific, Therapeutic & Technical Staff",Substantive,-21.42,
,"Critical Care, theatres and Anaesthetics",259546,MAIN THEATRES,Pay,"Scientific, Therapeutic & Tech",2024-01,,WTE,-0.78,"-£4,976.68",,,Theatres & Anaesthesia,,Planned Pathways,"Scientific, Therapeutic & Technical Staff",Agency,-0.78,
,"Critical Care, theatres and Anaesthetics",259546,MAIN THEATRES,Pay,"Scientific, Therapeutic & Tech",2024-01,,WTE,-3.41,"-£19,995.17",,,Theatres & Anaesthesia,,Planned Pathways,"Scientific, Therapeutic & Technical Staff",Bank,-3.41,
,"Critical Care, theatres and Anaesthetics",259546,MAIN THEATRES,Pay,"Scientific, Therapeutic & Tech",2024-01,,WTE,-21.98,"-£99,261.83",,,Theatres & Anaesthesia,,Planned Pathways,"Scientific, Therapeutic & Technical Staff",Substantive,-21.98,
,"Critical Care, theatres and Anaesthetics",259546,MAIN THEATRES,Pay,"Scientific, Therapeutic & Tech",2024-02,,WTE,-0.12,-£840.02,,,Theatres & Anaesthesia,,Planned Pathways,"Scientific, Therapeutic & Technical Staff",Agency,-0.12,
,"Critical Care, theatres and Anaesthetics",259546,MAIN THEATRES,Pay,"Scientific, Therapeutic & Tech",2024-02,,WTE,-4.24,"-£25,127.22",,,Theatres & Anaesthesia,,Planned Pathways,"Scientific, Therapeutic & Technical Staff",Bank,-4.24,
,"Critical Care, theatres and Anaesthetics",259546,MAIN THEATRES,Pay,"Scientific, Therapeutic & Tech",2024-02,,WTE,-21.99,"-£97,843.30",,,Theatres & Anaesthesia,,Planned Pathways,"Scientific, Therapeutic & Technical Staff",Substantive,-21.99,
,"Critical Care, theatres and Anaesthetics",259546,MAIN THEATRES,Pay,"Scientific, Therapeutic & Tech",2024-03,,WTE,-3.11,"-£16,111.26",,,Theatres & Anaesthesia,,Planned Pathways,"Scientific, Therapeutic & Technical Staff",Agency,-3.11,
,"Critical Care, theatres and Anaesthetics",259546,MAIN THEATRES,Pay,"Scientific, Therapeutic & Tech",2024-03,,WTE,-5.14,"-£29,138.70",,,Theatres & Anaesthesia,,Planned Pathways,"Scientific, Therapeutic & Technical Staff",Bank,-5.14,
,"Critical Care, theatres and Anaesthetics",259546,MAIN THEATRES,Pay,"Scientific, Therapeutic & Tech",2024-03,,WTE,-21.18,"-£94,184.00",,,Theatres & Anaesthesia,,Planned Pathways,"Scientific, Therapeutic & Technical Staff",Substantive,-21.18,
,"Critical Care, theatres and Anaesthetics",259548,SUB DIVISION 1 SUPPORT,Pay,Admin & Clerical,2023-11,,WTE,-7.50,"-£24,475.25",,,Theatres & Anaesthesia,,Planned Pathways,Admin & Clerical Staff,Substantive,-7.50,
,"Critical Care, theatres and Anaesthetics",259548,SUB DIVISION 1 SUPPORT,Pay,Admin & Clerical,2023-12,,WTE,-7.50,"-£24,480.21",,,Theatres & Anaesthesia,,Planned Pathways,Admin & Clerical Staff,Substantive,-7.50,
,"Critical Care, theatres and Anaesthetics",259548,SUB DIVISION 1 SUPPORT,Pay,Admin & Clerical,2024-01,,WTE,-0.09,"-£5,475.07",,,Theatres & Anaesthesia,,Planned Pathways,Admin & Clerical Staff,Bank,-0.09,
,"Critical Care, theatres and Anaesthetics",259548,SUB DIVISION 1 SUPPORT,Pay,Admin & Clerical,2024-01,,WTE,-7.50,"-£24,475.25",,,Theatres & Anaesthesia,,Planned Pathways,Admin & Clerical Staff,Substantive,-7.50,
,"Critical Care, theatres and Anaesthetics",259548,SUB DIVISION 1 SUPPORT,Pay,Admin & Clerical,2024-02,,WTE,-0.83,"-£4,120.48",,,Theatres & Anaesthesia,,Planned Pathways,Admin & Clerical Staff,Bank,-0.83,
,"Critical Care, theatres and Anaesthetics",259548,SUB DIVISION 1 SUPPORT,Pay,Admin & Clerical,2024-02,,WTE,-7.50,"-£24,475.25",,,Theatres & Anaesthesia,,Planned Pathways,Admin & Clerical Staff,Substantive,-7.50,
,"Critical Care, theatres and Anaesthetics",259548,SUB DIVISION 1 SUPPORT,Pay,Admin & Clerical,2024-03,,WTE,-0.90,"-£4,133.31",,,Theatres & Anaesthesia,,Planned Pathways,Admin & Clerical Staff,Bank,-0.90,
,"Critical Care, theatres and Anaesthetics",259548,SUB DIVISION 1 SUPPORT,Pay,Admin & Clerical,2024-03,,WTE,-7.50,"-£24,475.25",,,Theatres & Anaesthesia,,Planned Pathways,Admin & Clerical Staff,Substantive,-7.50,
,"Critical Care, theatres and Anaesthetics",259548,SUB DIVISION 1 SUPPORT,Pay,Ancillary,2023-11,,WTE,-14.80,"-£39,376.00",,,Theatres & Anaesthesia,,Planned Pathways,"HCA, Other Support & Ancillary Staff",Substantive,-14.80,
,"Critical Care, theatres and Anaesthetics",259548,SUB DIVISION 1 SUPPORT,Pay,Ancillary,2023-12,,WTE,-15.62,"-£40,560.48",,,Theatres & Anaesthesia,,Planned Pathways,"HCA, Other Support & Ancillary Staff",Substantive,-15.62,
,"Critical Care, theatres and Anaesthetics",259548,SUB DIVISION 1 SUPPORT,Pay,Ancillary,2024-01,,WTE,-15.58,"-£41,222.44",,,Theatres & Anaesthesia,,Planned Pathways,"HCA, Other Support & Ancillary Staff",Substantive,-15.58,
,"Critical Care, theatres and Anaesthetics",259548,SUB DIVISION 1 SUPPORT,Pay,Ancillary,2024-02,,WTE,-13.15,"-£39,005.30",,,Theatres & Anaesthesia,,Planned Pathways,"HCA, Other Support & Ancillary Staff",Substantive,-13.15,
,"Critical Care, theatres and Anaesthetics",259548,SUB DIVISION 1 SUPPORT,Pay,Ancillary,2024-03,,WTE,-14.80,"-£38,349.78",,,Theatres & Anaesthesia,,Planned Pathways,"HCA, Other Support & Ancillary Staff",Substantive,-14.80,
,"Critical Care, theatres and Anaesthetics",259548,SUB DIVISION 1 SUPPORT,Pay,Snr Managers,2023-11,,WTE,-1.00,"-£4,782.57",,,Theatres & Anaesthesia,,Planned Pathways,Senior Managers,Substantive,-1.00,
,"Critical Care, theatres and Anaesthetics",259548,SUB DIVISION 1 SUPPORT,Pay,Snr Managers,2023-12,,WTE,-1.00,"-£4,782.57",,,Theatres & Anaesthesia,,Planned Pathways,Senior Managers,Substantive,-1.00,
,"Critical Care, theatres and Anaesthetics",259548,SUB DIVISION 1 SUPPORT,Pay,Snr Managers,2024-01,,WTE,-1.00,"-£4,782.57",,,Theatres & Anaesthesia,,Planned Pathways,Senior Managers,Substantive,-1.00,
,"Critical Care, theatres and Anaesthetics",259548,SUB DIVISION 1 SUPPORT,Pay,Snr Managers,2024-02,,WTE,-1.00,"-£4,782.57",,,Theatres & Anaesthesia,,Planned Pathways,Senior Managers,Substantive,-1.00,
,"Critical Care, theatres and Anaesthetics",259548,SUB DIVISION 1 SUPPORT,Pay,Snr Managers,2024-03,,WTE,-1.00,"-£4,782.57",,,Theatres & Anaesthesia,,Planned Pathways,Senior Managers,Substantive,-1.00,
,"Critical Care, theatres and Anaesthetics",259549,POST ANAESTHETIC CARE UNIT,Pay,Nursing,2023-11,,WTE,-3.62,"-£30,125.19",,,Theatres & Anaesthesia,,Planned Pathways,Nursing & Midwifery Staff,Bank,-3.62,
,"Critical Care, theatres and Anaesthetics",259549,POST ANAESTHETIC CARE UNIT,Pay,Nursing,2023-11,,WTE,-20.41,"-£86,442.94",,,Theatres & Anaesthesia,,Planned Pathways,Nursing & Midwifery Staff,Substantive,-20.41,
,"Critical Care, theatres and Anaesthetics",259549,POST ANAESTHETIC CARE UNIT,Pay,Nursing,2023-12,,WTE,-0.07,-£317.30,,,Theatres & Anaesthesia,,Planned Pathways,Nursing & Midwifery Staff,Agency,-0.07,
,"Critical Care, theatres and Anaesthetics",259549,POST ANAESTHETIC CARE UNIT,Pay,Nursing,2023-12,,WTE,-5.43,"-£30,008.68",,,Theatres & Anaesthesia,,Planned Pathways,Nursing & Midwifery Staff,Bank,-5.43,
,"Critical Care, theatres and Anaesthetics",259549,POST ANAESTHETIC CARE UNIT,Pay,Nursing,2023-12,,WTE,-20.41,"-£87,732.16",,,Theatres & Anaesthesia,,Planned Pathways,Nursing & Midwifery Staff,Substantive,-20.41,
,"Critical Care, theatres and Anaesthetics",259549,POST ANAESTHETIC CARE UNIT,Pay,Nursing,2024-01,,WTE,-0.07,-£317.30,,,Theatres & Anaesthesia,,Planned Pathways,Nursing & Midwifery Staff,Agency,-0.07,
,"Critical Care, theatres and Anaesthetics",259549,POST ANAESTHETIC CARE UNIT,Pay,Nursing,2024-01,,WTE,-3.59,"-£23,950.18",,,Theatres & Anaesthesia,,Planned Pathways,Nursing & Midwifery Staff,Bank,-3.59,
,"Critical Care, theatres and Anaesthetics",259549,POST ANAESTHETIC CARE UNIT,Pay,Nursing,2024-01,,WTE,-23.18,"-£113,166.60",,,Theatres & Anaesthesia,,Planned Pathways,Nursing & Midwifery Staff,Substantive,-23.18,
,"Critical Care, theatres and Anaesthetics",259549,POST ANAESTHETIC CARE UNIT,Pay,Nursing,2024-02,,WTE,0.00,-£396.96,,,Theatres & Anaesthesia,,Planned Pathways,Nursing & Midwifery Staff,Agency,0.00,
,"Critical Care, theatres and Anaesthetics",259549,POST ANAESTHETIC CARE UNIT,Pay,Nursing,2024-02,,WTE,-4.71,"-£34,153.90",,,Theatres & Anaesthesia,,Planned Pathways,Nursing & Midwifery Staff,Bank,-4.71,
,"Critical Care, theatres and Anaesthetics",259549,POST ANAESTHETIC CARE UNIT,Pay,Nursing,2024-02,,WTE,-22.55,"-£93,804.48",,,Theatres & Anaesthesia,,Planned Pathways,Nursing & Midwifery Staff,Substantive,-22.55,
,"Critical Care, theatres and Anaesthetics",259549,POST ANAESTHETIC CARE UNIT,Pay,Nursing,2024-03,,WTE,-5.52,"-£36,693.09",,,Theatres & Anaesthesia,,Planned Pathways,Nursing & Midwifery Staff,Bank,-5.52,
,"Critical Care, theatres and Anaesthetics",259549,POST ANAESTHETIC CARE UNIT,Pay,Nursing,2024-03,,WTE,-24.50,"-£96,745.43",,,Theatres & Anaesthesia,,Planned Pathways,Nursing & Midwifery Staff,Substantive,-24.50,
,"Critical Care, theatres and Anaesthetics",259549,POST ANAESTHETIC CARE UNIT,Pay,"Scientific, Therapeutic & Tech",2023-12,,WTE,0.00,£0.63,,,Theatres & Anaesthesia,,Planned Pathways,"Scientific, Therapeutic & Technical Staff",Bank,0.00,
,Digestive Services,259550,COLORECTAL RECOVERY,Pay,Medical,2023-11,,WTE,-1.03,"-£31,979.43",,,Gastroenterology,,Planned Pathways,Medical Staff,Substantive,-1.03,
,Digestive Services,259550,COLORECTAL RECOVERY,Pay,Medical,2023-12,,WTE,-1.13,"-£13,022.61",,,Gastroenterology,,Planned Pathways,Medical Staff,Substantive,-1.13,
,Digestive Services,259550,COLORECTAL RECOVERY,Pay,Medical,2024-01,,WTE,-0.44,"-£1,158.77",,,Gastroenterology,,Planned Pathways,Medical Staff,Substantive,-0.44,
,Digestive Services,259550,COLORECTAL RECOVERY,Pay,Medical,2024-02,,WTE,-0.67,"-£11,717.54",,,Gastroenterology,,Planned Pathways,Medical Staff,Substantive,-0.67,
,Digestive Services,259550,COLORECTAL RECOVERY,Pay,Medical,2024-03,,WTE,-0.36,"-£6,854.68",,,Gastroenterology,,Planned Pathways,Medical Staff,Substantive,-0.36,
,Digestive Services,259551,DAY STAY UNIT,Pay,Admin & Clerical,2023-11,,WTE,-0.02,-£67.20,,,Gastroenterology,,Planned Pathways,Admin & Clerical Staff,Bank,-0.02,
,Digestive Services,259551,DAY STAY UNIT,Pay,Admin & Clerical,2023-11,,WTE,-2.00,"-£4,827.20",,,Gastroenterology,,Planned Pathways,Admin & Clerical Staff,Substantive,-2.00,
,Digestive Services,259551,DAY STAY UNIT,Pay,Admin & Clerical,2023-12,,WTE,0.00,-£0.05,,,Gastroenterology,,Planned Pathways,Admin & Clerical Staff,Bank,0.00,
,Digestive Services,259551,DAY STAY UNIT,Pay,Admin & Clerical,2023-12,,WTE,-2.00,"-£4,827.20",,,Gastroenterology,,Planned Pathways,Admin & Clerical Staff,Substantive,-2.00,
,Digestive Services,259551,DAY STAY UNIT,Pay,Admin & Clerical,2024-01,,WTE,-2.00,"-£4,827.20",,,Gastroenterology,,Planned Pathways,Admin & Clerical Staff,Substantive,-2.00,
,Digestive Services,259551,DAY STAY UNIT,Pay,Admin & Clerical,2024-02,,WTE,-2.00,"-£4,827.20",,,Gastroenterology,,Planned Pathways,Admin & Clerical Staff,Substantive,-2.00,
,Digestive Services,259551,DAY STAY UNIT,Pay,Admin & Clerical,2024-03,,WTE,-2.00,"-£4,827.20",,,Gastroenterology,,Planned Pathways,Admin & Clerical Staff,Substantive,-2.00,
,Digestive Services,259551,DAY STAY UNIT,Pay,Nursing,2023-11,,WTE,-1.35,"-£8,302.29",,,Gastroenterology,,Planned Pathways,Nursing & Midwifery Staff,Bank,-1.35,
,Digestive Services,259551,DAY STAY UNIT,Pay,Nursing,2023-11,,WTE,-19.40,"-£65,124.39",,,Gastroenterology,,Planned Pathways,Nursing & Midwifery Staff,Substantive,-19.40,
,Digestive Services,259551,DAY STAY UNIT,Pay,Nursing,2023-12,,WTE,-0.99,"-£5,265.61",,,Gastroenterology,,Planned Pathways,Nursing & Midwifery Staff,Bank,-0.99,
,Digestive Services,259551,DAY STAY UNIT,Pay,Nursing,2023-12,,WTE,-18.61,"-£66,721.86",,,Gastroenterology,,Planned Pathways,Nursing & Midwifery Staff,Substantive,-18.61,
,Digestive Services,259551,DAY STAY UNIT,Pay,Nursing,2024-01,,WTE,-1.10,"-£6,869.25",,,Gastroenterology,,Planned Pathways,Nursing & Midwifery Staff,Bank,-1.10,
,Digestive Services,259551,DAY STAY UNIT,Pay,Nursing,2024-01,,WTE,-18.05,"-£65,001.58",,,Gastroenterology,,Planned Pathways,Nursing & Midwifery Staff,Substantive,-18.05,
,Digestive Services,259551,DAY STAY UNIT,Pay,Nursing,2024-02,,WTE,-1.16,"-£6,614.10",,,Gastroenterology,,Planned Pathways,Nursing & Midwifery Staff,Bank,-1.16,
,Digestive Services,259551,DAY STAY UNIT,Pay,Nursing,2024-02,,WTE,-18.06,"-£64,411.81",,,Gastroenterology,,Planned Pathways,Nursing & Midwifery Staff,Substantive,-18.06,
,Digestive Services,259551,DAY STAY UNIT,Pay,Nursing,2024-03,,WTE,-1.28,"-£7,510.83",,,Gastroenterology,,Planned Pathways,Nursing & Midwifery Staff,Bank,-1.28,
,Digestive Services,259551,DAY STAY UNIT,Pay,Nursing,2024-03,,WTE,-18.78,"-£110,594.19",,,Gastroenterology,,Planned Pathways,Nursing & Midwifery Staff,Substantive,-18.78,
,Digestive Services,259552,ENDOSCOPY SERVICE,Pay,Admin & Clerical,2023-11,,WTE,-0.86,"-£4,931.38",,,Gastroenterology,,Planned Pathways,Admin & Clerical Staff,Bank,-0.86,
,Digestive Services,259552,ENDOSCOPY SERVICE,Pay,Admin & Clerical,2023-11,,WTE,-2.00,"-£4,827.20",,,Gastroenterology,,Planned Pathways,Admin & Clerical Staff,Substantive,-2.00,
,Digestive Services,259552,ENDOSCOPY SERVICE,Pay,Admin & Clerical,2023-12,,WTE,-0.53,"-£1,861.94",,,Gastroenterology,,Planned Pathways,Admin & Clerical Staff,Bank,-0.53,
,Digestive Services,259552,ENDOSCOPY SERVICE,Pay,Admin & Clerical,2023-12,,WTE,-2.00,"-£4,827.20",,,Gastroenterology,,Planned Pathways,Admin & Clerical Staff,Substantive,-2.00,
,Digestive Services,259552,ENDOSCOPY SERVICE,Pay,Admin & Clerical,2024-01,,WTE,-0.32,"-£1,827.95",,,Gastroenterology,,Planned Pathways,Admin & Clerical Staff,Bank,-0.32,
,Digestive Services,259552,ENDOSCOPY SERVICE,Pay,Admin & Clerical,2024-01,,WTE,-2.00,"-£4,827.20",,,Gastroenterology,,Planned Pathways,Admin & Clerical Staff,Substantive,-2.00,
,Digestive Services,259552,ENDOSCOPY SERVICE,Pay,Admin & Clerical,2024-02,,WTE,-0.29,"-£1,328.28",,,Gastroenterology,,Planned Pathways,Admin & Clerical Staff,Bank,-0.29,
,Digestive Services,259552,ENDOSCOPY SERVICE,Pay,Admin & Clerical,2024-02,,WTE,-2.00,"-£4,827.20",,,Gastroenterology,,Planned Pathways,Admin & Clerical Staff,Substantive,-2.00,
,Digestive Services,259552,ENDOSCOPY SERVICE,Pay,Admin & Clerical,2024-03,,WTE,-0.31,"-£1,454.32",,,Gastroenterology,,Planned Pathways,Admin & Clerical Staff,Bank,-0.31,
,Digestive Services,259552,ENDOSCOPY SERVICE,Pay,Admin & Clerical,2024-03,,WTE,-2.00,"-£4,827.20",,,Gastroenterology,,Planned Pathways,Admin & Clerical Staff,Substantive,-2.00,
,Digestive Services,259552,ENDOSCOPY SERVICE,Pay,Ancillary,2023-11,,WTE,-0.18,"-£1,608.15",,,Gastroenterology,,Planned Pathways,"HCA, Other Support & Ancillary Staff",Bank,-0.18,
,Digestive Services,259552,ENDOSCOPY SERVICE,Pay,Ancillary,2023-11,,WTE,-1.04,-£819.81,,,Gastroenterology,,Planned Pathways,"HCA, Other Support & Ancillary Staff",Substantive,-1.04,
,Digestive Services,259552,ENDOSCOPY SERVICE,Pay,Ancillary,2023-12,,WTE,-0.24,-£697.37,,,Gastroenterology,,Planned Pathways,"HCA, Other Support & Ancillary Staff",Bank,-0.24,
,Digestive Services,259552,ENDOSCOPY SERVICE,Pay,Ancillary,2023-12,,WTE,-1.69,"-£6,982.29",,,Gastroenterology,,Planned Pathways,"HCA, Other Support & Ancillary Staff",Substantive,-1.69,
,Digestive Services,259552,ENDOSCOPY SERVICE,Pay,Ancillary,2024-01,,WTE,-0.18,-£989.60,,,Gastroenterology,,Planned Pathways,"HCA, Other Support & Ancillary Staff",Bank,-0.18,
,Digestive Services,259552,ENDOSCOPY SERVICE,Pay,Ancillary,2024-01,,WTE,-1.69,"-£3,901.05",,,Gastroenterology,,Planned Pathways,"HCA, Other Support & Ancillary Staff",Substantive,-1.69,
,Digestive Services,259552,ENDOSCOPY SERVICE,Pay,Ancillary,2024-02,,WTE,-0.48,"-£1,426.47",,,Gastroenterology,,Planned Pathways,"HCA, Other Support & Ancillary Staff",Bank,-0.48,
,Digestive Services,259552,ENDOSCOPY SERVICE,Pay,Ancillary,2024-02,,WTE,-1.66,"-£3,849.59",,,Gastroenterology,,Planned Pathways,"HCA, Other Support & Ancillary Staff",Substantive,-1.66,
,Digestive Services,259552,ENDOSCOPY SERVICE,Pay,Ancillary,2024-03,,WTE,-0.52,"-£1,609.18",,,Gastroenterology,,Planned Pathways,"HCA, Other Support & Ancillary Staff",Bank,-0.52,
,Digestive Services,259552,ENDOSCOPY SERVICE,Pay,Ancillary,2024-03,,WTE,-0.94,"-£2,191.76",,,Gastroenterology,,Planned Pathways,"HCA, Other Support & Ancillary Staff",Substantive,-0.94,
,Digestive Services,259552,ENDOSCOPY SERVICE,Pay,Nursing,2023-11,,WTE,-4.57,"-£37,394.16",,,Gastroenterology,,Planned Pathways,Nursing & Midwifery Staff,Bank,-4.57,
,Digestive Services,259552,ENDOSCOPY SERVICE,Pay,Nursing,2023-11,,WTE,-24.35,"-£86,971.67",,,Gastroenterology,,Planned Pathways,Nursing & Midwifery Staff,Substantive,-24.35,
,Digestive Services,259552,ENDOSCOPY SERVICE,Pay,Nursing,2023-12,,WTE,-5.15,"-£32,471.17",,,Gastroenterology,,Planned Pathways,Nursing & Midwifery Staff,Bank,-5.15,
,Digestive Services,259552,ENDOSCOPY SERVICE,Pay,Nursing,2023-12,,WTE,-21.81,"-£79,551.36",,,Gastroenterology,,Planned Pathways,Nursing & Midwifery Staff,Substantive,-21.81,
,Digestive Services,259552,ENDOSCOPY SERVICE,Pay,Nursing,2024-01,,WTE,-4.91,"-£31,994.05",,,Gastroenterology,,Planned Pathways,Nursing & Midwifery Staff,Bank,-4.91,
,Digestive Services,259552,ENDOSCOPY SERVICE,Pay,Nursing,2024-01,,WTE,-22.61,"-£89,098.29",,,Gastroenterology,,Planned Pathways,Nursing & Midwifery Staff,Substantive,-22.61,
,Digestive Services,259552,ENDOSCOPY SERVICE,Pay,Nursing,2024-02,,WTE,-5.16,"-£33,482.41",,,Gastroenterology,,Planned Pathways,Nursing & Midwifery Staff,Bank,-5.16,
,Digestive Services,259552,ENDOSCOPY SERVICE,Pay,Nursing,2024-02,,WTE,-23.59,"-£82,982.64",,,Gastroenterology,,Planned Pathways,Nursing & Midwifery Staff,Substantive,-23.59,
,Digestive Services,259552,ENDOSCOPY SERVICE,Pay,Nursing,2024-03,,WTE,-6.27,"-£38,264.93",,,Gastroenterology,,Planned Pathways,Nursing & Midwifery Staff,Bank,-6.27,
,Digestive Services,259552,ENDOSCOPY SERVICE,Pay,Nursing,2024-03,,WTE,-22.37,"-£77,341.36",,,Gastroenterology,,Planned Pathways,Nursing & Midwifery Staff,Substantive,-22.37,
,Digestive Services,259552,ENDOSCOPY SERVICE,Pay,"Scientific, Therapeutic & Tech",2023-11,,WTE,-0.23,"-£2,710.30",,,Gastroenterology,,Planned Pathways,"Scientific, Therapeutic & Technical Staff",Bank,-0.23,
,Digestive Services,259552,ENDOSCOPY SERVICE,Pay,"Scientific, Therapeutic & Tech",2023-12,,WTE,-0.12,-£626.31,,,Gastroenterology,,Planned Pathways,"Scientific, Therapeutic & Technical Staff",Bank,-0.12,
,Digestive Services,259552,ENDOSCOPY SERVICE,Pay,"Scientific, Therapeutic & Tech",2024-01,,WTE,-0.18,-£979.36,,,Gastroenterology,,Planned Pathways,"Scientific, Therapeutic & Technical Staff",Bank,-0.18,
,Digestive Services,259552,ENDOSCOPY SERVICE,Pay,"Scientific, Therapeutic & Tech",2024-02,,WTE,-0.10,-£448.87,,,Gastroenterology,,Planned Pathways,"Scientific, Therapeutic & Technical Staff",Bank,-0.10,
,Digestive Services,259552,ENDOSCOPY SERVICE,Pay,"Scientific, Therapeutic & Tech",2024-03,,WTE,-0.04,-£227.38,,,Gastroenterology,,Planned Pathways,"Scientific, Therapeutic & Technical Staff",Bank,-0.04,
,Digestive Services,259553,ENDOSCOPY RECOVERY,Pay,Medical,2023-11,,WTE,0.00,"£9,887.98",,,Gastroenterology,,Planned Pathways,Medical Staff,Substantive,0.00,
,Digestive Services,259553,ENDOSCOPY RECOVERY,Pay,Medical,2023-12,,WTE,0.00,"-£3,875.89",,,Gastroenterology,,Planned Pathways,Medical Staff,Substantive,0.00,
,Digestive Services,259553,ENDOSCOPY RECOVERY,Pay,Medical,2024-01,,WTE,0.00,"£1,707.00",,,Gastroenterology,,Planned Pathways,Medical Staff,Substantive,0.00,
,Digestive Services,259554,GASTRO RECOVERY,Pay,Medical,2023-11,,WTE,-0.14,"-£3,038.00",,,Gastroenterology,,Planned Pathways,Medical Staff,Substantive,-0.14,
,Digestive Services,259554,GASTRO RECOVERY,Pay,Medical,2023-12,,WTE,-0.14,"-£3,038.00",,,Gastroenterology,,Planned Pathways,Medical Staff,Substantive,-0.14,
,Digestive Services,259554,GASTRO RECOVERY,Pay,Medical,2024-01,,WTE,0.00,-£432.00,,,Gastroenterology,,Planned Pathways,Medical Staff,Substantive,0.00,
,Digestive Services,259554,GASTRO RECOVERY,Pay,Medical,2024-02,,WTE,0.00,£8.32,,,Gastroenterology,,Planned Pathways,Medical Staff,Substantive,0.00,
,"Critical Care, theatres and Anaesthetics",259555,CSSD/TSSU,Pay,Admin & Clerical,2023-11,,WTE,-5.49,"-£16,285.56",,,Theatres & Anaesthesia,,Planned Pathways,Admin & Clerical Staff,Substantive,-5.49,
,"Critical Care, theatres and Anaesthetics",259555,CSSD/TSSU,Pay,Admin & Clerical,2023-12,,WTE,-5.36,"-£15,524.85",,,Theatres & Anaesthesia,,Planned Pathways,Admin & Clerical Staff,Substantive,-5.36,
,"Critical Care, theatres and Anaesthetics",259555,CSSD/TSSU,Pay,Admin & Clerical,2024-01,,WTE,-0.18,-£581.10,,,Theatres & Anaesthesia,,Planned Pathways,Admin & Clerical Staff,Bank,-0.18,
,"Critical Care, theatres and Anaesthetics",259555,CSSD/TSSU,Pay,Admin & Clerical,2024-01,,WTE,-4.42,"-£13,156.49",,,Theatres & Anaesthesia,,Planned Pathways,Admin & Clerical Staff,Substantive,-4.42,
,"Critical Care, theatres and Anaesthetics",259555,CSSD/TSSU,Pay,Admin & Clerical,2024-02,,WTE,-0.58,"-£2,085.73",,,Theatres & Anaesthesia,,Planned Pathways,Admin & Clerical Staff,Bank,-0.58,
,"Critical Care, theatres and Anaesthetics",259555,CSSD/TSSU,Pay,Admin & Clerical,2024-02,,WTE,-4.41,"-£13,223.55",,,Theatres & Anaesthesia,,Planned Pathways,Admin & Clerical Staff,Substantive,-4.41,
,"Critical Care, theatres and Anaesthetics",259555,CSSD/TSSU,Pay,Admin & Clerical,2024-03,,WTE,-1.30,"-£6,334.35",,,Theatres & Anaesthesia,,Planned Pathways,Admin & Clerical Staff,Bank,-1.30,
,"Critical Care, theatres and Anaesthetics",259555,CSSD/TSSU,Pay,Admin & Clerical,2024-03,,WTE,-5.51,"-£16,386.91",,,Theatres & Anaesthesia,,Planned Pathways,Admin & Clerical Staff,Substantive,-5.51,
,"Critical Care, theatres and Anaesthetics",259555,CSSD/TSSU,Pay,Ancillary,2023-11,,WTE,-1.72,"-£6,484.74",,,Theatres & Anaesthesia,,Planned Pathways,"HCA, Other Support & Ancillary Staff",Bank,-1.72,
,"Critical Care, theatres and Anaesthetics",259555,CSSD/TSSU,Pay,Ancillary,2023-11,,WTE,-21.07,"-£55,529.07",,,Theatres & Anaesthesia,,Planned Pathways,"HCA, Other Support & Ancillary Staff",Substantive,-21.07,
,"Critical Care, theatres and Anaesthetics",259555,CSSD/TSSU,Pay,Ancillary,2023-12,,WTE,-1.85,"-£5,332.03",,,Theatres & Anaesthesia,,Planned Pathways,"HCA, Other Support & Ancillary Staff",Bank,-1.85,
,"Critical Care, theatres and Anaesthetics",259555,CSSD/TSSU,Pay,Ancillary,2023-12,,WTE,-19.66,"-£51,975.91",,,Theatres & Anaesthesia,,Planned Pathways,"HCA, Other Support & Ancillary Staff",Substantive,-19.66,
,"Critical Care, theatres and Anaesthetics",259555,CSSD/TSSU,Pay,Ancillary,2024-01,,WTE,-2.10,"-£6,081.36",,,Theatres & Anaesthesia,,Planned Pathways,"HCA, Other Support & Ancillary Staff",Bank,-2.10,
,"Critical Care, theatres and Anaesthetics",259555,CSSD/TSSU,Pay,Ancillary,2024-01,,WTE,-19.22,"-£52,664.08",,,Theatres & Anaesthesia,,Planned Pathways,"HCA, Other Support & Ancillary Staff",Substantive,-19.22,
,"Critical Care, theatres and Anaesthetics",259555,CSSD/TSSU,Pay,Ancillary,2024-02,,WTE,-0.25,-£829.65,,,Theatres & Anaesthesia,,Planned Pathways,"HCA, Other Support & Ancillary Staff",Bank,-0.25,
,"Critical Care, theatres and Anaesthetics",259555,CSSD/TSSU,Pay,Ancillary,2024-02,,WTE,-18.71,"-£50,240.59",,,Theatres & Anaesthesia,,Planned Pathways,"HCA, Other Support & Ancillary Staff",Substantive,-18.71,
,"Critical Care, theatres and Anaesthetics",259555,CSSD/TSSU,Pay,Ancillary,2024-03,,WTE,-0.41,"-£1,848.62",,,Theatres & Anaesthesia,,Planned Pathways,"HCA, Other Support & Ancillary Staff",Bank,-0.41,
,"Critical Care, theatres and Anaesthetics",259555,CSSD/TSSU,Pay,Ancillary,2024-03,,WTE,-18.45,"-£49,990.01",,,Theatres & Anaesthesia,,Planned Pathways,"HCA, Other Support & Ancillary Staff",Substantive,-18.45,
,"Critical Care, theatres and Anaesthetics",259555,CSSD/TSSU,Pay,Nursing,2023-11,,WTE,0.00,-£55.44,,,Theatres & Anaesthesia,,Planned Pathways,Nursing & Midwifery Staff,Bank,0.00,
,"Critical Care, theatres and Anaesthetics",259555,CSSD/TSSU,Pay,Nursing,2023-12,,WTE,0.00,-£6.02,,,Theatres & Anaesthesia,,Planned Pathways,Nursing & Midwifery Staff,Bank,0.00,
,"Critical Care, theatres and Anaesthetics",259555,CSSD/TSSU,Pay,Nursing,2024-01,,WTE,-0.41,"-£1,563.98",,,Theatres & Anaesthesia,,Planned Pathways,Nursing & Midwifery Staff,Bank,-0.41,
,"Critical Care, theatres and Anaesthetics",259555,CSSD/TSSU,Pay,Nursing,2024-02,,WTE,-0.11,-£369.77,,,Theatres & Anaesthesia,,Planned Pathways,Nursing & Midwifery Staff,Bank,-0.11,
,"Critical Care, theatres and Anaesthetics",259555,CSSD/TSSU,Pay,Nursing,2024-03,,WTE,-0.13,-£496.08,,,Theatres & Anaesthesia,,Planned Pathways,Nursing & Midwifery Staff,Bank,-0.13,
,"Critical Care, theatres and Anaesthetics",259555,CSSD/TSSU,Pay,Snr Managers,2023-11,,WTE,-2.41,"-£12,372.08",,,Theatres & Anaesthesia,,Planned Pathways,Senior Managers,Substantive,-2.41,
,"Critical Care, theatres and Anaesthetics",259555,CSSD/TSSU,Pay,Snr Managers,2023-12,,WTE,-2.04,"-£10,007.08",,,Theatres & Anaesthesia,,Planned Pathways,Senior Managers,Substantive,-2.04,
,"Critical Care, theatres and Anaesthetics",259555,CSSD/TSSU,Pay,Snr Managers,2024-01,,WTE,-2.19,"-£11,111.29",,,Theatres & Anaesthesia,,Planned Pathways,Senior Managers,Substantive,-2.19,
,"Critical Care, theatres and Anaesthetics",259555,CSSD/TSSU,Pay,Snr Managers,2024-02,,WTE,-2.14,"-£10,595.87",,,Theatres & Anaesthesia,,Planned Pathways,Senior Managers,Substantive,-2.14,
,"Critical Care, theatres and Anaesthetics",259555,CSSD/TSSU,Pay,Snr Managers,2024-03,,WTE,-2.23,"-£11,416.31",,,Theatres & Anaesthesia,,Planned Pathways,Senior Managers,Substantive,-2.23,
,Planned Pathways Management,259558,Covid 19 - Surgery,Pay,Nursing,2024-03,,WTE,0.00,-£419.00,,,Planned Pathways Management,,Planned Pathways,Nursing & Midwifery Staff,Bank,0.00,
,Community Services,259559,OPHTHALMOLOGY SUPPORT,Pay,Medical,2023-12,,WTE,-2.07,"-£59,004.44",,,Ophthalmology,,"Family, Diagnostics and Community",Medical Staff,Agency,-2.07,
,Community Services,259559,OPHTHALMOLOGY SUPPORT,Pay,Medical,2024-01,,WTE,-4.43,"-£61,060.53",,,Ophthalmology,,"Family, Diagnostics and Community",Medical Staff,Agency,-4.43,
,Community Services,259559,OPHTHALMOLOGY SUPPORT,Pay,Medical,2024-01,,WTE,-1.32,"-£14,805.28",,,Ophthalmology,,"Family, Diagnostics and Community",Medical Staff,Substantive,-1.32,
,Community Services,259559,OPHTHALMOLOGY SUPPORT,Pay,Medical,2024-02,,WTE,-4.04,"-£52,138.70",,,Ophthalmology,,"Family, Diagnostics and Community",Medical Staff,Agency,-4.04,
,Community Services,259559,OPHTHALMOLOGY SUPPORT,Pay,Medical,2024-02,,WTE,-1.00,"-£11,168.73",,,Ophthalmology,,"Family, Diagnostics and Community",Medical Staff,Substantive,-1.00,
,Community Services,259559,OPHTHALMOLOGY SUPPORT,Pay,Medical,2024-03,,WTE,-2.52,"-£44,220.12",,,Ophthalmology,,"Family, Diagnostics and Community",Medical Staff,Agency,-2.52,
,Community Services,259559,OPHTHALMOLOGY SUPPORT,Pay,Medical,2024-03,,WTE,-1.00,"-£11,861.33",,,Ophthalmology,,"Family, Diagnostics and Community",Medical Staff,Substantive,-1.00,
,Digestive Services,259560,GASTRO BOOKERS,Pay,Admin & Clerical,2023-12,,WTE,-5.80,"-£99,970.01",,,Gastroenterology,,Planned Pathways,Admin & Clerical Staff,Substantive,-5.80,
,Digestive Services,259560,GASTRO BOOKERS,Pay,Admin & Clerical,2024-01,,WTE,-5.80,"-£15,989.78",,,Gastroenterology,,Planned Pathways,Admin & Clerical Staff,Substantive,-5.80,
,Digestive Services,259560,GASTRO BOOKERS,Pay,Admin & Clerical,2024-02,,WTE,-5.72,"-£15,771.43",,,Gastroenterology,,Planned Pathways,Admin & Clerical Staff,Substantive,-5.72,
,Digestive Services,259560,GASTRO BOOKERS,Pay,Admin & Clerical,2024-03,,WTE,-5.80,"-£15,989.78",,,Gastroenterology,,Planned Pathways,Admin & Clerical Staff,Substantive,-5.80,
,Reserves,259804,UNIT RESERVES,Pay,Admin & Clerical,2024-03,,WTE,0.00,"-£2,025.56",,,Reserves,,Non-HCG Budgets,Admin & Clerical Staff,Substantive,0.00,
,Reserves,259804,UNIT RESERVES,Pay,Ancillary,2024-03,,WTE,0.00,"-£9,355.29",,,Reserves,,Non-HCG Budgets,"HCA, Other Support & Ancillary Staff",Substantive,0.00,
,Reserves,259804,UNIT RESERVES,Pay,Maintenance & Works Staff,2024-03,,WTE,0.00,-£253.93,,,Reserves,,Non-HCG Budgets,Maintenance & Works Staff,Substantive,0.00,
,Reserves,259804,UNIT RESERVES,Pay,Medical,2023-11,,WTE,0.00,"-£4,792.00",,,Reserves,,Non-HCG Budgets,Medical Staff,Substantive,0.00,
,Reserves,259804,UNIT RESERVES,Pay,Medical,2023-12,,WTE,0.00,"-£3,473.00",,,Reserves,,Non-HCG Budgets,Medical Staff,Substantive,0.00,
,Reserves,259804,UNIT RESERVES,Pay,Medical,2024-01,,WTE,0.00,"-£4,881.00",,,Reserves,,Non-HCG Budgets,Medical Staff,Substantive,0.00,
,Reserves,259804,UNIT RESERVES,Pay,Medical,2024-02,,WTE,0.00,"-£3,590.00",,,Reserves,,Non-HCG Budgets,Medical Staff,Substantive,0.00,
,Reserves,259804,UNIT RESERVES,Pay,Medical,2024-03,,WTE,0.00,"-£417,851.87",,,Reserves,,Non-HCG Budgets,Medical Staff,Substantive,0.00,
,Reserves,259804,UNIT RESERVES,Pay,Nursing,2024-01,,WTE,0.00,"£25,251.64",,,Reserves,,Non-HCG Budgets,Nursing & Midwifery Staff,Bank,0.00,
,Reserves,259804,UNIT RESERVES,Pay,Nursing,2024-01,,WTE,0.00,"£406,652.00",,,Reserves,,Non-HCG Budgets,Nursing & Midwifery Staff,Substantive,0.00,
,Reserves,259804,UNIT RESERVES,Pay,Nursing,2024-02,,WTE,0.00,"£355,860.00",,,Reserves,,Non-HCG Budgets,Nursing & Midwifery Staff,Substantive,0.00,
,Reserves,259804,UNIT RESERVES,Pay,Nursing,2024-03,,WTE,0.00,"£1,766,304.33",,,Reserves,,Non-HCG Budgets,Nursing & Midwifery Staff,Substantive,0.00,
,Reserves,259804,UNIT RESERVES,Pay,"Scientific, Therapeutic & Tech",2024-03,,WTE,0.00,"£466,866.48",,,Reserves,,Non-HCG Budgets,"Scientific, Therapeutic & Technical Staff",Substantive,0.00,
,Reserves,259804,UNIT RESERVES,Pay,Snr Managers,2024-02,,WTE,0.00,"£28,000.00",,,Reserves,,Non-HCG Budgets,Senior Managers,Substantive,0.00,
,Reserves,259804,UNIT RESERVES,Pay,Snr Managers,2024-03,,WTE,5.73,-£916.04,,,Reserves,,Non-HCG Budgets,Senior Managers,Substantive,5.73,
,Reserves,259808,COST PRESSURE RESERVE,Pay,Admin & Clerical,2024-03,,WTE,0.00,"-£914,775.00",,,Reserves,,Non-HCG Budgets,Admin & Clerical Staff,Substantive,0.00,
,Reserves,259808,COST PRESSURE RESERVE,Pay,Ancillary,2024-03,,WTE,0.00,"-£366,857.00",,,Reserves,,Non-HCG Budgets,"HCA, Other Support & Ancillary Staff",Substantive,0.00,
,Reserves,259808,COST PRESSURE RESERVE,Pay,Maintenance & Works Staff,2024-03,,WTE,0.00,"-£27,386.00",,,Reserves,,Non-HCG Budgets,Maintenance & Works Staff,Substantive,0.00,
,Reserves,259808,COST PRESSURE RESERVE,Pay,Medical,2024-03,,WTE,0.00,"-£59,814.00",,,Reserves,,Non-HCG Budgets,Medical Staff,Bank,0.00,
,Reserves,259808,COST PRESSURE RESERVE,Pay,Medical,2024-03,,WTE,0.00,"-£2,411,640.00",,,Reserves,,Non-HCG Budgets,Medical Staff,Substantive,0.00,
,Reserves,259808,COST PRESSURE RESERVE,Pay,Nursing,2024-03,,WTE,0.00,"-£3,292,316.00",,,Reserves,,Non-HCG Budgets,Nursing & Midwifery Staff,Substantive,0.00,
,Reserves,259808,COST PRESSURE RESERVE,Pay,"Scientific, Therapeutic & Tech",2024-03,,WTE,0.00,"-£1,521.00",,,Reserves,,Non-HCG Budgets,"Scientific, Therapeutic & Technical Staff",Agency,0.00,
,Reserves,259808,COST PRESSURE RESERVE,Pay,"Scientific, Therapeutic & Tech",2024-03,,WTE,0.00,-£285.00,,,Reserves,,Non-HCG Budgets,"Scientific, Therapeutic & Technical Staff",Bank,0.00,
,Reserves,259808,COST PRESSURE RESERVE,Pay,"Scientific, Therapeutic & Tech",2024-03,,WTE,0.00,"-£1,030,833.00",,,Reserves,,Non-HCG Budgets,"Scientific, Therapeutic & Technical Staff",Substantive,0.00,
,Reserves,259808,COST PRESSURE RESERVE,Pay,Snr Managers,2024-03,,WTE,0.00,"-£617,987.00",,,Reserves,,Non-HCG Budgets,Senior Managers,Substantive,0.00,
,Reserves,259809,NHSP CONTROL CODE,Pay,Nursing,2023-12,,WTE,0.00,£0.27,,,Reserves,,Non-HCG Budgets,Nursing & Midwifery Staff,Bank,0.00,
,Reserves,259809,NHSP CONTROL CODE,Pay,Nursing,2024-02,,WTE,0.00,£0.22,,,Reserves,,Non-HCG Budgets,Nursing & Midwifery Staff,Bank,0.00,
,Reserves,259809,NHSP CONTROL CODE,Pay,Nursing,2024-03,,WTE,0.00,£0.23,,,Reserves,,Non-HCG Budgets,Nursing & Midwifery Staff,Bank,0.00,
,Charitable + Research,259901,ORTHOPAEDICS RESEARCH FUND,Pay,Nursing,2023-11,,WTE,-0.40,"-£2,182.81",,,C+R Research,,Charitable + Research,Nursing & Midwifery Staff,Substantive,-0.40,
,Charitable + Research,259901,ORTHOPAEDICS RESEARCH FUND,Pay,Nursing,2023-12,,WTE,-0.40,"-£2,182.81",,,C+R Research,,Charitable + Research,Nursing & Midwifery Staff,Substantive,-0.40,
,Charitable + Research,259901,ORTHOPAEDICS RESEARCH FUND,Pay,Nursing,2024-01,,WTE,-0.40,"-£2,182.81",,,C+R Research,,Charitable + Research,Nursing & Midwifery Staff,Substantive,-0.40,
,Charitable + Research,259901,ORTHOPAEDICS RESEARCH FUND,Pay,Nursing,2024-02,,WTE,-0.40,"-£2,182.81",,,C+R Research,,Charitable + Research,Nursing & Midwifery Staff,Substantive,-0.40,
,Charitable + Research,259901,ORTHOPAEDICS RESEARCH FUND,Pay,Nursing,2024-03,,WTE,-0.40,"-£2,182.81",,,C+R Research,,Charitable + Research,Nursing & Midwifery Staff,Substantive,-0.40,
,Charitable + Research,259902,W/E ONCOLOGY RESEARCH FUND,Pay,Admin & Clerical,2023-11,,WTE,-0.15,"-£1,355.66",,,C+R Research,,Charitable + Research,Admin & Clerical Staff,Bank,-0.15,
,Charitable + Research,259902,W/E ONCOLOGY RESEARCH FUND,Pay,Admin & Clerical,2023-12,,WTE,-0.30,"-£2,234.51",,,C+R Research,,Charitable + Research,Admin & Clerical Staff,Bank,-0.30,
,Charitable + Research,259902,W/E ONCOLOGY RESEARCH FUND,Pay,Admin & Clerical,2024-01,,WTE,-0.14,-£519.91,,,C+R Research,,Charitable + Research,Admin & Clerical Staff,Bank,-0.14,
,Charitable + Research,259902,W/E ONCOLOGY RESEARCH FUND,Pay,Admin & Clerical,2024-02,,WTE,-0.10,-£693.25,,,C+R Research,,Charitable + Research,Admin & Clerical Staff,Bank,-0.10,
,Charitable + Research,259902,W/E ONCOLOGY RESEARCH FUND,Pay,Admin & Clerical,2024-03,,WTE,-0.25,"-£1,723.44",,,C+R Research,,Charitable + Research,Admin & Clerical Staff,Bank,-0.25,
,Charitable + Research,259902,W/E ONCOLOGY RESEARCH FUND,Pay,Nursing,2023-11,,WTE,-0.26,"-£2,040.44",,,C+R Research,,Charitable + Research,Nursing & Midwifery Staff,Bank,-0.26,
,Charitable + Research,259902,W/E ONCOLOGY RESEARCH FUND,Pay,Nursing,2023-12,,WTE,-0.10,-£428.56,,,C+R Research,,Charitable + Research,Nursing & Midwifery Staff,Bank,-0.10,
,Charitable + Research,259902,W/E ONCOLOGY RESEARCH FUND,Pay,Nursing,2024-01,,WTE,-0.23,"-£1,479.99",,,C+R Research,,Charitable + Research,Nursing & Midwifery Staff,Bank,-0.23,
,Charitable + Research,259902,W/E ONCOLOGY RESEARCH FUND,Pay,Nursing,2024-02,,WTE,-0.19,"-£1,205.22",,,C+R Research,,Charitable + Research,Nursing & Midwifery Staff,Bank,-0.19,
,Charitable + Research,259902,W/E ONCOLOGY RESEARCH FUND,Pay,Nursing,2024-03,,WTE,-0.07,-£425.03,,,C+R Research,,Charitable + Research,Nursing & Midwifery Staff,Bank,-0.07,
,Charitable + Research,259902,W/E ONCOLOGY RESEARCH FUND,Pay,"Scientific, Therapeutic & Tech",2023-11,,WTE,-0.40,"-£1,865.00",,,C+R Research,,Charitable + Research,"Scientific, Therapeutic & Technical Staff",Substantive,-0.40,
,Charitable + Research,259902,W/E ONCOLOGY RESEARCH FUND,Pay,"Scientific, Therapeutic & Tech",2023-12,,WTE,-0.40,"-£1,865.00",,,C+R Research,,Charitable + Research,"Scientific, Therapeutic & Technical Staff",Substantive,-0.40,
,Charitable + Research,259902,W/E ONCOLOGY RESEARCH FUND,Pay,"Scientific, Therapeutic & Tech",2024-01,,WTE,-0.40,"-£1,865.00",,,C+R Research,,Charitable + Research,"Scientific, Therapeutic & Technical Staff",Substantive,-0.40,
,Charitable + Research,259902,W/E ONCOLOGY RESEARCH FUND,Pay,"Scientific, Therapeutic & Tech",2024-02,,WTE,-0.40,"-£1,865.00",,,C+R Research,,Charitable + Research,"Scientific, Therapeutic & Technical Staff",Substantive,-0.40,
,Charitable + Research,259902,W/E ONCOLOGY RESEARCH FUND,Pay,"Scientific, Therapeutic & Tech",2024-03,,WTE,-0.40,"-£1,865.00",,,C+R Research,,Charitable + Research,"Scientific, Therapeutic & Technical Staff",Substantive,-0.40,
,,,,,,,,,,,,,,,,,,,
,,,,,,,,,,,,,,,,,,,
,,,,,,,,,,,,,,,,,,,
,,,,,,,,,,,,,,,,,,,
,,,,,,,,,,,,,,,,,,,
,,,,,,,,,,,,,,,,,,,
,,,,,,,,,,,,,,,,,,,
,,,,,,,,,,,,,,,,,,,
,,,,,,,,,,,,,,,,,,,
,,,,,,,,,,,,,,,,,,,
,,,,,,,,,,,,,,,,,,,
,,,,,,,,,,,,,,,,,,,
,,,,,,,,,,,,,,,,,,,
,,,,,,,,,,,,,,,,,,,
,,,,,,,,,,,,,,,,,,,
,,,,,,,,,,,,,,,,,,,
,,,,,,,,,,,,,,,,,,,
,,,,,,,,,,,,,,,,,,,
,,,,,,,,,,,,,,,,,,,
,,,,,,,,,,,,,,,,,,,
,,,,,,,,,,,,,,,,,,,
,,,,,,,,,,,,,,,,,,,
,,,,,,,,,,,,,,,,,,,
,,,,,,,,,,,,,,,,,,,
,,,,,,,,,,,,,,,,,,,
,,,,,,,,,,,,,,,,,,,
,,,,,,,,,,,,,,,,,,,
,,,,,,,,,,,,,,,,,,,
,,,,,,,,,,,,,,,,,,,
,,,,,,,,,,,,,,,,,,,
,,,,,,,,,,,,,,,,,,,
,,,,,,,,,,,,,,,,,,,
,,,,,,,,,,,,,,,,,,,
,,,,,,,,,,,,,,,,,,,
,,,,,,,,,,,,,,,,,,,
,,,,,,,,,,,,,,,,,,,
,,,,,,,,,,,,,,,,,,,
,,,,,,,,,,,,,,,,,,,
,,,,,,,,,,,,,,,,,,,
,,,,,,,,,,,,,,,,,,,
,,,,,,,,,,,,,,,,,,,
,,,,,,,,,,,,,,,,,,,
,,,,,,,,,,,,,,,,,,,
,,,,,,,,,,,,,,,,,,,
,,,,,,,,,,,,,,,,,,,
,,,,,,,,,,,,,,,,,,,
,,,,,,,,,,,,,,,,,,,
,,,,,,,,,,,,,,,,,,,
,,,,,,,,,,,,,,,,,,,
,,,,,,,,,,,,,,,,,,,
,,,,,,,,,,,,,,,,,,,
,,,,,,,,,,,,,,,,,,,
,,,,,,,,,,,,,,,,,,,
,,,,,,,,,,,,,,,,,,,
,,,,,,,,,,,,,,,,,,,
,,,,,,,,,,,,,,,,,,,
,,,,,,,,,,,,,,,,,,,
,,,,,,,,,,,,,,,,,,,
,,,,,,,,,,,,,,,,,,,
,,,,,,,,,,,,,,,,,,,
,,,,,,,,,,,,,,,,,,,
,,,,,,,,,,,,,,,,,,,
,,,,,,,,,,,,,,,,,,,
,,,,,,,,,,,,,,,,,,,
,,,,,,,,,,,,,,,,,,,
,,,,,,,,,,,,,,,,,,,
,,,,,,,,,,,,,,,,,,,
,,,,,,,,,,,,,,,,,,,
,,,,,,,,,,,,,,,,,,,
,,,,,,,,,,,,,,,,,,,
,,,,,,,,,,,,,,,,,,,
,,,,,,,,,,,,,,,,,,,
,,,,,,,,,,,,,,,,,,,
,,,,,,,,,,,,,,,,,,,
,,,,,,,,,,,,,,,,,,,
,,,,,,,,,,,,,,,,,,,
,,,,,,,,,,,,,,,,,,,
,,,,,,,,,,,,,,,,,,,
,,,,,,,,,,,,,,,,,,,
,,,,,,,,,,,,,,,,,,,
,,,,,,,,,,,,,,,,,,,
,,,,,,,,,,,,,,,,,,,
,,,,,,,,,,,,,,,,,,,
,,,,,,,,,,,,,,,,,,,
,,,,,,,,,,,,,,,,,,,
,,,,,,,,,,,,,,,,,,,
,,,,,,,,,,,,,,,,,,,
,,,,,,,,,,,,,,,,,,,
,,,,,,,,,,,,,,,,,,,
,,,,,,,,,,,,,,,,,,,
,,,,,,,,,,,,,,,,,,,
,,,,,,,,,,,,,,,,,,,
,,,,,,,,,,,,,,,,,,,
,,,,,,,,,,,,,,,,,,,
,,,,,,,,,,,,,,,,,,,
,,,,,,,,,,,,,,,,,,,
,,,,,,,,,,,,,,,,,,,
,,,,,,,,,,,,,,,,,,,
,,,,,,,,,,,,,,,,,,,
,,,,,,,,,,,,,,,,,,,
,,,,,,,,,,,,,,,,,,,
,,,,,,,,,,,,,,,,,,,
,,,,,,,,,,,,,,,,,,,
,,,,,,,,,,,,,,,,,,,
,,,,,,,,,,,,,,,,,,,
,,,,,,,,,,,,,,,,,,,
,,,,,,,,,,,,,,,,,,,
,,,,,,,,,,,,,,,,,,,
,,,,,,,,,,,,,,,,,,,
,,,,,,,,,,,,,,,,,,,
,,,,,,,,,,,,,,,,,,,
,,,,,,,,,,,,,,,,,,,
,,,,,,,,,,,,,,,,,,,
,,,,,,,,,,,,,,,,,,,
,,,,,,,,,,,,,,,,,,,
,,,,,,,,,,,,,,,,,,,
,,,,,,,,,,,,,,,,,,,
,,,,,,,,,,,,,,,,,,,
,,,,,,,,,,,,,,,,,,,
,,,,,,,,,,,,,,,,,,,
,,,,,,,,,,,,,,,,,,,
,,,,,,,,,,,,,,,,,,,
,,,,,,,,,,,,,,,,,,,
,,,,,,,,,,,,,,,,,,,
,,,,,,,,,,,,,,,,,,,
,,,,,,,,,,,,,,,,,,,
,,,,,,,,,,,,,,,,,,,
,,,,,,,,,,,,,,,,,,,
,,,,,,,,,,,,,,,,,,,
,,,,,,,,,,,,,,,,,,,
,,,,,,,,,,,,,,,,,,,
,,,,,,,,,,,,,,,,,,,
,,,,,,,,,,,,,,,,,,,
,,,,,,,,,,,,,,,,,,,
,,,,,,,,,,,,,,,,,,,
,,,,,,,,,,,,,,,,,,,
,,,,,,,,,,,,,,,,,,,
,,,,,,,,,,,,,,,,,,,
,,,,,,,,,,,,,,,,,,,
,,,,,,,,,,,,,,,,,,,
,,,,,,,,,,,,,,,,,,,
,,,,,,,,,,,,,,,,,,,
,,,,,,,,,,,,,,,,,,,
,,,,,,,,,,,,,,,,,,,
,,,,,,,,,,,,,,,,,,,
,,,,,,,,,,,,,,,,,,,
,,,,,,,,,,,,,,,,,,,
,,,,,,,,,,,,,,,,,,,
,,,,,,,,,,,,,,,,,,,
,,,,,,,,,,,,,,,,,,,
,,,,,,,,,,,,,,,,,,,
,,,,,,,,,,,,,,,,,,,
,,,,,,,,,,,,,,,,,,,
,,,,,,,,,,,,,,,,,,,
,,,,,,,,,,,,,,,,,,,
,,,,,,,,,,,,,,,,,,,
,,,,,,,,,,,,,,,,,,,
,,,,,,,,,,,,,,,,,,,
,,,,,,,,,,,,,,,,,,,
,,,,,,,,,,,,,,,,,,,
,,,,,,,,,,,,,,,,,,,
,,,,,,,,,,,,,,,,,,,
,,,,,,,,,,,,,,,,,,,
,,,,,,,,,,,,,,,,,,,
,,,,,,,,,,,,,,,,,,,
,,,,,,,,,,,,,,,,,,,
,,,,,,,,,,,,,,,,,,,
,,,,,,,,,,,,,,,,,,,
,,,,,,,,,,,,,,,,,,,
,,,,,,,,,,,,,,,,,,,
,,,,,,,,,,,,,,,,,,,
,,,,,,,,,,,,,,,,,,,
,,,,,,,,,,,,,,,,,,,
,,,,,,,,,,,,,,,,,,,
,,,,,,,,,,,,,,,,,,,
,,,,,,,,,,,,,,,,,,,
,,,,,,,,,,,,,,,,,,,
,,,,,,,,,,,,,,,,,,,
,,,,,,,,,,,,,,,,,,,
,,,,,,,,,,,,,,,,,,,
,,,,,,,,,,,,,,,,,,,
,,,,,,,,,,,,,,,,,,,
,,,,,,,,,,,,,,,,,,,
,,,,,,,,,,,,,,,,,,,
,,,,,,,,,,,,,,,,,,,
,,,,,,,,,,,,,,,,,,,
,,,,,,,,,,,,,,,,,,,
,,,,,,,,,,,,,,,,,,,
,,,,,,,,,,,,,,,,,,,
,,,,,,,,,,,,,,,,,,,
,,,,,,,,,,,,,,,,,,,
,,,,,,,,,,,,,,,,,,,
,,,,,,,,,,,,,,,,,,,
,,,,,,,,,,,,,,,,,,,
,,,,,,,,,,,,,,,,,,,
,,,,,,,,,,,,,,,,,,,
,,,,,,,,,,,,,,,,,,,
,,,,,,,,,,,,,,,,,,,
,,,,,,,,,,,,,,,,,,,
,,,,,,,,,,,,,,,,,,,
,,,,,,,,,,,,,,,,,,,
,,,,,,,,,,,,,,,,,,,
,,,,,,,,,,,,,,,,,,,
,,,,,,,,,,,,,,,,,,,
,,,,,,,,,,,,,,,,,,,
,,,,,,,,,,,,,,,,,,,
,,,,,,,,,,,,,,,,,,,
,,,,,,,,,,,,,,,,,,,
,,,,,,,,,,,,,,,,,,,
,,,,,,,,,,,,,,,,,,,
,,,,,,,,,,,,,,,,,,,
,,,,,,,,,,,,,,,,,,,
,,,,,,,,,,,,,,,,,,,
,,,,,,,,,,,,,,,,,,,
,,,,,,,,,,,,,,,,,,,
,,,,,,,,,,,,,,,,,,,
,,,,,,,,,,,,,,,,,,,
,,,,,,,,,,,,,,,,,,,
,,,,,,,,,,,,,,,,,,,
,,,,,,,,,,,,,,,,,,,
,,,,,,,,,,,,,,,,,,,
,,,,,,,,,,,,,,,,,,,
,,,,,,,,,,,,,,,,,,,
,,,,,,,,,,,,,,,,,,,
,,,,,,,,,,,,,,,,,,,
,,,,,,,,,,,,,,,,,,,
,,,,,,,,,,,,,,,,,,,
,,,,,,,,,,,,,,,,,,,
,,,,,,,,,,,,,,,,,,,
,,,,,,,,,,,,,,,,,,,
,,,,,,,,,,,,,,,,,,,
,,,,,,,,,,,,,,,,,,,
,,,,,,,,,,,,,,,,,,,
,,,,,,,,,,,,,,,,,,,
,,,,,,,,,,,,,,,,,,,
,,,,,,,,,,,,,,,,,,,
,,,,,,,,,,,,,,,,,,,
,,,,,,,,,,,,,,,,,,,
,,,,,,,,,,,,,,,,,,,
,,,,,,,,,,,,,,,,,,,
,,,,,,,,,,,,,,,,,,,
,,,,,,,,,,,,,,,,,,,
,,,,,,,,,,,,,,,,,,,
,,,,,,,,,,,,,,,,,,,
,,,,,,,,,,,,,,,,,,,
,,,,,,,,,,,,,,,,,,,
,,,,,,,,,,,,,,,,,,,
,,,,,,,,,,,,,,,,,,,
,,,,,,,,,,,,,,,,,,,
,,,,,,,,,,,,,,,,,,,
,,,,,,,,,,,,,,,,,,,
,,,,,,,,,,,,,,,,,,,
,,,,,,,,,,,,,,,,,,,
,,,,,,,,,,,,,,,,,,,
,,,,,,,,,,,,,,,,,,,
,,,,,,,,,,,,,,,,,,,
,,,,,,,,,,,,,,,,,,,
,,,,,,,,,,,,,,,,,,,
,,,,,,,,,,,,,,,,,,,
,,,,,,,,,,,,,,,,,,,
,,,,,,,,,,,,,,,,,,,
,,,,,,,,,,,,,,,,,,,
,,,,,,,,,,,,,,,,,,,
,,,,,,,,,,,,,,,,,,,
,,,,,,,,,,,,,,,,,,,
,,,,,,,,,,,,,,,,,,,
,,,,,,,,,,,,,,,,,,,
,,,,,,,,,,,,,,,,,,,
,,,,,,,,,,,,,,,,,,,
,,,,,,,,,,,,,,,,,,,
,,,,,,,,,,,,,,,,,,,
,,,,,,,,,,,,,,,,,,,
,,,,,,,,,,,,,,,,,,,
,,,,,,,,,,,,,,,,,,,
,,,,,,,,,,,,,,,,,,,
,,,,,,,,,,,,,,,,,,,
,,,,,,,,,,,,,,,,,,,
,,,,,,,,,,,,,,,,,,,
,,,,,,,,,,,,,,,,,,,
,,,,,,,,,,,,,,,,,,,
,,,,,,,,,,,,,,,,,,,
,,,,,,,,,,,,,,,,,,,
,,,,,,,,,,,,,,,,,,,
,,,,,,,,,,,,,,,,,,,
,,,,,,,,,,,,,,,,,,,
,,,,,,,,,,,,,,,,,,,
,,,,,,,,,,,,,,,,,,,
,,,,,,,,,,,,,,,,,,,
,,,,,,,,,,,,,,,,,,,
,,,,,,,,,,,,,,,,,,,
,,,,,,,,,,,,,,,,,,,
,,,,,,,,,,,,,,,,,,,
,,,,,,,,,,,,,,,,,,,
,,,,,,,,,,,,,,,,,,,
,,,,,,,,,,,,,,,,,,,
,,,,,,,,,,,,,,,,,,,
,,,,,,,,,,,,,,,,,,,
,,,,,,,,,,,,,,,,,,,
,,,,,,,,,,,,,,,,,,,
,,,,,,,,,,,,,,,,,,,
,,,,,,,,,,,,,,,,,,,
,,,,,,,,,,,,,,,,,,,
,,,,,,,,,,,,,,,,,,,
,,,,,,,,,,,,,,,,,,,
,,,,,,,,,,,,,,,,,,,
,,,,,,,,,,,,,,,,,,,
,,,,,,,,,,,,,,,,,,,
,,,,,,,,,,,,,,,,,,,
,,,,,,,,,,,,,,,,,,,
,,,,,,,,,,,,,,,,,,,
,,,,,,,,,,,,,,,,,,,
,,,,,,,,,,,,,,,,,,,
,,,,,,,,,,,,,,,,,,,
,,,,,,,,,,,,,,,,,,,
,,,,,,,,,,,,,,,,,,,
,,,,,,,,,,,,,,,,,,,
,,,,,,,,,,,,,,,,,,,
,,,,,,,,,,,,,,,,,,,
,,,,,,,,,,,,,,,,,,,
,,,,,,,,,,,,,,,,,,,
,,,,,,,,,,,,,,,,,,,
,,,,,,,,,,,,,,,,,,,
,,,,,,,,,,,,,,,,,,,
,,,,,,,,,,,,,,,,,,,
,,,,,,,,,,,,,,,,,,,
,,,,,,,,,,,,,,,,,,,
,,,,,,,,,,,,,,,,,,,
,,,,,,,,,,,,,,,,,,,
,,,,,,,,,,,,,,,,,,,
,,,,,,,,,,,,,,,,,,,
,,,,,,,,,,,,,,,,,,,
,,,,,,,,,,,,,,,,,,,
,,,,,,,,,,,,,,,,,,,
,,,,,,,,,,,,,,,,,,,
,,,,,,,,,,,,,,,,,,,
,,,,,,,,,,,,,,,,,,,
,,,,,,,,,,,,,,,,,,,
,,,,,,,,,,,,,,,,,,,
,,,,,,,,,,,,,,,,,,,
,,,,,,,,,,,,,,,,,,,
,,,,,,,,,,,,,,,,,,,
,,,,,,,,,,,,,,,,,,,
,,,,,,,,,,,,,,,,,,,
,,,,,,,,,,,,,,,,,,,
,,,,,,,,,,,,,,,,,,,
,,,,,,,,,,,,,,,,,,,
,,,,,,,,,,,,,,,,,,,
,,,,,,,,,,,,,,,,,,,
,,,,,,,,,,,,,,,,,,,
,,,,,,,,,,,,,,,,,,,
,,,,,,,,,,,,,,,,,,,
,,,,,,,,,,,,,,,,,,,
,,,,,,,,,,,,,,,,,,,
,,,,,,,,,,,,,,,,,,,
,,,,,,,,,,,,,,,,,,,
,,,,,,,,,,,,,,,,,,,
,,,,,,,,,,,,,,,,,,,
,,,,,,,,,,,,,,,,,,,
,,,,,,,,,,,,,,,,,,,
,,,,,,,,,,,,,,,,,,,
,,,,,,,,,,,,,,,,,,,
,,,,,,,,,,,,,,,,,,,
,,,,,,,,,,,,,,,,,,,
,,,,,,,,,,,,,,,,,,,
,,,,,,,,,,,,,,,,,,,
,,,,,,,,,,,,,,,,,,,
,,,,,,,,,,,,,,,,,,,
,,,,,,,,,,,,,,,,,,,
,,,,,,,,,,,,,,,,,,,
,,,,,,,,,,,,,,,,,,,
,,,,,,,,,,,,,,,,,,,
,,,,,,,,,,,,,,,,,,,
,,,,,,,,,,,,,,,,,,,
,,,,,,,,,,,,,,,,,,,
,,,,,,,,,,,,,,,,,,,
,,,,,,,,,,,,,,,,,,,
,,,,,,,,,,,,,,,,,,,
,,,,,,,,,,,,,,,,,,,
,,,,,,,,,,,,,,,,,,,
,,,,,,,,,,,,,,,,,,,
,,,,,,,,,,,,,,,,,,,
,,,,,,,,,,,,,,,,,,,
,,,,,,,,,,,,,,,,,,,
,,,,,,,,,,,,,,,,,,,
,,,,,,,,,,,,,,,,,,,
,,,,,,,,,,,,,,,,,,,
,,,,,,,,,,,,,,,,,,,
,,,,,,,,,,,,,,,,,,,
,,,,,,,,,,,,,,,,,,,
,,,,,,,,,,,,,,,,,,,
,,,,,,,,,,,,,,,,,,,
,,,,,,,,,,,,,,,,,,,
,,,,,,,,,,,,,,,,,,,
,,,,,,,,,,,,,,,,,,,
,,,,,,,,,,,,,,,,,,,
,,,,,,,,,,,,,,,,,,,
,,,,,,,,,,,,,,,,,,,
,,,,,,,,,,,,,,,,,,,
,,,,,,,,,,,,,,,,,,,
,,,,,,,,,,,,,,,,,,,
,,,,,,,,,,,,,,,,,,,
,,,,,,,,,,,,,,,,,,,
,,,,,,,,,,,,,,,,,,,
,,,,,,,,,,,,,,,,,,,
,,,,,,,,,,,,,,,,,,,
,,,,,,,,,,,,,,,,,,,
,,,,,,,,,,,,,,,,,,,
,,,,,,,,,,,,,,,,,,,
,,,,,,,,,,,,,,,,,,,
,,,,,,,,,,,,,,,,,,,
,,,,,,,,,,,,,,,,,,,
,,,,,,,,,,,,,,,,,,,
,,,,,,,,,,,,,,,,,,,
,,,,,,,,,,,,,,,,,,,
,,,,,,,,,,,,,,,,,,,
,,,,,,,,,,,,,,,,,,,
,,,,,,,,,,,,,,,,,,,
,,,,,,,,,,,,,,,,,,,
,,,,,,,,,,,,,,,,,,,
,,,,,,,,,,,,,,,,,,,
,,,,,,,,,,,,,,,,,,,
,,,,,,,,,,,,,,,,,,,
,,,,,,,,,,,,,,,,,,,
,,,,,,,,,,,,,,,,,,,
,,,,,,,,,,,,,,,,,,,
,,,,,,,,,,,,,,,,,,,
,,,,,,,,,,,,,,,,,,,
,,,,,,,,,,,,,,,,,,,
,,,,,,,,,,,,,,,,,,,
,,,,,,,,,,,,,,,,,,,
,,,,,,,,,,,,,,,,,,,
,,,,,,,,,,,,,,,,,,,
,,,,,,,,,,,,,,,,,,,
,,,,,,,,,,,,,,,,,,,
,,,,,,,,,,,,,,,,,,,
,,,,,,,,,,,,,,,,,,,
,,,,,,,,,,,,,,,,,,,
,,,,,,,,,,,,,,,,,,,
,,,,,,,,,,,,,,,,,,,
,,,,,,,,,,,,,,,,,,,
,,,,,,,,,,,,,,,,,,,
,,,,,,,,,,,,,,,,,,,
,,,,,,,,,,,,,,,,,,,
,,,,,,,,,,,,,,,,,,,
,,,,,,,,,,,,,,,,,,,
,,,,,,,,,,,,,,,,,,,
,,,,,,,,,,,,,,,,,,,
,,,,,,,,,,,,,,,,,,,
,,,,,,,,,,,,,,,,,,,
,,,,,,,,,,,,,,,,,,,
,,,,,,,,,,,,,,,,,,,
,,,,,,,,,,,,,,,,,,,
,,,,,,,,,,,,,,,,,,,
,,,,,,,,,,,,,,,,,,,
,,,,,,,,,,,,,,,,,,,
,,,,,,,,,,,,,,,,,,,
,,,,,,,,,,,,,,,,,,,
,,,,,,,,,,,,,,,,,,,
,,,,,,,,,,,,,,,,,,,
,,,,,,,,,,,,,,,,,,,
,,,,,,,,,,,,,,,,,,,
,,,,,,,,,,,,,,,,,,,
,,,,,,,,,,,,,,,,,,,
,,,,,,,,,,,,,,,,,,,
,,,,,,,,,,,,,,,,,,,
,,,,,,,,,,,,,,,,,,,
,,,,,,,,,,,,,,,,,,,
,,,,,,,,,,,,,,,,,,,
,,,,,,,,,,,,,,,,,,,
,,,,,,,,,,,,,,,,,,,
,,,,,,,,,,,,,,,,,,,
,,,,,,,,,,,,,,,,,,,
,,,,,,,,,,,,,,,,,,,
,,,,,,,,,,,,,,,,,,,
,,,,,,,,,,,,,,,,,,,
,,,,,,,,,,,,,,,,,,,
,,,,,,,,,,,,,,,,,,,
,,,,,,,,,,,,,,,,,,,
,,,,,,,,,,,,,,,,,,,
,,,,,,,,,,,,,,,,,,,
,,,,,,,,,,,,,,,,,,,
,,,,,,,,,,,,,,,,,,,
,,,,,,,,,,,,,,,,,,,
,,,,,,,,,,,,,,,,,,,
,,,,,,,,,,,,,,,,,,,
,,,,,,,,,,,,,,,,,,,
,,,,,,,,,,,,,,,,,,,
,,,,,,,,,,,,,,,,,,,
,,,,,,,,,,,,,,,,,,,
,,,,,,,,,,,,,,,,,,,
,,,,,,,,,,,,,,,,,,,
,,,,,,,,,,,,,,,,,,,
,,,,,,,,,,,,,,,,,,,
,,,,,,,,,,,,,,,,,,,
,,,,,,,,,,,,,,,,,,,
,,,,,,,,,,,,,,,,,,,
,,,,,,,,,,,,,,,,,,,
,,,,,,,,,,,,,,,,,,,
,,,,,,,,,,,,,,,,,,,
,,,,,,,,,,,,,,,,,,,
,,,,,,,,,,,,,,,,,,,
,,,,,,,,,,,,,,,,,,,
,,,,,,,,,,,,,,,,,,,
,,,,,,,,,,,,,,,,,,,
,,,,,,,,,,,,,,,,,,,
,,,,,,,,,,,,,,,,,,,
,,,,,,,,,,,,,,,,,,,
,,,,,,,,,,,,,,,,,,,
,,,,,,,,,,,,,,,,,,,
,,,,,,,,,,,,,,,,,,,
,,,,,,,,,,,,,,,,,,,
,,,,,,,,,,,,,,,,,,,
,,,,,,,,,,,,,,,,,,,
,,,,,,,,,,,,,,,,,,,
,,,,,,,,,,,,,,,,,,,
,,,,,,,,,,,,,,,,,,,
,,,,,,,,,,,,,,,,,,,
,,,,,,,,,,,,,,,,,,,
,,,,,,,,,,,,,,,,,,,
,,,,,,,,,,,,,,,,,,,
,,,,,,,,,,,,,,,,,,,
,,,,,,,,,,,,,,,,,,,
,,,,,,,,,,,,,,,,,,,
,,,,,,,,,,,,,,,,,,,
,,,,,,,,,,,,,,,,,,,
,,,,,,,,,,,,,,,,,,,
,,,,,,,,,,,,,,,,,,,
,,,,,,,,,,,,,,,,,,,
,,,,,,,,,,,,,,,,,,,
,,,,,,,,,,,,,,,,,,,
,,,,,,,,,,,,,,,,,,,
,,,,,,,,,,,,,,,,,,,
,,,,,,,,,,,,,,,,,,,
,,,,,,,,,,,,,,,,,,,
,,,,,,,,,,,,,,,,,,,
,,,,,,,,,,,,,,,,,,,
,,,,,,,,,,,,,,,,,,,
,,,,,,,,,,,,,,,,,,,
,,,,,,,,,,,,,,,,,,,
,,,,,,,,,,,,,,,,,,,
,,,,,,,,,,,,,,,,,,,
,,,,,,,,,,,,,,,,,,,
,,,,,,,,,,,,,,,,,,,
,,,,,,,,,,,,,,,,,,,
,,,,,,,,,,,,,,,,,,,
,,,,,,,,,,,,,,,,,,,
,,,,,,,,,,,,,,,,,,,
,,,,,,,,,,,,,,,,,,,
,,,,,,,,,,,,,,,,,,,
,,,,,,,,,,,,,,,,,,,
,,,,,,,,,,,,,,,,,,,
,,,,,,,,,,,,,,,,,,,
,,,,,,,,,,,,,,,,,,,
,,,,,,,,,,,,,,,,,,,
,,,,,,,,,,,,,,,,,,,
,,,,,,,,,,,,,,,,,,,
,,,,,,,,,,,,,,,,,,,
,,,,,,,,,,,,,,,,,,,
,,,,,,,,,,,,,,,,,,,
,,,,,,,,,,,,,,,,,,,
,,,,,,,,,,,,,,,,,,,
,,,,,,,,,,,,,,,,,,,
,,,,,,,,,,,,,,,,,,,
,,,,,,,,,,,,,,,,,,,
,,,,,,,,,,,,,,,,,,,
,,,,,,,,,,,,,,,,,,,
,,,,,,,,,,,,,,,,,,,
,,,,,,,,,,,,,,,,,,,
,,,,,,,,,,,,,,,,,,,
,,,,,,,,,,,,,,,,,,,
,,,,,,,,,,,,,,,,,,,
,,,,,,,,,,,,,,,,,,,
,,,,,,,,,,,,,,,,,,,
,,,,,,,,,,,,,,,,,,,
,,,,,,,,,,,,,,,,,,,
,,,,,,,,,,,,,,,,,,,
,,,,,,,,,,,,,,,,,,,
,,,,,,,,,,,,,,,,,,,
,,,,,,,,,,,,,,,,,,,
,,,,,,,,,,,,,,,,,,,
,,,,,,,,,,,,,,,,,,,
,,,,,,,,,,,,,,,,,,,
,,,,,,,,,,,,,,,,,,,
,,,,,,,,,,,,,,,,,,,
,,,,,,,,,,,,,,,,,,,
,,,,,,,,,,,,,,,,,,,
,,,,,,,,,,,,,,,,,,,
,,,,,,,,,,,,,,,,,,,
,,,,,,,,,,,,,,,,,,,
,,,,,,,,,,,,,,,,,,,
,,,,,,,,,,,,,,,,,,,
,,,,,,,,,,,,,,,,,,,
,,,,,,,,,,,,,,,,,,,
,,,,,,,,,,,,,,,,,,,
,,,,,,,,,,,,,,,,,,,
,,,,,,,,,,,,,,,,,,,
,,,,,,,,,,,,,,,,,,,
,,,,,,,,,,,,,,,,,,,
,,,,,,,,,,,,,,,,,,,
,,,,,,,,,,,,,,,,,,,
,,,,,,,,,,,,,,,,,,,
,,,,,,,,,,,,,,,,,,,
,,,,,,,,,,,,,,,,,,,
,,,,,,,,,,,,,,,,,,,
,,,,,,,,,,,,,,,,,,,
,,,,,,,,,,,,,,,,,,,
,,,,,,,,,,,,,,,,,,,
,,,,,,,,,,,,,,,,,,,
,,,,,,,,,,,,,,,,,,,
,,,,,,,,,,,,,,,,,,,
,,,,,,,,,,,,,,,,,,,
,,,,,,,,,,,,,,,,,,,
,,,,,,,,,,,,,,,,,,,
,,,,,,,,,,,,,,,,,,,
,,,,,,,,,,,,,,,,,,,
,,,,,,,,,,,,,,,,,,,
,,,,,,,,,,,,,,,,,,,
,,,,,,,,,,,,,,,,,,,
,,,,,,,,,,,,,,,,,,,
,,,,,,,,,,,,,,,,,,,
,,,,,,,,,,,,,,,,,,,
,,,,,,,,,,,,,,,,,,,
,,,,,,,,,,,,,,,,,,,
,,,,,,,,,,,,,,,,,,,
,,,,,,,,,,,,,,,,,,,
,,,,,,,,,,,,,,,,,,,
,,,,,,,,,,,,,,,,,,,
,,,,,,,,,,,,,,,,,,,
,,,,,,,,,,,,,,,,,,,
,,,,,,,,,,,,,,,,,,,
,,,,,,,,,,,,,,,,,,,
,,,,,,,,,,,,,,,,,,,
,,,,,,,,,,,,,,,,,,,
,,,,,,,,,,,,,,,,,,,
,,,,,,,,,,,,,,,,,,,
,,,,,,,,,,,,,,,,,,,
,,,,,,,,,,,,,,,,,,,
,,,,,,,,,,,,,,,,,,,
,,,,,,,,,,,,,,,,,,,
,,,,,,,,,,,,,,,,,,,
,,,,,,,,,,,,,,,,,,,
,,,,,,,,,,,,,,,,,,,
,,,,,,,,,,,,,,,,,,,
,,,,,,,,,,,,,,,,,,,
,,,,,,,,,,,,,,,,,,,
,,,,,,,,,,,,,,,,,,,
,,,,,,,,,,,,,,,,,,,
,,,,,,,,,,,,,,,,,,,
,,,,,,,,,,,,,,,,,,,
,,,,,,,,,,,,,,,,,,,
,,,,,,,,,,,,,,,,,,,
,,,,,,,,,,,,,,,,,,,
,,,,,,,,,,,,,,,,,,,
,,,,,,,,,,,,,,,,,,,
,,,,,,,,,,,,,,,,,,,
,,,,,,,,,,,,,,,,,,,
,,,,,,,,,,,,,,,,,,,
,,,,,,,,,,,,,,,,,,,
,,,,,,,,,,,,,,,,,,,
,,,,,,,,,,,,,,,,,,,
,,,,,,,,,,,,,,,,,,,
,,,,,,,,,,,,,,,,,,,
,,,,,,,,,,,,,,,,,,,
,,,,,,,,,,,,,,,,,,,
,,,,,,,,,,,,,,,,,,,
,,,,,,,,,,,,,,,,,,,
,,,,,,,,,,,,,,,,,,,
,,,,,,,,,,,,,,,,,,,
,,,,,,,,,,,,,,,,,,,
,,,,,,,,,,,,,,,,,,,
,,,,,,,,,,,,,,,,,,,
,,,,,,,,,,,,,,,,,,,
,,,,,,,,,,,,,,,,,,,
,,,,,,,,,,,,,,,,,,,
,,,,,,,,,,,,,,,,,,,
,,,,,,,,,,,,,,,,,,,
,,,,,,,,,,,,,,,,,,,
,,,,,,,,,,,,,,,,,,,
,,,,,,,,,,,,,,,,,,,
,,,,,,,,,,,,,,,,,,,
,,,,,,,,,,,,,,,,,,,
,,,,,,,,,,,,,,,,,,,
,,,,,,,,,,,,,,,,,,,
,,,,,,,,,,,,,,,,,,,
,,,,,,,,,,,,,,,,,,,
,,,,,,,,,,,,,,,,,,,
,,,,,,,,,,,,,,,,,,,
,,,,,,,,,,,,,,,,,,,
,,,,,,,,,,,,,,,,,,,
,,,,,,,,,,,,,,,,,,,
,,,,,,,,,,,,,,,,,,,
,,,,,,,,,,,,,,,,,,,
,,,,,,,,,,,,,,,,,,,
,,,,,,,,,,,,,,,,,,,
,,,,,,,,,,,,,,,,,,,
,,,,,,,,,,,,,,,,,,,
,,,,,,,,,,,,,,,,,,,
,,,,,,,,,,,,,,,,,,,
,,,,,,,,,,,,,,,,,,,
,,,,,,,,,,,,,,,,,,,
,,,,,,,,,,,,,,,,,,,
,,,,,,,,,,,,,,,,,,,
,,,,,,,,,,,,,,,,,,,
,,,,,,,,,,,,,,,,,,,
,,,,,,,,,,,,,,,,,,,
,,,,,,,,,,,,,,,,,,,
,,,,,,,,,,,,,,,,,,,
,,,,,,,,,,,,,,,,,,,
,,,,,,,,,,,,,,,,,,,
,,,,,,,,,,,,,,,,,,,
,,,,,,,,,,,,,,,,,,,
,,,,,,,,,,,,,,,,,,,
,,,,,,,,,,,,,,,,,,,
,,,,,,,,,,,,,,,,,,,
,,,,,,,,,,,,,,,,,,,
,,,,,,,,,,,,,,,,,,,
,,,,,,,,,,,,,,,,,,,
,,,,,,,,,,,,,,,,,,,
,,,,,,,,,,,,,,,,,,,
,,,,,,,,,,,,,,,,,,,
,,,,,,,,,,,,,,,,,,,
,,,,,,,,,,,,,,,,,,,
,,,,,,,,,,,,,,,,,,,
,,,,,,,,,,,,,,,,,,,
,,,,,,,,,,,,,,,,,,,
,,,,,,,,,,,,,,,,,,,
,,,,,,,,,,,,,,,,,,,
,,,,,,,,,,,,,,,,,,,
,,,,,,,,,,,,,,,,,,,
,,,,,,,,,,,,,,,,,,,
,,,,,,,,,,,,,,,,,,,
,,,,,,,,,,,,,,,,,,,
,,,,,,,,,,,,,,,,,,,
,,,,,,,,,,,,,,,,,,,
,,,,,,,,,,,,,,,,,,,
,,,,,,,,,,,,,,,,,,,
,,,,,,,,,,,,,,,,,,,
,,,,,,,,,,,,,,,,,,,
,,,,,,,,,,,,,,,,,,,
,,,,,,,,,,,,,,,,,,,
,,,,,,,,,,,,,,,,,,,
,,,,,,,,,,,,,,,,,,,
,,,,,,,,,,,,,,,,,,,
,,,,,,,,,,,,,,,,,,,
,,,,,,,,,,,,,,,,,,,
,,,,,,,,,,,,,,,,,,,
,,,,,,,,,,,,,,,,,,,
,,,,,,,,,,,,,,,,,,,
,,,,,,,,,,,,,,,,,,,
,,,,,,,,,,,,,,,,,,,
,,,,,,,,,,,,,,,,,,,
,,,,,,,,,,,,,,,,,,,
,,,,,,,,,,,,,,,,,,,
,,,,,,,,,,,,,,,,,,,
,,,,,,,,,,,,,,,,,,,
,,,,,,,,,,,,,,,,,,,
,,,,,,,,,,,,,,,,,,,
,,,,,,,,,,,,,,,,,,,
,,,,,,,,,,,,,,,,,,,
,,,,,,,,,,,,,,,,,,,
,,,,,,,,,,,,,,,,,,,
,,,,,,,,,,,,,,,,,,,
,,,,,,,,,,,,,,,,,,,
,,,,,,,,,,,,,,,,,,,
,,,,,,,,,,,,,,,,,,,
,,,,,,,,,,,,,,,,,,,
,,,,,,,,,,,,,,,,,,,
,,,,,,,,,,,,,,,,,,,
,,,,,,,,,,,,,,,,,,,
,,,,,,,,,,,,,,,,,,,
,,,,,,,,,,,,,,,,,,,
,,,,,,,,,,,,,,,,,,,
,,,,,,,,,,,,,,,,,,,
,,,,,,,,,,,,,,,,,,,
,,,,,,,,,,,,,,,,,,,
,,,,,,,,,,,,,,,,,,,
,,,,,,,,,,,,,,,,,,,
,,,,,,,,,,,,,,,,,,,
,,,,,,,,,,,,,,,,,,,
,,,,,,,,,,,,,,,,,,,
,,,,,,,,,,,,,,,,,,,
,,,,,,,,,,,,,,,,,,,
,,,,,,,,,,,,,,,,,,,
,,,,,,,,,,,,,,,,,,,
,,,,,,,,,,,,,,,,,,,
,,,,,,,,,,,,,,,,,,,
,,,,,,,,,,,,,,,,,,,
,,,,,,,,,,,,,,,,,,,
,,,,,,,,,,,,,,,,,,,
,,,,,,,,,,,,,,,,,,,
,,,,,,,,,,,,,,,,,,,
,,,,,,,,,,,,,,,,,,,
,,,,,,,,,,,,,,,,,,,
,,,,,,,,,,,,,,,,,,,
,,,,,,,,,,,,,,,,,,,
,,,,,,,,,,,,,,,,,,,
,,,,,,,,,,,,,,,,,,,
,,,,,,,,,,,,,,,,,,,
,,,,,,,,,,,,,,,,,,,
,,,,,,,,,,,,,,,,,,,
,,,,,,,,,,,,,,,,,,,
,,,,,,,,,,,,,,,,,,,
,,,,,,,,,,,,,,,,,,,
,,,,,,,,,,,,,,,,,,,
,,,,,,,,,,,,,,,,,,,
,,,,,,,,,,,,,,,,,,,
,,,,,,,,,,,,,,,,,,,
,,,,,,,,,,,,,,,,,,,
,,,,,,,,,,,,,,,,,,,
,,,,,,,,,,,,,,,,,,,
,,,,,,,,,,,,,,,,,,,
,,,,,,,,,,,,,,,,,,,
,,,,,,,,,,,,,,,,,,,
,,,,,,,,,,,,,,,,,,,
,,,,,,,,,,,,,,,,,,,
,,,,,,,,,,,,,,,,,,,
,,,,,,,,,,,,,,,,,,,
,,,,,,,,,,,,,,,,,,,
,,,,,,,,,,,,,,,,,,,
,,,,,,,,,,,,,,,,,,,
,,,,,,,,,,,,,,,,,,,
,,,,,,,,,,,,,,,,,,,
,,,,,,,,,,,,,,,,,,,
,,,,,,,,,,,,,,,,,,,
,,,,,,,,,,,,,,,,,,,
,,,,,,,,,,,,,,,,,,,
,,,,,,,,,,,,,,,,,,,
,,,,,,,,,,,,,,,,,,,
,,,,,,,,,,,,,,,,,,,
,,,,,,,,,,,,,,,,,,,
,,,,,,,,,,,,,,,,,,,
,,,,,,,,,,,,,,,,,,,
,,,,,,,,,,,,,,,,,,,
,,,,,,,,,,,,,,,,,,,
,,,,,,,,,,,,,,,,,,,
,,,,,,,,,,,,,,,,,,,
,,,,,,,,,,,,,,,,,,,
,,,,,,,,,,,,,,,,,,,
,,,,,,,,,,,,,,,,,,,
,,,,,,,,,,,,,,,,,,,
,,,,,,,,,,,,,,,,,,,
,,,,,,,,,,,,,,,,,,,
,,,,,,,,,,,,,,,,,,,
,,,,,,,,,,,,,,,,,,,
,,,,,,,,,,,,,,,,,,,
,,,,,,,,,,,,,,,,,,,
,,,,,,,,,,,,,,,,,,,
,,,,,,,,,,,,,,,,,,,
,,,,,,,,,,,,,,,,,,,
,,,,,,,,,,,,,,,,,,,
,,,,,,,,,,,,,,,,,,,
,,,,,,,,,,,,,,,,,,,
,,,,,,,,,,,,,,,,,,,
,,,,,,,,,,,,,,,,,,,
,,,,,,,,,,,,,,,,,,,
,,,,,,,,,,,,,,,,,,,
,,,,,,,,,,,,,,,,,,,
,,,,,,,,,,,,,,,,,,,
,,,,,,,,,,,,,,,,,,,
,,,,,,,,,,,,,,,,,,,
,,,,,,,,,,,,,,,,,,,
,,,,,,,,,,,,,,,,,,,
,,,,,,,,,,,,,,,,,,,
,,,,,,,,,,,,,,,,,,,
,,,,,,,,,,,,,,,,,,,
,,,,,,,,,,,,,,,,,,,
,,,,,,,,,,,,,,,,,,,
,,,,,,,,,,,,,,,,,,,
,,,,,,,,,,,,,,,,,,,
,,,,,,,,,,,,,,,,,,,
,,,,,,,,,,,,,,,,,,,
,,,,,,,,,,,,,,,,,,,
,,,,,,,,,,,,,,,,,,,
,,,,,,,,,,,,,,,,,,,
,,,,,,,,,,,,,,,,,,,
,,,,,,,,,,,,,,,,,,,
,,,,,,,,,,,,,,,,,,,
,,,,,,,,,,,,,,,,,,,
,,,,,,,,,,,,,,,,,,,
,,,,,,,,,,,,,,,,,,,
,,,,,,,,,,,,,,,,,,,
,,,,,,,,,,,,,,,,,,,
,,,,,,,,,,,,,,,,,,,
,,,,,,,,,,,,,,,,,,,
,,,,,,,,,,,,,,,,,,,
,,,,,,,,,,,,,,,,,,,
,,,,,,,,,,,,,,,,,,,
,,,,,,,,,,,,,,,,,,,
,,,,,,,,,,,,,,,,,,,
,,,,,,,,,,,,,,,,,,,
,,,,,,,,,,,,,,,,,,,
,,,,,,,,,,,,,,,,,,,
,,,,,,,,,,,,,,,,,,,
,,,,,,,,,,,,,,,,,,,
,,,,,,,,,,,,,,,,,,,
,,,,,,,,,,,,,,,,,,,
,,,,,,,,,,,,,,,,,,,
,,,,,,,,,,,,,,,,,,,
,,,,,,,,,,,,,,,,,,,
,,,,,,,,,,,,,,,,,,,
,,,,,,,,,,,,,,,,,,,
,,,,,,,,,,,,,,,,,,,
,,,,,,,,,,,,,,,,,,,
,,,,,,,,,,,,,,,,,,,
,,,,,,,,,,,,,,,,,,,
,,,,,,,,,,,,,,,,,,,
,,,,,,,,,,,,,,,,,,,
,,,,,,,,,,,,,,,,,,,
,,,,,,,,,,,,,,,,,,,
,,,,,,,,,,,,,,,,,,,
,,,,,,,,,,,,,,,,,,,
,,,,,,,,,,,,,,,,,,,
,,,,,,,,,,,,,,,,,,,
,,,,,,,,,,,,,,,,,,,
,,,,,,,,,,,,,,,,,,,
,,,,,,,,,,,,,,,,,,,
,,,,,,,,,,,,,,,,,,,
,,,,,,,,,,,,,,,,,,,
,,,,,,,,,,,,,,,,,,,
,,,,,,,,,,,,,,,,,,,
,,,,,,,,,,,,,,,,,,,
,,,,,,,,,,,,,,,,,,,
,,,,,,,,,,,,,,,,,,,
,,,,,,,,,,,,,,,,,,,
,,,,,,,,,,,,,,,,,,,
,,,,,,,,,,,,,,,,,,,
,,,,,,,,,,,,,,,,,,,
,,,,,,,,,,,,,,,,,,,
,,,,,,,,,,,,,,,,,,,
,,,,,,,,,,,,,,,,,,,
,,,,,,,,,,,,,,,,,,,
,,,,,,,,,,,,,,,,,,,
,,,,,,,,,,,,,,,,,,,
,,,,,,,,,,,,,,,,,,,
,,,,,,,,,,,,,,,,,,,
,,,,,,,,,,,,,,,,,,,
,,,,,,,,,,,,,,,,,,,
,,,,,,,,,,,,,,,,,,,
,,,,,,,,,,,,,,,,,,,
,,,,,,,,,,,,,,,,,,,
,,,,,,,,,,,,,,,,,,,
,,,,,,,,,,,,,,,,,,,
,,,,,,,,,,,,,,,,,,,
,,,,,,,,,,,,,,,,,,,
,,,,,,,,,,,,,,,,,,,
,,,,,,,,,,,,,,,,,,,
,,,,,,,,,,,,,,,,,,,
,,,,,,,,,,,,,,,,,,,
,,,,,,,,,,,,,,,,,,,
,,,,,,,,,,,,,,,,,,,
,,,,,,,,,,,,,,,,,,,
,,,,,,,,,,,,,,,,,,,
,,,,,,,,,,,,,,,,,,,
,,,,,,,,,,,,,,,,,,,
,,,,,,,,,,,,,,,,,,,
,,,,,,,,,,,,,,,,,,,
,,,,,,,,,,,,,,,,,,,
,,,,,,,,,,,,,,,,,,,
,,,,,,,,,,,,,,,,,,,
,,,,,,,,,,,,,,,,,,,
,,,,,,,,,,,,,,,,,,,
,,,,,,,,,,,,,,,,,,,
,,,,,,,,,,,,,,,,,,,
,,,,,,,,,,,,,,,,,,,
,,,,,,,,,,,,,,,,,,,
,,,,,,,,,,,,,,,,,,,
,,,,,,,,,,,,,,,,,,,
,,,,,,,,,,,,,,,,,,,
,,,,,,,,,,,,,,,,,,,
,,,,,,,,,,,,,,,,,,,
,,,,,,,,,,,,,,,,,,,
,,,,,,,,,,,,,,,,,,,
,,,,,,,,,,,,,,,,,,,
,,,,,,,,,,,,,,,,,,,
,,,,,,,,,,,,,,,,,,,
,,,,,,,,,,,,,,,,,,,
,,,,,,,,,,,,,,,,,,,
,,,,,,,,,,,,,,,,,,,
,,,,,,,,,,,,,,,,,,,
,,,,,,,,,,,,,,,,,,,
,,,,,,,,,,,,,,,,,,,
,,,,,,,,,,,,,,,,,,,
,,,,,,,,,,,,,,,,,,,
,,,,,,,,,,,,,,,,,,,
,,,,,,,,,,,,,,,,,,,
,,,,,,,,,,,,,,,,,,,
,,,,,,,,,,,,,,,,,,,
,,,,,,,,,,,,,,,,,,,
,,,,,,,,,,,,,,,,,,,
,,,,,,,,,,,,,,,,,,,
,,,,,,,,,,,,,,,,,,,
,,,,,,,,,,,,,,,,,,,
,,,,,,,,,,,,,,,,,,,
,,,,,,,,,,,,,,,,,,,
,,,,,,,,,,,,,,,,,,,
,,,,,,,,,,,,,,,,,,,
,,,,,,,,,,,,,,,,,,,
,,,,,,,,,,,,,,,,,,,
,,,,,,,,,,,,,,,,,,,
,,,,,,,,,,,,,,,,,,,
,,,,,,,,,,,,,,,,,,,
,,,,,,,,,,,,,,,,,,,
,,,,,,,,,,,,,,,,,,,
,,,,,,,,,,,,,,,,,,,
,,,,,,,,,,,,,,,,,,,
,,,,,,,,,,,,,,,,,,,
,,,,,,,,,,,,,,,,,,,
,,,,,,,,,,,,,,,,,,,
,,,,,,,,,,,,,,,,,,,
,,,,,,,,,,,,,,,,,,,
,,,,,,,,,,,,,,,,,,,
,,,,,,,,,,,,,,,,,,,
,,,,,,,,,,,,,,,,,,,
,,,,,,,,,,,,,,,,,,,
,,,,,,,,,,,,,,,,,,,
,,,,,,,,,,,,,,,,,,,
,,,,,,,,,,,,,,,,,,,
,,,,,,,,,,,,,,,,,,,
,,,,,,,,,,,,,,,,,,,
,,,,,,,,,,,,,,,,,,,
,,,,,,,,,,,,,,,,,,,
,,,,,,,,,,,,,,,,,,,
,,,,,,,,,,,,,,,,,,,
,,,,,,,,,,,,,,,,,,,
,,,,,,,,,,,,,,,,,,,
,,,,,,,,,,,,,,,,,,,
,,,,,,,,,,,,,,,,,,,
,,,,,,,,,,,,,,,,,,,
,,,,,,,,,,,,,,,,,,,
,,,,,,,,,,,,,,,,,,,
,,,,,,,,,,,,,,,,,,,
,,,,,,,,,,,,,,,,,,,
,,,,,,,,,,,,,,,,,,,
,,,,,,,,,,,,,,,,,,,
,,,,,,,,,,,,,,,,,,,
,,,,,,,,,,,,,,,,,,,
,,,,,,,,,,,,,,,,,,,
,,,,,,,,,,,,,,,,,,,
,,,,,,,,,,,,,,,,,,,
,,,,,,,,,,,,,,,,,,,
,,,,,,,,,,,,,,,,,,,
,,,,,,,,,,,,,,,,,,,
,,,,,,,,,,,,,,,,,,,
,,,,,,,,,,,,,,,,,,,
,,,,,,,,,,,,,,,,,,,
,,,,,,,,,,,,,,,,,,,
,,,,,,,,,,,,,,,,,,,
,,,,,,,,,,,,,,,,,,,
,,,,,,,,,,,,,,,,,,,
,,,,,,,,,,,,,,,,,,,
,,,,,,,,,,,,,,,,,,,
,,,,,,,,,,,,,,,,,,,
,,,,,,,,,,,,,,,,,,,
,,,,,,,,,,,,,,,,,,,
,,,,,,,,,,,,,,,,,,,
,,,,,,,,,,,,,,,,,,,
,,,,,,,,,,,,,,,,,,,
,,,,,,,,,,,,,,,,,,,
,,,,,,,,,,,,,,,,,,,
,,,,,,,,,,,,,,,,,,,
,,,,,,,,,,,,,,,,,,,
,,,,,,,,,,,,,,,,,,,
,,,,,,,,,,,,,,,,,,,
,,,,,,,,,,,,,,,,,,,
,,,,,,,,,,,,,,,,,,,
,,,,,,,,,,,,,,,,,,,
,,,,,,,,,,,,,,,,,,,
,,,,,,,,,,,,,,,,,,,
,,,,,,,,,,,,,,,,,,,
,,,,,,,,,,,,,,,,,,,
,,,,,,,,,,,,,,,,,,,
,,,,,,,,,,,,,,,,,,,
,,,,,,,,,,,,,,,,,,,
,,,,,,,,,,,,,,,,,,,
,,,,,,,,,,,,,,,,,,,
,,,,,,,,,,,,,,,,,,,
,,,,,,,,,,,,,,,,,,,
,,,,,,,,,,,,,,,,,,,
,,,,,,,,,,,,,,,,,,,
,,,,,,,,,,,,,,,,,,,
,,,,,,,,,,,,,,,,,,,
,,,,,,,,,,,,,,,,,,,
,,,,,,,,,,,,,,,,,,,
,,,,,,,,,,,,,,,,,,,
,,,,,,,,,,,,,,,,,,,
,,,,,,,,,,,,,,,,,,,
,,,,,,,,,,,,,,,,,,,
,,,,,,,,,,,,,,,,,,,
,,,,,,,,,,,,,,,,,,,
,,,,,,,,,,,,,,,,,,,
,,,,,,,,,,,,,,,,,,,
,,,,,,,,,,,,,,,,,,,
,,,,,,,,,,,,,,,,,,,
,,,,,,,,,,,,,,,,,,,
,,,,,,,,,,,,,,,,,,,
,,,,,,,,,,,,,,,,,,,
,,,,,,,,,,,,,,,,,,,
,,,,,,,,,,,,,,,,,,,
,,,,,,,,,,,,,,,,,,,
,,,,,,,,,,,,,,,,,,,
,,,,,,,,,,,,,,,,,,,
,,,,,,,,,,,,,,,,,,,
,,,,,,,,,,,,,,,,,,,
,,,,,,,,,,,,,,,,,,,
,,,,,,,,,,,,,,,,,,,
,,,,,,,,,,,,,,,,,,,
,,,,,,,,,,,,,,,,,,,
,,,,,,,,,,,,,,,,,,,
,,,,,,,,,,,,,,,,,,,
,,,,,,,,,,,,,,,,,,,
,,,,,,,,,,,,,,,,,,,
,,,,,,,,,,,,,,,,,,,
,,,,,,,,,,,,,,,,,,,
,,,,,,,,,,,,,,,,,,,
,,,,,,,,,,,,,,,,,,,
,,,,,,,,,,,,,,,,,,,
,,,,,,,,,,,,,,,,,,,
,,,,,,,,,,,,,,,,,,,
,,,,,,,,,,,,,,,,,,,
,,,,,,,,,,,,,,,,,,,
,,,,,,,,,,,,,,,,,,,
,,,,,,,,,,,,,,,,,,,
,,,,,,,,,,,,,,,,,,,
,,,,,,,,,,,,,,,,,,,
,,,,,,,,,,,,,,,,,,,
,,,,,,,,,,,,,,,,,,,
,,,,,,,,,,,,,,,,,,,
,,,,,,,,,,,,,,,,,,,
,,,,,,,,,,,,,,,,,,,
,,,,,,,,,,,,,,,,,,,
,,,,,,,,,,,,,,,,,,,
,,,,,,,,,,,,,,,,,,,
,,,,,,,,,,,,,,,,,,,
,,,,,,,,,,,,,,,,,,,
,,,,,,,,,,,,,,,,,,,
,,,,,,,,,,,,,,,,,,,
,,,,,,,,,,,,,,,,,,,
,,,,,,,,,,,,,,,,,,,
,,,,,,,,,,,,,,,,,,,
,,,,,,,,,,,,,,,,,,,
,,,,,,,,,,,,,,,,,,,
,,,,,,,,,,,,,,,,,,,
,,,,,,,,,,,,,,,,,,,
,,,,,,,,,,,,,,,,,,,
,,,,,,,,,,,,,,,,,,,
,,,,,,,,,,,,,,,,,,,
,,,,,,,,,,,,,,,,,,,
,,,,,,,,,,,,,,,,,,,
,,,,,,,,,,,,,,,,,,,
,,,,,,,,,,,,,,,,,,,
,,,,,,,,,,,,,,,,,,,
,,,,,,,,,,,,,,,,,,,
,,,,,,,,,,,,,,,,,,,
,,,,,,,,,,,,,,,,,,,
,,,,,,,,,,,,,,,,,,,
,,,,,,,,,,,,,,,,,,,
,,,,,,,,,,,,,,,,,,,
,,,,,,,,,,,,,,,,,,,
,,,,,,,,,,,,,,,,,,,
,,,,,,,,,,,,,,,,,,,
,,,,,,,,,,,,,,,,,,,
,,,,,,,,,,,,,,,,,,,
,,,,,,,,,,,,,,,,,,,
,,,,,,,,,,,,,,,,,,,
,,,,,,,,,,,,,,,,,,,
,,,,,,,,,,,,,,,,,,,
,,,,,,,,,,,,,,,,,,,
,,,,,,,,,,,,,,,,,,,
,,,,,,,,,,,,,,,,,,,
,,,,,,,,,,,,,,,,,,,
,,,,,,,,,,,,,,,,,,,
,,,,,,,,,,,,,,,,,,,
,,,,,,,,,,,,,,,,,,,
,,,,,,,,,,,,,,,,,,,
,,,,,,,,,,,,,,,,,,,
,,,,,,,,,,,,,,,,,,,
,,,,,,,,,,,,,,,,,,,
,,,,,,,,,,,,,,,,,,,
,,,,,,,,,,,,,,,,,,,
,,,,,,,,,,,,,,,,,,,
,,,,,,,,,,,,,,,,,,,
,,,,,,,,,,,,,,,,,,,
,,,,,,,,,,,,,,,,,,,
,,,,,,,,,,,,,,,,,,,
,,,,,,,,,,,,,,,,,,,
,,,,,,,,,,,,,,,,,,,
,,,,,,,,,,,,,,,,,,,
,,,,,,,,,,,,,,,,,,,
,,,,,,,,,,,,,,,,,,,
,,,,,,,,,,,,,,,,,,,
,,,,,,,,,,,,,,,,,,,
,,,,,,,,,,,,,,,,,,,
,,,,,,,,,,,,,,,,,,,
,,,,,,,,,,,,,,,,,,,
,,,,,,,,,,,,,,,,,,,
,,,,,,,,,,,,,,,,,,,
,,,,,,,,,,,,,,,,,,,
,,,,,,,,,,,,,,,,,,,
,,,,,,,,,,,,,,,,,,,
,,,,,,,,,,,,,,,,,,,
,,,,,,,,,,,,,,,,,,,
,,,,,,,,,,,,,,,,,,,
,,,,,,,,,,,,,,,,,,,
,,,,,,,,,,,,,,,,,,,
,,,,,,,,,,,,,,,,,,,
,,,,,,,,,,,,,,,,,,,
,,,,,,,,,,,,,,,,,,,
,,,,,,,,,,,,,,,,,,,
,,,,,,,,,,,,,,,,,,,
,,,,,,,,,,,,,,,,,,,
,,,,,,,,,,,,,,,,,,,
,,,,,,,,,,,,,,,,,,,
,,,,,,,,,,,,,,,,,,,
,,,,,,,,,,,,,,,,,,,
,,,,,,,,,,,,,,,,,,,
,,,,,,,,,,,,,,,,,,,
,,,,,,,,,,,,,,,,,,,
,,,,,,,,,,,,,,,,,,,
,,,,,,,,,,,,,,,,,,,
,,,,,,,,,,,,,,,,,,,
,,,,,,,,,,,,,,,,,,,
,,,,,,,,,,,,,,,,,,,
,,,,,,,,,,,,,,,,,,,
,,,,,,,,,,,,,,,,,,,
,,,,,,,,,,,,,,,,,,,
,,,,,,,,,,,,,,,,,,,
,,,,,,,,,,,,,,,,,,,
,,,,,,,,,,,,,,,,,,,
,,,,,,,,,,,,,,,,,,,
,,,,,,,,,,,,,,,,,,,
,,,,,,,,,,,,,,,,,,,
,,,,,,,,,,,,,,,,,,,
,,,,,,,,,,,,,,,,,,,
,,,,,,,,,,,,,,,,,,,
,,,,,,,,,,,,,,,,,,,
,,,,,,,,,,,,,,,,,,,
,,,,,,,,,,,,,,,,,,,
,,,,,,,,,,,,,,,,,,,
,,,,,,,,,,,,,,,,,,,
,,,,,,,,,,,,,,,,,,,
,,,,,,,,,,,,,,,,,,,
,,,,,,,,,,,,,,,,,,,
,,,,,,,,,,,,,,,,,,,
,,,,,,,,,,,,,,,,,,,
,,,,,,,,,,,,,,,,,,,
,,,,,,,,,,,,,,,,,,,
,,,,,,,,,,,,,,,,,,,
,,,,,,,,,,,,,,,,,,,
,,,,,,,,,,,,,,,,,,,
,,,,,,,,,,,,,,,,,,,
,,,,,,,,,,,,,,,,,,,
,,,,,,,,,,,,,,,,,,,
,,,,,,,,,,,,,,,,,,,
,,,,,,,,,,,,,,,,,,,
,,,,,,,,,,,,,,,,,,,
,,,,,,,,,,,,,,,,,,,
,,,,,,,,,,,,,,,,,,,
,,,,,,,,,,,,,,,,,,,
,,,,,,,,,,,,,,,,,,,
,,,,,,,,,,,,,,,,,,,
,,,,,,,,,,,,,,,,,,,
,,,,,,,,,,,,,,,,,,,
,,,,,,,,,,,,,,,,,,,
,,,,,,,,,,,,,,,,,,,
,,,,,,,,,,,,,,,,,,,
,,,,,,,,,,,,,,,,,,,
,,,,,,,,,,,,,,,,,,,
,,,,,,,,,,,,,,,,,,,
,,,,,,,,,,,,,,,,,,,
,,,,,,,,,,,,,,,,,,,
,,,,,,,,,,,,,,,,,,,
,,,,,,,,,,,,,,,,,,,
,,,,,,,,,,,,,,,,,,,
,,,,,,,,,,,,,,,,,,,
,,,,,,,,,,,,,,,,,,,
,,,,,,,,,,,,,,,,,,,
,,,,,,,,,,,,,,,,,,,
,,,,,,,,,,,,,,,,,,,
,,,,,,,,,,,,,,,,,,,
,,,,,,,,,,,,,,,,,,,
,,,,,,,,,,,,,,,,,,,
,,,,,,,,,,,,,,,,,,,
,,,,,,,,,,,,,,,,,,,
,,,,,,,,,,,,,,,,,,,
,,,,,,,,,,,,,,,,,,,
,,,,,,,,,,,,,,,,,,,
,,,,,,,,,,,,,,,,,,,
,,,,,,,,,,,,,,,,,,,
,,,,,,,,,,,,,,,,,,,
,,,,,,,,,,,,,,,,,,,
,,,,,,,,,,,,,,,,,,,
,,,,,,,,,,,,,,,,,,,
,,,,,,,,,,,,,,,,,,,
,,,,,,,,,,,,,,,,,,,
,,,,,,,,,,,,,,,,,,,
,,,,,,,,,,,,,,,,,,,
,,,,,,,,,,,,,,,,,,,
,,,,,,,,,,,,,,,,,,,
,,,,,,,,,,,,,,,,,,,
,,,,,,,,,,,,,,,,,,,
,,,,,,,,,,,,,,,,,,,
,,,,,,,,,,,,,,,,,,,
,,,,,,,,,,,,,,,,,,,
,,,,,,,,,,,,,,,,,,,
,,,,,,,,,,,,,,,,,,,
,,,,,,,,,,,,,,,,,,,
,,,,,,,,,,,,,,,,,,,
,,,,,,,,,,,,,,,,,,,
,,,,,,,,,,,,,,,,,,,
,,,,,,,,,,,,,,,,,,,
,,,,,,,,,,,,,,,,,,,
,,,,,,,,,,,,,,,,,,,
,,,,,,,,,,,,,,,,,,,
,,,,,,,,,,,,,,,,,,,
,,,,,,,,,,,,,,,,,,,
,,,,,,,,,,,,,,,,,,,
,,,,,,,,,,,,,,,,,,,
,,,,,,,,,,,,,,,,,,,
,,,,,,,,,,,,,,,,,,,
,,,,,,,,,,,,,,,,,,,
,,,,,,,,,,,,,,,,,,,
,,,,,,,,,,,,,,,,,,,
,,,,,,,,,,,,,,,,,,,
,,,,,,,,,,,,,,,,,,,
,,,,,,,,,,,,,,,,,,,
,,,,,,,,,,,,,,,,,,,
,,,,,,,,,,,,,,,,,,,
,,,,,,,,,,,,,,,,,,,
,,,,,,,,,,,,,,,,,,,
,,,,,,,,,,,,,,,,,,,
,,,,,,,,,,,,,,,,,,,
,,,,,,,,,,,,,,,,,,,
,,,,,,,,,,,,,,,,,,,
,,,,,,,,,,,,,,,,,,,
,,,,,,,,,,,,,,,,,,,
,,,,,,,,,,,,,,,,,,,
,,,,,,,,,,,,,,,,,,,
,,,,,,,,,,,,,,,,,,,
,,,,,,,,,,,,,,,,,,,
,,,,,,,,,,,,,,,,,,,
,,,,,,,,,,,,,,,,,,,
,,,,,,,,,,,,,,,,,,,
,,,,,,,,,,,,,,,,,,,
,,,,,,,,,,,,,,,,,,,
,,,,,,,,,,,,,,,,,,,
,,,,,,,,,,,,,,,,,,,
,,,,,,,,,,,,,,,,,,,
,,,,,,,,,,,,,,,,,,,
,,,,,,,,,,,,,,,,,,,
,,,,,,,,,,,,,,,,,,,
,,,,,,,,,,,,,,,,,,,
,,,,,,,,,,,,,,,,,,,
,,,,,,,,,,,,,,,,,,,
,,,,,,,,,,,,,,,,,,,
,,,,,,,,,,,,,,,,,,,
,,,,,,,,,,,,,,,,,,,
,,,,,,,,,,,,,,,,,,,
,,,,,,,,,,,,,,,,,,,
,,,,,,,,,,,,,,,,,,,
,,,,,,,,,,,,,,,,,,,
,,,,,,,,,,,,,,,,,,,
,,,,,,,,,,,,,,,,,,,
,,,,,,,,,,,,,,,,,,,
,,,,,,,,,,,,,,,,,,,
,,,,,,,,,,,,,,,,,,,
,,,,,,,,,,,,,,,,,,,
,,,,,,,,,,,,,,,,,,,
,,,,,,,,,,,,,,,,,,,
,,,,,,,,,,,,,,,,,,,
,,,,,,,,,,,,,,,,,,,
,,,,,,,,,,,,,,,,,,,
,,,,,,,,,,,,,,,,,,,
,,,,,,,,,,,,,,,,,,,
,,,,,,,,,,,,,,,,,,,
,,,,,,,,,,,,,,,,,,,
,,,,,,,,,,,,,,,,,,,
,,,,,,,,,,,,,,,,,,,
,,,,,,,,,,,,,,,,,,,
,,,,,,,,,,,,,,,,,,,
,,,,,,,,,,,,,,,,,,,
,,,,,,,,,,,,,,,,,,,
,,,,,,,,,,,,,,,,,,,
,,,,,,,,,,,,,,,,,,,
,,,,,,,,,,,,,,,,,,,
,,,,,,,,,,,,,,,,,,,
,,,,,,,,,,,,,,,,,,,
,,,,,,,,,,,,,,,,,,,
,,,,,,,,,,,,,,,,,,,
,,,,,,,,,,,,,,,,,,,
,,,,,,,,,,,,,,,,,,,
,,,,,,,,,,,,,,,,,,,
,,,,,,,,,,,,,,,,,,,
,,,,,,,,,,,,,,,,,,,
,,,,,,,,,,,,,,,,,,,
,,,,,,,,,,,,,,,,,,,
,,,,,,,,,,,,,,,,,,,
,,,,,,,,,,,,,,,,,,,
,,,,,,,,,,,,,,,,,,,
,,,,,,,,,,,,,,,,,,,
,,,,,,,,,,,,,,,,,,,
,,,,,,,,,,,,,,,,,,,
,,,,,,,,,,,,,,,,,,,
,,,,,,,,,,,,,,,,,,,
,,,,,,,,,,,,,,,,,,,
,,,,,,,,,,,,,,,,,,,
,,,,,,,,,,,,,,,,,,,
,,,,,,,,,,,,,,,,,,,
,,,,,,,,,,,,,,,,,,,
,,,,,,,,,,,,,,,,,,,
,,,,,,,,,,,,,,,,,,,
,,,,,,,,,,,,,,,,,,,
,,,,,,,,,,,,,,,,,,,
,,,,,,,,,,,,,,,,,,,
,,,,,,,,,,,,,,,,,,,
,,,,,,,,,,,,,,,,,,,
,,,,,,,,,,,,,,,,,,,
,,,,,,,,,,,,,,,,,,,
,,,,,,,,,,,,,,,,,,,
,,,,,,,,,,,,,,,,,,,
,,,,,,,,,,,,,,,,,,,
,,,,,,,,,,,,,,,,,,,
,,,,,,,,,,,,,,,,,,,
,,,,,,,,,,,,,,,,,,,
,,,,,,,,,,,,,,,,,,,
,,,,,,,,,,,,,,,,,,,
,,,,,,,,,,,,,,,,,,,
,,,,,,,,,,,,,,,,,,,
,,,,,,,,,,,,,,,,,,,
,,,,,,,,,,,,,,,,,,,
,,,,,,,,,,,,,,,,,,,
,,,,,,,,,,,,,,,,,,,
,,,,,,,,,,,,,,,,,,,
,,,,,,,,,,,,,,,,,,,
,,,,,,,,,,,,,,,,,,,
,,,,,,,,,,,,,,,,,,,
,,,,,,,,,,,,,,,,,,,
,,,,,,,,,,,,,,,,,,,
,,,,,,,,,,,,,,,,,,,
,,,,,,,,,,,,,,,,,,,
,,,,,,,,,,,,,,,,,,,
,,,,,,,,,,,,,,,,,,,
,,,,,,,,,,,,,,,,,,,
,,,,,,,,,,,,,,,,,,,
,,,,,,,,,,,,,,,,,,,
,,,,,,,,,,,,,,,,,,,
,,,,,,,,,,,,,,,,,,,
,,,,,,,,,,,,,,,,,,,
,,,,,,,,,,,,,,,,,,,
,,,,,,,,,,,,,,,,,,,
,,,,,,,,,,,,,,,,,,,
,,,,,,,,,,,,,,,,,,,
,,,,,,,,,,,,,,,,,,,
,,,,,,,,,,,,,,,,,,,
,,,,,,,,,,,,,,,,,,,
,,,,,,,,,,,,,,,,,,,
,,,,,,,,,,,,,,,,,,,
,,,,,,,,,,,,,,,,,,,
,,,,,,,,,,,,,,,,,,,
,,,,,,,,,,,,,,,,,,,
,,,,,,,,,,,,,,,,,,,
,,,,,,,,,,,,,,,,,,,
,,,,,,,,,,,,,,,,,,,
,,,,,,,,,,,,,,,,,,,
,,,,,,,,,,,,,,,,,,,
,,,,,,,,,,,,,,,,,,,
,,,,,,,,,,,,,,,,,,,
,,,,,,,,,,,,,,,,,,,
,,,,,,,,,,,,,,,,,,,
,,,,,,,,,,,,,,,,,,,
,,,,,,,,,,,,,,,,,,,
,,,,,,,,,,,,,,,,,,,
,,,,,,,,,,,,,,,,,,,
,,,,,,,,,,,,,,,,,,,
,,,,,,,,,,,,,,,,,,,
,,,,,,,,,,,,,,,,,,,
,,,,,,,,,,,,,,,,,,,
,,,,,,,,,,,,,,,,,,,
,,,,,,,,,,,,,,,,,,,
,,,,,,,,,,,,,,,,,,,
,,,,,,,,,,,,,,,,,,,
,,,,,,,,,,,,,,,,,,,
,,,,,,,,,,,,,,,,,,,
,,,,,,,,,,,,,,,,,,,
,,,,,,,,,,,,,,,,,,,
,,,,,,,,,,,,,,,,,,,
,,,,,,,,,,,,,,,,,,,
,,,,,,,,,,,,,,,,,,,
,,,,,,,,,,,,,,,,,,,
,,,,,,,,,,,,,,,,,,,
,,,,,,,,,,,,,,,,,,,
,,,,,,,,,,,,,,,,,,,
,,,,,,,,,,,,,,,,,,,
,,,,,,,,,,,,,,,,,,,
,,,,,,,,,,,,,,,,,,,
,,,,,,,,,,,,,,,,,,,
,,,,,,,,,,,,,,,,,,,
,,,,,,,,,,,,,,,,,,,
,,,,,,,,,,,,,,,,,,,
,,,,,,,,,,,,,,,,,,,
,,,,,,,,,,,,,,,,,,,
,,,,,,,,,,,,,,,,,,,
,,,,,,,,,,,,,,,,,,,
,,,,,,,,,,,,,,,,,,,
,,,,,,,,,,,,,,,,,,,
,,,,,,,,,,,,,,,,,,,
,,,,,,,,,,,,,,,,,,,
,,,,,,,,,,,,,,,,,,,
,,,,,,,,,,,,,,,,,,,
,,,,,,,,,,,,,,,,,,,
,,,,,,,,,,,,,,,,,,,
,,,,,,,,,,,,,,,,,,,
,,,,,,,,,,,,,,,,,,,
,,,,,,,,,,,,,,,,,,,
,,,,,,,,,,,,,,,,,,,
,,,,,,,,,,,,,,,,,,,
,,,,,,,,,,,,,,,,,,,
,,,,,,,,,,,,,,,,,,,
,,,,,,,,,,,,,,,,,,,
,,,,,,,,,,,,,,,,,,,
,,,,,,,,,,,,,,,,,,,
,,,,,,,,,,,,,,,,,,,
,,,,,,,,,,,,,,,,,,,
,,,,,,,,,,,,,,,,,,,
,,,,,,,,,,,,,,,,,,,
,,,,,,,,,,,,,,,,,,,
,,,,,,,,,,,,,,,,,,,
,,,,,,,,,,,,,,,,,,,
,,,,,,,,,,,,,,,,,,,
,,,,,,,,,,,,,,,,,,,
,,,,,,,,,,,,,,,,,,,
,,,,,,,,,,,,,,,,,,,
,,,,,,,,,,,,,,,,,,,
,,,,,,,,,,,,,,,,,,,
,,,,,,,,,,,,,,,,,,,
,,,,,,,,,,,,,,,,,,,
,,,,,,,,,,,,,,,,,,,
,,,,,,,,,,,,,,,,,,,
,,,,,,,,,,,,,,,,,,,
,,,,,,,,,,,,,,,,,,,
,,,,,,,,,,,,,,,,,,,
,,,,,,,,,,,,,,,,,,,
,,,,,,,,,,,,,,,,,,,
,,,,,,,,,,,,,,,,,,,
,,,,,,,,,,,,,,,,,,,
,,,,,,,,,,,,,,,,,,,
,,,,,,,,,,,,,,,,,,,
,,,,,,,,,,,,,,,,,,,
,,,,,,,,,,,,,,,,,,,
,,,,,,,,,,,,,,,,,,,
,,,,,,,,,,,,,,,,,,,
,,,,,,,,,,,,,,,,,,,
,,,,,,,,,,,,,,,,,,,
,,,,,,,,,,,,,,,,,,,
,,,,,,,,,,,,,,,,,,,
,,,,,,,,,,,,,,,,,,,
,,,,,,,,,,,,,,,,,,,
,,,,,,,,,,,,,,,,,,,
,,,,,,,,,,,,,,,,,,,
,,,,,,,,,,,,,,,,,,,
,,,,,,,,,,,,,,,,,,,
,,,,,,,,,,,,,,,,,,,
,,,,,,,,,,,,,,,,,,,
,,,,,,,,,,,,,,,,,,,
,,,,,,,,,,,,,,,,,,,
,,,,,,,,,,,,,,,,,,,
,,,,,,,,,,,,,,,,,,,
,,,,,,,,,,,,,,,,,,,
,,,,,,,,,,,,,,,,,,,
,,,,,,,,,,,,,,,,,,,
,,,,,,,,,,,,,,,,,,,
,,,,,,,,,,,,,,,,,,,
,,,,,,,,,,,,,,,,,,,
,,,,,,,,,,,,,,,,,,,
,,,,,,,,,,,,,,,,,,,
,,,,,,,,,,,,,,,,,,,
,,,,,,,,,,,,,,,,,,,
,,,,,,,,,,,,,,,,,,,
,,,,,,,,,,,,,,,,,,,
,,,,,,,,,,,,,,,,,,,
,,,,,,,,,,,,,,,,,,,
,,,,,,,,,,,,,,,,,,,
,,,,,,,,,,,,,,,,,,,
,,,,,,,,,,,,,,,,,,,
,,,,,,,,,,,,,,,,,,,
,,,,,,,,,,,,,,,,,,,
,,,,,,,,,,,,,,,,,,,
,,,,,,,,,,,,,,,,,,,
,,,,,,,,,,,,,,,,,,,
,,,,,,,,,,,,,,,,,,,
,,,,,,,,,,,,,,,,,,,
,,,,,,,,,,,,,,,,,,,
,,,,,,,,,,,,,,,,,,,
,,,,,,,,,,,,,,,,,,,
,,,,,,,,,,,,,,,,,,,
,,,,,,,,,,,,,,,,,,,
,,,,,,,,,,,,,,,,,,,
,,,,,,,,,,,,,,,,,,,
,,,,,,,,,,,,,,,,,,,
,,,,,,,,,,,,,,,,,,,
,,,,,,,,,,,,,,,,,,,
,,,,,,,,,,,,,,,,,,,
,,,,,,,,,,,,,,,,,,,
,,,,,,,,,,,,,,,,,,,
,,,,,,,,,,,,,,,,,,,
,,,,,,,,,,,,,,,,,,,
,,,,,,,,,,,,,,,,,,,
,,,,,,,,,,,,,,,,,,,
,,,,,,,,,,,,,,,,,,,
,,,,,,,,,,,,,,,,,,,
,,,,,,,,,,,,,,,,,,,
,,,,,,,,,,,,,,,,,,,
,,,,,,,,,,,,,,,,,,,
,,,,,,,,,,,,,,,,,,,
,,,,,,,,,,,,,,,,,,,
,,,,,,,,,,,,,,,,,,,
,,,,,,,,,,,,,,,,,,,
,,,,,,,,,,,,,,,,,,,
,,,,,,,,,,,,,,,,,,,
,,,,,,,,,,,,,,,,,,,
,,,,,,,,,,,,,,,,,,,
,,,,,,,,,,,,,,,,,,,
,,,,,,,,,,,,,,,,,,,
,,,,,,,,,,,,,,,,,,,
,,,,,,,,,,,,,,,,,,,
,,,,,,,,,,,,,,,,,,,
,,,,,,,,,,,,,,,,,,,
,,,,,,,,,,,,,,,,,,,
,,,,,,,,,,,,,,,,,,,
,,,,,,,,,,,,,,,,,,,
,,,,,,,,,,,,,,,,,,,
,,,,,,,,,,,,,,,,,,,
,,,,,,,,,,,,,,,,,,,
,,,,,,,,,,,,,,,,,,,
,,,,,,,,,,,,,,,,,,,
,,,,,,,,,,,,,,,,,,,
,,,,,,,,,,,,,,,,,,,
,,,,,,,,,,,,,,,,,,,
,,,,,,,,,,,,,,,,,,,
,,,,,,,,,,,,,,,,,,,
,,,,,,,,,,,,,,,,,,,
,,,,,,,,,,,,,,,,,,,
,,,,,,,,,,,,,,,,,,,
,,,,,,,,,,,,,,,,,,,
,,,,,,,,,,,,,,,,,,,
,,,,,,,,,,,,,,,,,,,
,,,,,,,,,,,,,,,,,,,
,,,,,,,,,,,,,,,,,,,
,,,,,,,,,,,,,,,,,,,
,,,,,,,,,,,,,,,,,,,
,,,,,,,,,,,,,,,,,,,
,,,,,,,,,,,,,,,,,,,
,,,,,,,,,,,,,,,,,,,
,,,,,,,,,,,,,,,,,,,
,,,,,,,,,,,,,,,,,,,
,,,,,,,,,,,,,,,,,,,
,,,,,,,,,,,,,,,,,,,
,,,,,,,,,,,,,,,,,,,
,,,,,,,,,,,,,,,,,,,
,,,,,,,,,,,,,,,,,,,
,,,,,,,,,,,,,,,,,,,
,,,,,,,,,,,,,,,,,,,
,,,,,,,,,,,,,,,,,,,
,,,,,,,,,,,,,,,,,,,
,,,,,,,,,,,,,,,,,,,
,,,,,,,,,,,,,,,,,,,
,,,,,,,,,,,,,,,,,,,
,,,,,,,,,,,,,,,,,,,
,,,,,,,,,,,,,,,,,,,
,,,,,,,,,,,,,,,,,,,
,,,,,,,,,,,,,,,,,,,
,,,,,,,,,,,,,,,,,,,
,,,,,,,,,,,,,,,,,,,
,,,,,,,,,,,,,,,,,,,
,,,,,,,,,,,,,,,,,,,
,,,,,,,,,,,,,,,,,,,
,,,,,,,,,,,,,,,,,,,
,,,,,,,,,,,,,,,,,,,
,,,,,,,,,,,,,,,,,,,
,,,,,,,,,,,,,,,,,,,
,,,,,,,,,,,,,,,,,,,
,,,,,,,,,,,,,,,,,,,
,,,,,,,,,,,,,,,,,,,
,,,,,,,,,,,,,,,,,,,
,,,,,,,,,,,,,,,,,,,
,,,,,,,,,,,,,,,,,,,
,,,,,,,,,,,,,,,,,,,
,,,,,,,,,,,,,,,,,,,
,,,,,,,,,,,,,,,,,,,
,,,,,,,,,,,,,,,,,,,
,,,,,,,,,,,,,,,,,,,
,,,,,,,,,,,,,,,,,,,
,,,,,,,,,,,,,,,,,,,
,,,,,,,,,,,,,,,,,,,
,,,,,,,,,,,,,,,,,,,
,,,,,,,,,,,,,,,,,,,
,,,,,,,,,,,,,,,,,,,
,,,,,,,,,,,,,,,,,,,
,,,,,,,,,,,,,,,,,,,
,,,,,,,,,,,,,,,,,,,
,,,,,,,,,,,,,,,,,,,
,,,,,,,,,,,,,,,,,,,
,,,,,,,,,,,,,,,,,,,
,,,,,,,,,,,,,,,,,,,
,,,,,,,,,,,,,,,,,,,
,,,,,,,,,,,,,,,,,,,
,,,,,,,,,,,,,,,,,,,
,,,,,,,,,,,,,,,,,,,
,,,,,,,,,,,,,,,,,,,
,,,,,,,,,,,,,,,,,,,
,,,,,,,,,,,,,,,,,,,
,,,,,,,,,,,,,,,,,,,
,,,,,,,,,,,,,,,,,,,
,,,,,,,,,,,,,,,,,,,
,,,,,,,,,,,,,,,,,,,
,,,,,,,,,,,,,,,,,,,
,,,,,,,,,,,,,,,,,,,
,,,,,,,,,,,,,,,,,,,
,,,,,,,,,,,,,,,,,,,
,,,,,,,,,,,,,,,,,,,
,,,,,,,,,,,,,,,,,,,
,,,,,,,,,,,,,,,,,,,
,,,,,,,,,,,,,,,,,,,
,,,,,,,,,,,,,,,,,,,
,,,,,,,,,,,,,,,,,,,
,,,,,,,,,,,,,,,,,,,
,,,,,,,,,,,,,,,,,,,
,,,,,,,,,,,,,,,,,,,
,,,,,,,,,,,,,,,,,,,
,,,,,,,,,,,,,,,,,,,
,,,,,,,,,,,,,,,,,,,
,,,,,,,,,,,,,,,,,,,
,,,,,,,,,,,,,,,,,,,
,,,,,,,,,,,,,,,,,,,
,,,,,,,,,,,,,,,,,,,
,,,,,,,,,,,,,,,,,,,
,,,,,,,,,,,,,,,,,,,
,,,,,,,,,,,,,,,,,,,
,,,,,,,,,,,,,,,,,,,
,,,,,,,,,,,,,,,,,,,
,,,,,,,,,,,,,,,,,,,
,,,,,,,,,,,,,,,,,,,
,,,,,,,,,,,,,,,,,,,
,,,,,,,,,,,,,,,,,,,
,,,,,,,,,,,,,,,,,,,
,,,,,,,,,,,,,,,,,,,
,,,,,,,,,,,,,,,,,,,
,,,,,,,,,,,,,,,,,,,
,,,,,,,,,,,,,,,,,,,
,,,,,,,,,,,,,,,,,,,
,,,,,,,,,,,,,,,,,,,
,,,,,,,,,,,,,,,,,,,
,,,,,,,,,,,,,,,,,,,
,,,,,,,,,,,,,,,,,,,
,,,,,,,,,,,,,,,,,,,
,,,,,,,,,,,,,,,,,,,
,,,,,,,,,,,,,,,,,,,
,,,,,,,,,,,,,,,,,,,
,,,,,,,,,,,,,,,,,,,
,,,,,,,,,,,,,,,,,,,
,,,,,,,,,,,,,,,,,,,
,,,,,,,,,,,,,,,,,,,
,,,,,,,,,,,,,,,,,,,
,,,,,,,,,,,,,,,,,,,
,,,,,,,,,,,,,,,,,,,
,,,,,,,,,,,,,,,,,,,
,,,,,,,,,,,,,,,,,,,
,,,,,,,,,,,,,,,,,,,
,,,,,,,,,,,,,,,,,,,
,,,,,,,,,,,,,,,,,,,
,,,,,,,,,,,,,,,,,,,
,,,,,,,,,,,,,,,,,,,
,,,,,,,,,,,,,,,,,,,
,,,,,,,,,,,,,,,,,,,
,,,,,,,,,,,,,,,,,,,
,,,,,,,,,,,,,,,,,,,
,,,,,,,,,,,,,,,,,,,
,,,,,,,,,,,,,,,,,,,
,,,,,,,,,,,,,,,,,,,
,,,,,,,,,,,,,,,,,,,
,,,,,,,,,,,,,,,,,,,
,,,,,,,,,,,,,,,,,,,
,,,,,,,,,,,,,,,,,,,
,,,,,,,,,,,,,,,,,,,
,,,,,,,,,,,,,,,,,,,
,,,,,,,,,,,,,,,,,,,
,,,,,,,,,,,,,,,,,,,
,,,,,,,,,,,,,,,,,,,
,,,,,,,,,,,,,,,,,,,
,,,,,,,,,,,,,,,,,,,
,,,,,,,,,,,,,,,,,,,
,,,,,,,,,,,,,,,,,,,
,,,,,,,,,,,,,,,,,,,
,,,,,,,,,,,,,,,,,,,
,,,,,,,,,,,,,,,,,,,
,,,,,,,,,,,,,,,,,,,
,,,,,,,,,,,,,,,,,,,
,,,,,,,,,,,,,,,,,,,
,,,,,,,,,,,,,,,,,,,
,,,,,,,,,,,,,,,,,,,
,,,,,,,,,,,,,,,,,,,
,,,,,,,,,,,,,,,,,,,
,,,,,,,,,,,,,,,,,,,
,,,,,,,,,,,,,,,,,,,
,,,,,,,,,,,,,,,,,,,
,,,,,,,,,,,,,,,,,,,
,,,,,,,,,,,,,,,,,,,
,,,,,,,,,,,,,,,,,,,
,,,,,,,,,,,,,,,,,,,
,,,,,,,,,,,,,,,,,,,
,,,,,,,,,,,,,,,,,,,
,,,,,,,,,,,,,,,,,,,
,,,,,,,,,,,,,,,,,,,
,,,,,,,,,,,,,,,,,,,
,,,,,,,,,,,,,,,,,,,
,,,,,,,,,,,,,,,,,,,
,,,,,,,,,,,,,,,,,,,
,,,,,,,,,,,,,,,,,,,
,,,,,,,,,,,,,,,,,,,
,,,,,,,,,,,,,,,,,,,
,,,,,,,,,,,,,,,,,,,
,,,,,,,,,,,,,,,,,,,
,,,,,,,,,,,,,,,,,,,
,,,,,,,,,,,,,,,,,,,
,,,,,,,,,,,,,,,,,,,
,,,,,,,,,,,,,,,,,,,
,,,,,,,,,,,,,,,,,,,
,,,,,,,,,,,,,,,,,,,
,,,,,,,,,,,,,,,,,,,
,,,,,,,,,,,,,,,,,,,
,,,,,,,,,,,,,,,,,,,
,,,,,,,,,,,,,,,,,,,
,,,,,,,,,,,,,,,,,,,
,,,,,,,,,,,,,,,,,,,
,,,,,,,,,,,,,,,,,,,
,,,,,,,,,,,,,,,,,,,
,,,,,,,,,,,,,,,,,,,
,,,,,,,,,,,,,,,,,,,
,,,,,,,,,,,,,,,,,,,
,,,,,,,,,,,,,,,,,,,
,,,,,,,,,,,,,,,,,,,
,,,,,,,,,,,,,,,,,,,
,,,,,,,,,,,,,,,,,,,
,,,,,,,,,,,,,,,,,,,
,,,,,,,,,,,,,,,,,,,
,,,,,,,,,,,,,,,,,,,
,,,,,,,,,,,,,,,,,,,
,,,,,,,,,,,,,,,,,,,
,,,,,,,,,,,,,,,,,,,
,,,,,,,,,,,,,,,,,,,
,,,,,,,,,,,,,,,,,,,
,,,,,,,,,,,,,,,,,,,
,,,,,,,,,,,,,,,,,,,
,,,,,,,,,,,,,,,,,,,
,,,,,,,,,,,,,,,,,,,
,,,,,,,,,,,,,,,,,,,
,,,,,,,,,,,,,,,,,,,
,,,,,,,,,,,,,,,,,,,
,,,,,,,,,,,,,,,,,,,
,,,,,,,,,,,,,,,,,,,
,,,,,,,,,,,,,,,,,,,
,,,,,,,,,,,,,,,,,,,
,,,,,,,,,,,,,,,,,,,
,,,,,,,,,,,,,,,,,,,
,,,,,,,,,,,,,,,,,,,
,,,,,,,,,,,,,,,,,,,
,,,,,,,,,,,,,,,,,,,
,,,,,,,,,,,,,,,,,,,
,,,,,,,,,,,,,,,,,,,
,,,,,,,,,,,,,,,,,,,
,,,,,,,,,,,,,,,,,,,
,,,,,,,,,,,,,,,,,,,
,,,,,,,,,,,,,,,,,,,
,,,,,,,,,,,,,,,,,,,
,,,,,,,,,,,,,,,,,,,
,,,,,,,,,,,,,,,,,,,
,,,,,,,,,,,,,,,,,,,
,,,,,,,,,,,,,,,,,,,
,,,,,,,,,,,,,,,,,,,
,,,,,,,,,,,,,,,,,,,
,,,,,,,,,,,,,,,,,,,
,,,,,,,,,,,,,,,,,,,
,,,,,,,,,,,,,,,,,,,
,,,,,,,,,,,,,,,,,,,
,,,,,,,,,,,,,,,,,,,
,,,,,,,,,,,,,,,,,,,
,,,,,,,,,,,,,,,,,,,
,,,,,,,,,,,,,,,,,,,
,,,,,,,,,,,,,,,,,,,
,,,,,,,,,,,,,,,,,,,
,,,,,,,,,,,,,,,,,,,
,,,,,,,,,,,,,,,,,,,
,,,,,,,,,,,,,,,,,,,
,,,,,,,,,,,,,,,,,,,
,,,,,,,,,,,,,,,,,,,
,,,,,,,,,,,,,,,,,,,
,,,,,,,,,,,,,,,,,,,
,,,,,,,,,,,,,,,,,,,
,,,,,,,,,,,,,,,,,,,
,,,,,,,,,,,,,,,,,,,
,,,,,,,,,,,,,,,,,,,
,,,,,,,,,,,,,,,,,,,
,,,,,,,,,,,,,,,,,,,
,,,,,,,,,,,,,,,,,,,
,,,,,,,,,,,,,,,,,,,
,,,,,,,,,,,,,,,,,,,
,,,,,,,,,,,,,,,,,,,
,,,,,,,,,,,,,,,,,,,
,,,,,,,,,,,,,,,,,,,
,,,,,,,,,,,,,,,,,,,
,,,,,,,,,,,,,,,,,,,
,,,,,,,,,,,,,,,,,,,
,,,,,,,,,,,,,,,,,,,
,,,,,,,,,,,,,,,,,,,
,,,,,,,,,,,,,,,,,,,
,,,,,,,,,,,,,,,,,,,
,,,,,,,,,,,,,,,,,,,
,,,,,,,,,,,,,,,,,,,
,,,,,,,,,,,,,,,,,,,
,,,,,,,,,,,,,,,,,,,
,,,,,,,,,,,,,,,,,,,
,,,,,,,,,,,,,,,,,,,
,,,,,,,,,,,,,,,,,,,
,,,,,,,,,,,,,,,,,,,
,,,,,,,,,,,,,,,,,,,
,,,,,,,,,,,,,,,,,,,
,,,,,,,,,,,,,,,,,,,
,,,,,,,,,,,,,,,,,,,
,,,,,,,,,,,,,,,,,,,
,,,,,,,,,,,,,,,,,,,
,,,,,,,,,,,,,,,,,,,
,,,,,,,,,,,,,,,,,,,
,,,,,,,,,,,,,,,,,,,
,,,,,,,,,,,,,,,,,,,
,,,,,,,,,,,,,,,,,,,
,,,,,,,,,,,,,,,,,,,
,,,,,,,,,,,,,,,,,,,
,,,,,,,,,,,,,,,,,,,
,,,,,,,,,,,,,,,,,,,
,,,,,,,,,,,,,,,,,,,
,,,,,,,,,,,,,,,,,,,
,,,,,,,,,,,,,,,,,,,
,,,,,,,,,,,,,,,,,,,
,,,,,,,,,,,,,,,,,,,
,,,,,,,,,,,,,,,,,,,
,,,,,,,,,,,,,,,,,,,
,,,,,,,,,,,,,,,,,,,
,,,,,,,,,,,,,,,,,,,
,,,,,,,,,,,,,,,,,,,
,,,,,,,,,,,,,,,,,,,
,,,,,,,,,,,,,,,,,,,
,,,,,,,,,,,,,,,,,,,
,,,,,,,,,,,,,,,,,,,
,,,,,,,,,,,,,,,,,,,
,,,,,,,,,,,,,,,,,,,
,,,,,,,,,,,,,,,,,,,
,,,,,,,,,,,,,,,,,,,
,,,,,,,,,,,,,,,,,,,
,,,,,,,,,,,,,,,,,,,
,,,,,,,,,,,,,,,,,,,
,,,,,,,,,,,,,,,,,,,
,,,,,,,,,,,,,,,,,,,
,,,,,,,,,,,,,,,,,,,
,,,,,,,,,,,,,,,,,,,
,,,,,,,,,,,,,,,,,,,
,,,,,,,,,,,,,,,,,,,
,,,,,,,,,,,,,,,,,,,
,,,,,,,,,,,,,,,,,,,
,,,,,,,,,,,,,,,,,,,
,,,,,,,,,,,,,,,,,,,
,,,,,,,,,,,,,,,,,,,
,,,,,,,,,,,,,,,,,,,
,,,,,,,,,,,,,,,,,,,
,,,,,,,,,,,,,,,,,,,
,,,,,,,,,,,,,,,,,,,
,,,,,,,,,,,,,,,,,,,
,,,,,,,,,,,,,,,,,,,
,,,,,,,,,,,,,,,,,,,
,,,,,,,,,,,,,,,,,,,
,,,,,,,,,,,,,,,,,,,
,,,,,,,,,,,,,,,,,,,
,,,,,,,,,,,,,,,,,,,
,,,,,,,,,,,,,,,,,,,
,,,,,,,,,,,,,,,,,,,
,,,,,,,,,,,,,,,,,,,
,,,,,,,,,,,,,,,,,,,
,,,,,,,,,,,,,,,,,,,
,,,,,,,,,,,,,,,,,,,
,,,,,,,,,,,,,,,,,,,
,,,,,,,,,,,,,,,,,,,
,,,,,,,,,,,,,,,,,,,
,,,,,,,,,,,,,,,,,,,
,,,,,,,,,,,,,,,,,,,
,,,,,,,,,,,,,,,,,,,
,,,,,,,,,,,,,,,,,,,
,,,,,,,,,,,,,,,,,,,
,,,,,,,,,,,,,,,,,,,
,,,,,,,,,,,,,,,,,,,
,,,,,,,,,,,,,,,,,,,
,,,,,,,,,,,,,,,,,,,
,,,,,,,,,,,,,,,,,,,
,,,,,,,,,,,,,,,,,,,
,,,,,,,,,,,,,,,,,,,
,,,,,,,,,,,,,,,,,,,
,,,,,,,,,,,,,,,,,,,
,,,,,,,,,,,,,,,,,,,
,,,,,,,,,,,,,,,,,,,
,,,,,,,,,,,,,,,,,,,
,,,,,,,,,,,,,,,,,,,
,,,,,,,,,,,,,,,,,,,
,,,,,,,,,,,,,,,,,,,
,,,,,,,,,,,,,,,,,,,
,,,,,,,,,,,,,,,,,,,
,,,,,,,,,,,,,,,,,,,
,,,,,,,,,,,,,,,,,,,
,,,,,,,,,,,,,,,,,,,
,,,,,,,,,,,,,,,,,,,
,,,,,,,,,,,,,,,,,,,
,,,,,,,,,,,,,,,,,,,
,,,,,,,,,,,,,,,,,,,
,,,,,,,,,,,,,,,,,,,
,,,,,,,,,,,,,,,,,,,
,,,,,,,,,,,,,,,,,,,
,,,,,,,,,,,,,,,,,,,
,,,,,,,,,,,,,,,,,,,
,,,,,,,,,,,,,,,,,,,
,,,,,,,,,,,,,,,,,,,
,,,,,,,,,,,,,,,,,,,
,,,,,,,,,,,,,,,,,,,
,,,,,,,,,,,,,,,,,,,
,,,,,,,,,,,,,,,,,,,
,,,,,,,,,,,,,,,,,,,
,,,,,,,,,,,,,,,,,,,
,,,,,,,,,,,,,,,,,,,
,,,,,,,,,,,,,,,,,,,
,,,,,,,,,,,,,,,,,,,
,,,,,,,,,,,,,,,,,,,
,,,,,,,,,,,,,,,,,,,
,,,,,,,,,,,,,,,,,,,
,,,,,,,,,,,,,,,,,,,
,,,,,,,,,,,,,,,,,,,
,,,,,,,,,,,,,,,,,,,
,,,,,,,,,,,,,,,,,,,
,,,,,,,,,,,,,,,,,,,
,,,,,,,,,,,,,,,,,,,
,,,,,,,,,,,,,,,,,,,
,,,,,,,,,,,,,,,,,,,
,,,,,,,,,,,,,,,,,,,
,,,,,,,,,,,,,,,,,,,
,,,,,,,,,,,,,,,,,,,
,,,,,,,,,,,,,,,,,,,
,,,,,,,,,,,,,,,,,,,
,,,,,,,,,,,,,,,,,,,
,,,,,,,,,,,,,,,,,,,
,,,,,,,,,,,,,,,,,,,
,,,,,,,,,,,,,,,,,,,
,,,,,,,,,,,,,,,,,,,
,,,,,,,,,,,,,,,,,,,
,,,,,,,,,,,,,,,,,,,
,,,,,,,,,,,,,,,,,,,
,,,,,,,,,,,,,,,,,,,
,,,,,,,,,,,,,,,,,,,
,,,,,,,,,,,,,,,,,,,
,,,,,,,,,,,,,,,,,,,
,,,,,,,,,,,,,,,,,,,
,,,,,,,,,,,,,,,,,,,
,,,,,,,,,,,,,,,,,,,
,,,,,,,,,,,,,,,,,,,
,,,,,,,,,,,,,,,,,,,
,,,,,,,,,,,,,,,,,,,
,,,,,,,,,,,,,,,,,,,
,,,,,,,,,,,,,,,,,,,
,,,,,,,,,,,,,,,,,,,
,,,,,,,,,,,,,,,,,,,
,,,,,,,,,,,,,,,,,,,
,,,,,,,,,,,,,,,,,,,
,,,,,,,,,,,,,,,,,,,
,,,,,,,,,,,,,,,,,,,
,,,,,,,,,,,,,,,,,,,
,,,,,,,,,,,,,,,,,,,
,,,,,,,,,,,,,,,,,,,
,,,,,,,,,,,,,,,,,,,
,,,,,,,,,,,,,,,,,,,
,,,,,,,,,,,,,,,,,,,
,,,,,,,,,,,,,,,,,,,
,,,,,,,,,,,,,,,,,,,
,,,,,,,,,,,,,,,,,,,
,,,,,,,,,,,,,,,,,,,
,,,,,,,,,,,,,,,,,,,
,,,,,,,,,,,,,,,,,,,
,,,,,,,,,,,,,,,,,,,
,,,,,,,,,,,,,,,,,,,
,,,,,,,,,,,,,,,,,,,
,,,,,,,,,,,,,,,,,,,
,,,,,,,,,,,,,,,,,,,
,,,,,,,,,,,,,,,,,,,
,,,,,,,,,,,,,,,,,,,
,,,,,,,,,,,,,,,,,,,
,,,,,,,,,,,,,,,,,,,
,,,,,,,,,,,,,,,,,,,
,,,,,,,,,,,,,,,,,,,
,,,,,,,,,,,,,,,,,,,
,,,,,,,,,,,,,,,,,,,
,,,,,,,,,,,,,,,,,,,
,,,,,,,,,,,,,,,,,,,
,,,,,,,,,,,,,,,,,,,
,,,,,,,,,,,,,,,,,,,
,,,,,,,,,,,,,,,,,,,
,,,,,,,,,,,,,,,,,,,
,,,,,,,,,,,,,,,,,,,
,,,,,,,,,,,,,,,,,,,
,,,,,,,,,,,,,,,,,,,
,,,,,,,,,,,,,,,,,,,
,,,,,,,,,,,,,,,,,,,
,,,,,,,,,,,,,,,,,,,
,,,,,,,,,,,,,,,,,,,
,,,,,,,,,,,,,,,,,,,
,,,,,,,,,,,,,,,,,,,
,,,,,,,,,,,,,,,,,,,
,,,,,,,,,,,,,,,,,,,
,,,,,,,,,,,,,,,,,,,
,,,,,,,,,,,,,,,,,,,
,,,,,,,,,,,,,,,,,,,
,,,,,,,,,,,,,,,,,,,
,,,,,,,,,,,,,,,,,,,
,,,,,,,,,,,,,,,,,,,
,,,,,,,,,,,,,,,,,,,
,,,,,,,,,,,,,,,,,,,
,,,,,,,,,,,,,,,,,,,
,,,,,,,,,,,,,,,,,,,
,,,,,,,,,,,,,,,,,,,
,,,,,,,,,,,,,,,,,,,
,,,,,,,,,,,,,,,,,,,
,,,,,,,,,,,,,,,,,,,
,,,,,,,,,,,,,,,,,,,
,,,,,,,,,,,,,,,,,,,
,,,,,,,,,,,,,,,,,,,
,,,,,,,,,,,,,,,,,,,
,,,,,,,,,,,,,,,,,,,
,,,,,,,,,,,,,,,,,,,
,,,,,,,,,,,,,,,,,,,
,,,,,,,,,,,,,,,,,,,
,,,,,,,,,,,,,,,,,,,
,,,,,,,,,,,,,,,,,,,
,,,,,,,,,,,,,,,,,,,
,,,,,,,,,,,,,,,,,,,
,,,,,,,,,,,,,,,,,,,
,,,,,,,,,,,,,,,,,,,
,,,,,,,,,,,,,,,,,,,
,,,,,,,,,,,,,,,,,,,
,,,,,,,,,,,,,,,,,,,
,,,,,,,,,,,,,,,,,,,
,,,,,,,,,,,,,,,,,,,
,,,,,,,,,,,,,,,,,,,
,,,,,,,,,,,,,,,,,,,
,,,,,,,,,,,,,,,,,,,
,,,,,,,,,,,,,,,,,,,
,,,,,,,,,,,,,,,,,,,
,,,,,,,,,,,,,,,,,,,
,,,,,,,,,,,,,,,,,,,
,,,,,,,,,,,,,,,,,,,
,,,,,,,,,,,,,,,,,,,
,,,,,,,,,,,,,,,,,,,
,,,,,,,,,,,,,,,,,,,
,,,,,,,,,,,,,,,,,,,
,,,,,,,,,,,,,,,,,,,
,,,,,,,,,,,,,,,,,,,
,,,,,,,,,,,,,,,,,,,
,,,,,,,,,,,,,,,,,,,
,,,,,,,,,,,,,,,,,,,
,,,,,,,,,,,,,,,,,,,
,,,,,,,,,,,,,,,,,,,
,,,,,,,,,,,,,,,,,,,
,,,,,,,,,,,,,,,,,,,
,,,,,,,,,,,,,,,,,,,
,,,,,,,,,,,,,,,,,,,
,,,,,,,,,,,,,,,,,,,
,,,,,,,,,,,,,,,,,,,
,,,,,,,,,,,,,,,,,,,
,,,,,,,,,,,,,,,,,,,
,,,,,,,,,,,,,,,,,,,
,,,,,,,,,,,,,,,,,,,
,,,,,,,,,,,,,,,,,,,
,,,,,,,,,,,,,,,,,,,
,,,,,,,,,,,,,,,,,,,
,,,,,,,,,,,,,,,,,,,
,,,,,,,,,,,,,,,,,,,
,,,,,,,,,,,,,,,,,,,
,,,,,,,,,,,,,,,,,,,
,,,,,,,,,,,,,,,,,,,
,,,,,,,,,,,,,,,,,,,
,,,,,,,,,,,,,,,,,,,
,,,,,,,,,,,,,,,,,,,
,,,,,,,,,,,,,,,,,,,
,,,,,,,,,,,,,,,,,,,
,,,,,,,,,,,,,,,,,,,
,,,,,,,,,,,,,,,,,,,
,,,,,,,,,,,,,,,,,,,
,,,,,,,,,,,,,,,,,,,
,,,,,,,,,,,,,,,,,,,
,,,,,,,,,,,,,,,,,,,
,,,,,,,,,,,,,,,,,,,
,,,,,,,,,,,,,,,,,,,
,,,,,,,,,,,,,,,,,,,
,,,,,,,,,,,,,,,,,,,
,,,,,,,,,,,,,,,,,,,
,,,,,,,,,,,,,,,,,,,
,,,,,,,,,,,,,,,,,,,
,,,,,,,,,,,,,,,,,,,
,,,,,,,,,,,,,,,,,,,
,,,,,,,,,,,,,,,,,,,
,,,,,,,,,,,,,,,,,,,
,,,,,,,,,,,,,,,,,,,
,,,,,,,,,,,,,,,,,,,
,,,,,,,,,,,,,,,,,,,
,,,,,,,,,,,,,,,,,,,
,,,,,,,,,,,,,,,,,,,
,,,,,,,,,,,,,,,,,,,
,,,,,,,,,,,,,,,,,,,
,,,,,,,,,,,,,,,,,,,
,,,,,,,,,,,,,,,,,,,
,,,,,,,,,,,,,,,,,,,
,,,,,,,,,,,,,,,,,,,
,,,,,,,,,,,,,,,,,,,
,,,,,,,,,,,,,,,,,,,
,,,,,,,,,,,,,,,,,,,
,,,,,,,,,,,,,,,,,,,
,,,,,,,,,,,,,,,,,,,
,,,,,,,,,,,,,,,,,,,
,,,,,,,,,,,,,,,,,,,
,,,,,,,,,,,,,,,,,,,
,,,,,,,,,,,,,,,,,,,
,,,,,,,,,,,,,,,,,,,
,,,,,,,,,,,,,,,,,,,
,,,,,,,,,,,,,,,,,,,
,,,,,,,,,,,,,,,,,,,
,,,,,,,,,,,,,,,,,,,
,,,,,,,,,,,,,,,,,,,
,,,,,,,,,,,,,,,,,,,
,,,,,,,,,,,,,,,,,,,
,,,,,,,,,,,,,,,,,,,
,,,,,,,,,,,,,,,,,,,
,,,,,,,,,,,,,,,,,,,
,,,,,,,,,,,,,,,,,,,
,,,,,,,,,,,,,,,,,,,
,,,,,,,,,,,,,,,,,,,
,,,,,,,,,,,,,,,,,,,
,,,,,,,,,,,,,,,,,,,
,,,,,,,,,,,,,,,,,,,
,,,,,,,,,,,,,,,,,,,
,,,,,,,,,,,,,,,,,,,
,,,,,,,,,,,,,,,,,,,
,,,,,,,,,,,,,,,,,,,
,,,,,,,,,,,,,,,,,,,
,,,,,,,,,,,,,,,,,,,
,,,,,,,,,,,,,,,,,,,
,,,,,,,,,,,,,,,,,,,
,,,,,,,,,,,,,,,,,,,
,,,,,,,,,,,,,,,,,,,
,,,,,,,,,,,,,,,,,,,
,,,,,,,,,,,,,,,,,,,
,,,,,,,,,,,,,,,,,,,
,,,,,,,,,,,,,,,,,,,
,,,,,,,,,,,,,,,,,,,
,,,,,,,,,,,,,,,,,,,
,,,,,,,,,,,,,,,,,,,
,,,,,,,,,,,,,,,,,,,
,,,,,,,,,,,,,,,,,,,
,,,,,,,,,,,,,,,,,,,
,,,,,,,,,,,,,,,,,,,
,,,,,,,,,,,,,,,,,,,
,,,,,,,,,,,,,,,,,,,
,,,,,,,,,,,,,,,,,,,
,,,,,,,,,,,,,,,,,,,
,,,,,,,,,,,,,,,,,,,
,,,,,,,,,,,,,,,,,,,
,,,,,,,,,,,,,,,,,,,
,,,,,,,,,,,,,,,,,,,
,,,,,,,,,,,,,,,,,,,
,,,,,,,,,,,,,,,,,,,
,,,,,,,,,,,,,,,,,,,
,,,,,,,,,,,,,,,,,,,
,,,,,,,,,,,,,,,,,,,
,,,,,,,,,,,,,,,,,,,
,,,,,,,,,,,,,,,,,,,
,,,,,,,,,,,,,,,,,,,
,,,,,,,,,,,,,,,,,,,
,,,,,,,,,,,,,,,,,,,
,,,,,,,,,,,,,,,,,,,
,,,,,,,,,,,,,,,,,,,
,,,,,,,,,,,,,,,,,,,
,,,,,,,,,,,,,,,,,,,
,,,,,,,,,,,,,,,,,,,
,,,,,,,,,,,,,,,,,,,
,,,,,,,,,,,,,,,,,,,
,,,,,,,,,,,,,,,,,,,
,,,,,,,,,,,,,,,,,,,
,,,,,,,,,,,,,,,,,,,
,,,,,,,,,,,,,,,,,,,
,,,,,,,,,,,,,,,,,,,
,,,,,,,,,,,,,,,,,,,
,,,,,,,,,,,,,,,,,,,
,,,,,,,,,,,,,,,,,,,
,,,,,,,,,,,,,,,,,,,
,,,,,,,,,,,,,,,,,,,
,,,,,,,,,,,,,,,,,,,
,,,,,,,,,,,,,,,,,,,
,,,,,,,,,,,,,,,,,,,
,,,,,,,,,,,,,,,,,,,
,,,,,,,,,,,,,,,,,,,
,,,,,,,,,,,,,,,,,,,
,,,,,,,,,,,,,,,,,,,
,,,,,,,,,,,,,,,,,,,
,,,,,,,,,,,,,,,,,,,
,,,,,,,,,,,,,,,,,,,
,,,,,,,,,,,,,,,,,,,
,,,,,,,,,,,,,,,,,,,
,,,,,,,,,,,,,,,,,,,
,,,,,,,,,,,,,,,,,,,
,,,,,,,,,,,,,,,,,,,
,,,,,,,,,,,,,,,,,,,
,,,,,,,,,,,,,,,,,,,
,,,,,,,,,,,,,,,,,,,
,,,,,,,,,,,,,,,,,,,
,,,,,,,,,,,,,,,,,,,
,,,,,,,,,,,,,,,,,,,
,,,,,,,,,,,,,,,,,,,
,,,,,,,,,,,,,,,,,,,
,,,,,,,,,,,,,,,,,,,
,,,,,,,,,,,,,,,,,,,
,,,,,,,,,,,,,,,,,,,
,,,,,,,,,,,,,,,,,,,
,,,,,,,,,,,,,,,,,,,
,,,,,,,,,,,,,,,,,,,
,,,,,,,,,,,,,,,,,,,
,,,,,,,,,,,,,,,,,,,
,,,,,,,,,,,,,,,,,,,
,,,,,,,,,,,,,,,,,,,
,,,,,,,,,,,,,,,,,,,
,,,,,,,,,,,,,,,,,,,
,,,,,,,,,,,,,,,,,,,
,,,,,,,,,,,,,,,,,,,
,,,,,,,,,,,,,,,,,,,
,,,,,,,,,,,,,,,,,,,
,,,,,,,,,,,,,,,,,,,
,,,,,,,,,,,,,,,,,,,
,,,,,,,,,,,,,,,,,,,
,,,,,,,,,,,,,,,,,,,
,,,,,,,,,,,,,,,,,,,
,,,,,,,,,,,,,,,,,,,
,,,,,,,,,,,,,,,,,,,
,,,,,,,,,,,,,,,,,,,
,,,,,,,,,,,,,,,,,,,
,,,,,,,,,,,,,,,,,,,
,,,,,,,,,,,,,,,,,,,
,,,,,,,,,,,,,,,,,,,
,,,,,,,,,,,,,,,,,,,
,,,,,,,,,,,,,,,,,,,
,,,,,,,,,,,,,,,,,,,
,,,,,,,,,,,,,,,,,,,
,,,,,,,,,,,,,,,,,,,
,,,,,,,,,,,,,,,,,,,
,,,,,,,,,,,,,,,,,,,
,,,,,,,,,,,,,,,,,,,
,,,,,,,,,,,,,,,,,,,
,,,,,,,,,,,,,,,,,,,
,,,,,,,,,,,,,,,,,,,
,,,,,,,,,,,,,,,,,,,
,,,,,,,,,,,,,,,,,,,
,,,,,,,,,,,,,,,,,,,
,,,,,,,,,,,,,,,,,,,
,,,,,,,,,,,,,,,,,,,
,,,,,,,,,,,,,,,,,,,
,,,,,,,,,,,,,,,,,,,
,,,,,,,,,,,,,,,,,,,
,,,,,,,,,,,,,,,,,,,
,,,,,,,,,,,,,,,,,,,
,,,,,,,,,,,,,,,,,,,
,,,,,,,,,,,,,,,,,,,
,,,,,,,,,,,,,,,,,,,
,,,,,,,,,,,,,,,,,,,
,,,,,,,,,,,,,,,,,,,
,,,,,,,,,,,,,,,,,,,
,,,,,,,,,,,,,,,,,,,
,,,,,,,,,,,,,,,,,,,
,,,,,,,,,,,,,,,,,,,
,,,,,,,,,,,,,,,,,,,
,,,,,,,,,,,,,,,,,,,
,,,,,,,,,,,,,,,,,,,
,,,,,,,,,,,,,,,,,,,
,,,,,,,,,,,,,,,,,,,
,,,,,,,,,,,,,,,,,,,
,,,,,,,,,,,,,,,,,,,
,,,,,,,,,,,,,,,,,,,
,,,,,,,,,,,,,,,,,,,
,,,,,,,,,,,,,,,,,,,
,,,,,,,,,,,,,,,,,,,
,,,,,,,,,,,,,,,,,,,
,,,,,,,,,,,,,,,,,,,
,,,,,,,,,,,,,,,,,,,
,,,,,,,,,,,,,,,,,,,
,,,,,,,,,,,,,,,,,,,
,,,,,,,,,,,,,,,,,,,
,,,,,,,,,,,,,,,,,,,
,,,,,,,,,,,,,,,,,,,
,,,,,,,,,,,,,,,,,,,
,,,,,,,,,,,,,,,,,,,
,,,,,,,,,,,,,,,,,,,
,,,,,,,,,,,,,,,,,,,
,,,,,,,,,,,,,,,,,,,
,,,,,,,,,,,,,,,,,,,
,,,,,,,,,,,,,,,,,,,
,,,,,,,,,,,,,,,,,,,
,,,,,,,,,,,,,,,,,,,
,,,,,,,,,,,,,,,,,,,
,,,,,,,,,,,,,,,,,,,
,,,,,,,,,,,,,,,,,,,
,,,,,,,,,,,,,,,,,,,
,,,,,,,,,,,,,,,,,,,
,,,,,,,,,,,,,,,,,,,
,,,,,,,,,,,,,,,,,,,
,,,,,,,,,,,,,,,,,,,
,,,,,,,,,,,,,,,,,,,
,,,,,,,,,,,,,,,,,,,
,,,,,,,,,,,,,,,,,,,
,,,,,,,,,,,,,,,,,,,
,,,,,,,,,,,,,,,,,,,
,,,,,,,,,,,,,,,,,,,
,,,,,,,,,,,,,,,,,,,
,,,,,,,,,,,,,,,,,,,
,,,,,,,,,,,,,,,,,,,
,,,,,,,,,,,,,,,,,,,
,,,,,,,,,,,,,,,,,,,
,,,,,,,,,,,,,,,,,,,
,,,,,,,,,,,,,,,,,,,
,,,,,,,,,,,,,,,,,,,
,,,,,,,,,,,,,,,,,,,
,,,,,,,,,,,,,,,,,,,
,,,,,,,,,,,,,,,,,,,
,,,,,,,,,,,,,,,,,,,
,,,,,,,,,,,,,,,,,,,
,,,,,,,,,,,,,,,,,,,
,,,,,,,,,,,,,,,,,,,
,,,,,,,,,,,,,,,,,,,
,,,,,,,,,,,,,,,,,,,
,,,,,,,,,,,,,,,,,,,
,,,,,,,,,,,,,,,,,,,
,,,,,,,,,,,,,,,,,,,
,,,,,,,,,,,,,,,,,,,
,,,,,,,,,,,,,,,,,,,
,,,,,,,,,,,,,,,,,,,
,,,,,,,,,,,,,,,,,,,
,,,,,,,,,,,,,,,,,,,
,,,,,,,,,,,,,,,,,,,
,,,,,,,,,,,,,,,,,,,
,,,,,,,,,,,,,,,,,,,
,,,,,,,,,,,,,,,,,,,
,,,,,,,,,,,,,,,,,,,
,,,,,,,,,,,,,,,,,,,
,,,,,,,,,,,,,,,,,,,
,,,,,,,,,,,,,,,,,,,
,,,,,,,,,,,,,,,,,,,
,,,,,,,,,,,,,,,,,,,
,,,,,,,,,,,,,,,,,,,
,,,,,,,,,,,,,,,,,,,
,,,,,,,,,,,,,,,,,,,
,,,,,,,,,,,,,,,,,,,
,,,,,,,,,,,,,,,,,,,
,,,,,,,,,,,,,,,,,,,
,,,,,,,,,,,,,,,,,,,
,,,,,,,,,,,,,,,,,,,
,,,,,,,,,,,,,,,,,,,
,,,,,,,,,,,,,,,,,,,
,,,,,,,,,,,,,,,,,,,
,,,,,,,,,,,,,,,,,,,
,,,,,,,,,,,,,,,,,,,
,,,,,,,,,,,,,,,,,,,
,,,,,,,,,,,,,,,,,,,
,,,,,,,,,,,,,,,,,,,
,,,,,,,,,,,,,,,,,,,
,,,,,,,,,,,,,,,,,,,
,,,,,,,,,,,,,,,,,,,
,,,,,,,,,,,,,,,,,,,
,,,,,,,,,,,,,,,,,,,
,,,,,,,,,,,,,,,,,,,
,,,,,,,,,,,,,,,,,,,
,,,,,,,,,,,,,,,,,,,
,,,,,,,,,,,,,,,,,,,
,,,,,,,,,,,,,,,,,,,
,,,,,,,,,,,,,,,,,,,
,,,,,,,,,,,,,,,,,,,
,,,,,,,,,,,,,,,,,,,
,,,,,,,,,,,,,,,,,,,
,,,,,,,,,,,,,,,,,,,
,,,,,,,,,,,,,,,,,,,
,,,,,,,,,,,,,,,,,,,
,,,,,,,,,,,,,,,,,,,
,,,,,,,,,,,,,,,,,,,
,,,,,,,,,,,,,,,,,,,
,,,,,,,,,,,,,,,,,,,
,,,,,,,,,,,,,,,,,,,
,,,,,,,,,,,,,,,,,,,
,,,,,,,,,,,,,,,,,,,
,,,,,,,,,,,,,,,,,,,
,,,,,,,,,,,,,,,,,,,
,,,,,,,,,,,,,,,,,,,
,,,,,,,,,,,,,,,,,,,
,,,,,,,,,,,,,,,,,,,
,,,,,,,,,,,,,,,,,,,
,,,,,,,,,,,,,,,,,,,
,,,,,,,,,,,,,,,,,,,
,,,,,,,,,,,,,,,,,,,
,,,,,,,,,,,,,,,,,,,
,,,,,,,,,,,,,,,,,,,
,,,,,,,,,,,,,,,,,,,
,,,,,,,,,,,,,,,,,,,
,,,,,,,,,,,,,,,,,,,
,,,,,,,,,,,,,,,,,,,
,,,,,,,,,,,,,,,,,,,
,,,,,,,,,,,,,,,,,,,
,,,,,,,,,,,,,,,,,,,
,,,,,,,,,,,,,,,,,,,
,,,,,,,,,,,,,,,,,,,
,,,,,,,,,,,,,,,,,,,
,,,,,,,,,,,,,,,,,,,
,,,,,,,,,,,,,,,,,,,
,,,,,,,,,,,,,,,,,,,
,,,,,,,,,,,,,,,,,,,
,,,,,,,,,,,,,,,,,,,
,,,,,,,,,,,,,,,,,,,
,,,,,,,,,,,,,,,,,,,
,,,,,,,,,,,,,,,,,,,
,,,,,,,,,,,,,,,,,,,
,,,,,,,,,,,,,,,,,,,
,,,,,,,,,,,,,,,,,,,
,,,,,,,,,,,,,,,,,,,
,,,,,,,,,,,,,,,,,,,
,,,,,,,,,,,,,,,,,,,
,,,,,,,,,,,,,,,,,,,
,,,,,,,,,,,,,,,,,,,
,,,,,,,,,,,,,,,,,,,
,,,,,,,,,,,,,,,,,,,
,,,,,,,,,,,,,,,,,,,
,,,,,,,,,,,,,,,,,,,
,,,,,,,,,,,,,,,,,,,
,,,,,,,,,,,,,,,,,,,
,,,,,,,,,,,,,,,,,,,
,,,,,,,,,,,,,,,,,,,
,,,,,,,,,,,,,,,,,,,
,,,,,,,,,,,,,,,,,,,
,,,,,,,,,,,,,,,,,,,
,,,,,,,,,,,,,,,,,,,
,,,,,,,,,,,,,,,,,,,
,,,,,,,,,,,,,,,,,,,
,,,,,,,,,,,,,,,,,,,
,,,,,,,,,,,,,,,,,,,
,,,,,,,,,,,,,,,,,,,
,,,,,,,,,,,,,,,,,,,
,,,,,,,,,,,,,,,,,,,
,,,,,,,,,,,,,,,,,,,
,,,,,,,,,,,,,,,,,,,
,,,,,,,,,,,,,,,,,,,
,,,,,,,,,,,,,,,,,,,
,,,,,,,,,,,,,,,,,,,
,,,,,,,,,,,,,,,,,,,
,,,,,,,,,,,,,,,,,,,
,,,,,,,,,,,,,,,,,,,
,,,,,,,,,,,,,,,,,,,
,,,,,,,,,,,,,,,,,,,
,,,,,,,,,,,,,,,,,,,
,,,,,,,,,,,,,,,,,,,
,,,,,,,,,,,,,,,,,,,
,,,,,,,,,,,,,,,,,,,
,,,,,,,,,,,,,,,,,,,
,,,,,,,,,,,,,,,,,,,
,,,,,,,,,,,,,,,,,,,
,,,,,,,,,,,,,,,,,,,
,,,,,,,,,,,,,,,,,,,
,,,,,,,,,,,,,,,,,,,
,,,,,,,,,,,,,,,,,,,
,,,,,,,,,,,,,,,,,,,
,,,,,,,,,,,,,,,,,,,
,,,,,,,,,,,,,,,,,,,
,,,,,,,,,,,,,,,,,,,
,,,,,,,,,,,,,,,,,,,
,,,,,,,,,,,,,,,,,,,
,,,,,,,,,,,,,,,,,,,
,,,,,,,,,,,,,,,,,,,
,,,,,,,,,,,,,,,,,,,
,,,,,,,,,,,,,,,,,,,
,,,,,,,,,,,,,,,,,,,
,,,,,,,,,,,,,,,,,,,
,,,,,,,,,,,,,,,,,,,
,,,,,,,,,,,,,,,,,,,
,,,,,,,,,,,,,,,,,,,
,,,,,,,,,,,,,,,,,,,
,,,,,,,,,,,,,,,,,,,
,,,,,,,,,,,,,,,,,,,
,,,,,,,,,,,,,,,,,,,
,,,,,,,,,,,,,,,,,,,
,,,,,,,,,,,,,,,,,,,
,,,,,,,,,,,,,,,,,,,
,,,,,,,,,,,,,,,,,,,
,,,,,,,,,,,,,,,,,,,
,,,,,,,,,,,,,,,,,,,
,,,,,,,,,,,,,,,,,,,
,,,,,,,,,,,,,,,,,,,
,,,,,,,,,,,,,,,,,,,
,,,,,,,,,,,,,,,,,,,
,,,,,,,,,,,,,,,,,,,
,,,,,,,,,,,,,,,,,,,
,,,,,,,,,,,,,,,,,,,
,,,,,,,,,,,,,,,,,,,
,,,,,,,,,,,,,,,,,,,
,,,,,,,,,,,,,,,,,,,
,,,,,,,,,,,,,,,,,,,
,,,,,,,,,,,,,,,,,,,
,,,,,,,,,,,,,,,,,,,
,,,,,,,,,,,,,,,,,,,
,,,,,,,,,,,,,,,,,,,
,,,,,,,,,,,,,,,,,,,
,,,,,,,,,,,,,,,,,,,
,,,,,,,,,,,,,,,,,,,
,,,,,,,,,,,,,,,,,,,
,,,,,,,,,,,,,,,,,,,
,,,,,,,,,,,,,,,,,,,
,,,,,,,,,,,,,,,,,,,
,,,,,,,,,,,,,,,,,,,
,,,,,,,,,,,,,,,,,,,
,,,,,,,,,,,,,,,,,,,
,,,,,,,,,,,,,,,,,,,
,,,,,,,,,,,,,,,,,,,
,,,,,,,,,,,,,,,,,,,
,,,,,,,,,,,,,,,,,,,
,,,,,,,,,,,,,,,,,,,
,,,,,,,,,,,,,,,,,,,
,,,,,,,,,,,,,,,,,,,
,,,,,,,,,,,,,,,,,,,
,,,,,,,,,,,,,,,,,,,
,,,,,,,,,,,,,,,,,,,
,,,,,,,,,,,,,,,,,,,
,,,,,,,,,,,,,,,,,,,
,,,,,,,,,,,,,,,,,,,
,,,,,,,,,,,,,,,,,,,
,,,,,,,,,,,,,,,,,,,
,,,,,,,,,,,,,,,,,,,
,,,,,,,,,,,,,,,,,,,
,,,,,,,,,,,,,,,,,,,
,,,,,,,,,,,,,,,,,,,
,,,,,,,,,,,,,,,,,,,
,,,,,,,,,,,,,,,,,,,
,,,,,,,,,,,,,,,,,,,
,,,,,,,,,,,,,,,,,,,
,,,,,,,,,,,,,,,,,,,
,,,,,,,,,,,,,,,,,,,
,,,,,,,,,,,,,,,,,,,
,,,,,,,,,,,,,,,,,,,
,,,,,,,,,,,,,,,,,,,
,,,,,,,,,,,,,,,,,,,
,,,,,,,,,,,,,,,,,,,
,,,,,,,,,,,,,,,,,,,
,,,,,,,,,,,,,,,,,,,
,,,,,,,,,,,,,,,,,,,
,,,,,,,,,,,,,,,,,,,
,,,,,,,,,,,,,,,,,,,
,,,,,,,,,,,,,,,,,,,
,,,,,,,,,,,,,,,,,,,
,,,,,,,,,,,,,,,,,,,
,,,,,,,,,,,,,,,,,,,
,,,,,,,,,,,,,,,,,,,
,,,,,,,,,,,,,,,,,,,
,,,,,,,,,,,,,,,,,,,
,,,,,,,,,,,,,,,,,,,
,,,,,,,,,,,,,,,,,,,
,,,,,,,,,,,,,,,,,,,
,,,,,,,,,,,,,,,,,,,
,,,,,,,,,,,,,,,,,,,
,,,,,,,,,,,,,,,,,,,
,,,,,,,,,,,,,,,,,,,
,,,,,,,,,,,,,,,,,,,
,,,,,,,,,,,,,,,,,,,
,,,,,,,,,,,,,,,,,,,
,,,,,,,,,,,,,,,,,,,
,,,,,,,,,,,,,,,,,,,
,,,,,,,,,,,,,,,,,,,
,,,,,,,,,,,,,,,,,,,
,,,,,,,,,,,,,,,,,,,
,,,,,,,,,,,,,,,,,,,
,,,,,,,,,,,,,,,,,,,
,,,,,,,,,,,,,,,,,,,
,,,,,,,,,,,,,,,,,,,
,,,,,,,,,,,,,,,,,,,
,,,,,,,,,,,,,,,,,,,
,,,,,,,,,,,,,,,,,,,
,,,,,,,,,,,,,,,,,,,
,,,,,,,,,,,,,,,,,,,
,,,,,,,,,,,,,,,,,,,
,,,,,,,,,,,,,,,,,,,
,,,,,,,,,,,,,,,,,,,
,,,,,,,,,,,,,,,,,,,
,,,,,,,,,,,,,,,,,,,
,,,,,,,,,,,,,,,,,,,
,,,,,,,,,,,,,,,,,,,
,,,,,,,,,,,,,,,,,,,
,,,,,,,,,,,,,,,,,,,
,,,,,,,,,,,,,,,,,,,
,,,,,,,,,,,,,,,,,,,
,,,,,,,,,,,,,,,,,,,
,,,,,,,,,,,,,,,,,,,
,,,,,,,,,,,,,,,,,,,
,,,,,,,,,,,,,,,,,,,
,,,,,,,,,,,,,,,,,,,
,,,,,,,,,,,,,,,,,,,
,,,,,,,,,,,,,,,,,,,
,,,,,,,,,,,,,,,,,,,
,,,,,,,,,,,,,,,,,,,
,,,,,,,,,,,,,,,,,,,
,,,,,,,,,,,,,,,,,,,
,,,,,,,,,,,,,,,,,,,
,,,,,,,,,,,,,,,,,,,
,,,,,,,,,,,,,,,,,,,
,,,,,,,,,,,,,,,,,,,
,,,,,,,,,,,,,,,,,,,
,,,,,,,,,,,,,,,,,,,
,,,,,,,,,,,,,,,,,,,
,,,,,,,,,,,,,,,,,,,
,,,,,,,,,,,,,,,,,,,
,,,,,,,,,,,,,,,,,,,
,,,,,,,,,,,,,,,,,,,
,,,,,,,,,,,,,,,,,,,
,,,,,,,,,,,,,,,,,,,
,,,,,,,,,,,,,,,,,,,
,,,,,,,,,,,,,,,,,,,
,,,,,,,,,,,,,,,,,,,
,,,,,,,,,,,,,,,,,,,
,,,,,,,,,,,,,,,,,,,
,,,,,,,,,,,,,,,,,,,
,,,,,,,,,,,,,,,,,,,
,,,,,,,,,,,,,,,,,,,
,,,,,,,,,,,,,,,,,,,
,,,,,,,,,,,,,,,,,,,
,,,,,,,,,,,,,,,,,,,
,,,,,,,,,,,,,,,,,,,
,,,,,,,,,,,,,,,,,,,
,,,,,,,,,,,,,,,,,,,
,,,,,,,,,,,,,,,,,,,
,,,,,,,,,,,,,,,,,,,
,,,,,,,,,,,,,,,,,,,
,,,,,,,,,,,,,,,,,,,
,,,,,,,,,,,,,,,,,,,
,,,,,,,,,,,,,,,,,,,
,,,,,,,,,,,,,,,,,,,
,,,,,,,,,,,,,,,,,,,
,,,,,,,,,,,,,,,,,,,
,,,,,,,,,,,,,,,,,,,
,,,,,,,,,,,,,,,,,,,
,,,,,,,,,,,,,,,,,,,
,,,,,,,,,,,,,,,,,,,
,,,,,,,,,,,,,,,,,,,
,,,,,,,,,,,,,,,,,,,
,,,,,,,,,,,,,,,,,,,
,,,,,,,,,,,,,,,,,,,
,,,,,,,,,,,,,,,,,,,
,,,,,,,,,,,,,,,,,,,
,,,,,,,,,,,,,,,,,,,
,,,,,,,,,,,,,,,,,,,
,,,,,,,,,,,,,,,,,,,
,,,,,,,,,,,,,,,,,,,
,,,,,,,,,,,,,,,,,,,
,,,,,,,,,,,,,,,,,,,
,,,,,,,,,,,,,,,,,,,
,,,,,,,,,,,,,,,,,,,
,,,,,,,,,,,,,,,,,,,
,,,,,,,,,,,,,,,,,,,
,,,,,,,,,,,,,,,,,,,
,,,,,,,,,,,,,,,,,,,
,,,,,,,,,,,,,,,,,,,
,,,,,,,,,,,,,,,,,,,
,,,,,,,,,,,,,,,,,,,
,,,,,,,,,,,,,,,,,,,
,,,,,,,,,,,,,,,,,,,
,,,,,,,,,,,,,,,,,,,
,,,,,,,,,,,,,,,,,,,
,,,,,,,,,,,,,,,,,,,
,,,,,,,,,,,,,,,,,,,
,,,,,,,,,,,,,,,,,,,
,,,,,,,,,,,,,,,,,,,
,,,,,,,,,,,,,,,,,,,
,,,,,,,,,,,,,,,,,,,
,,,,,,,,,,,,,,,,,,,
,,,,,,,,,,,,,,,,,,,
,,,,,,,,,,,,,,,,,,,
,,,,,,,,,,,,,,,,,,,
,,,,,,,,,,,,,,,,,,,
,,,,,,,,,,,,,,,,,,,
,,,,,,,,,,,,,,,,,,,
,,,,,,,,,,,,,,,,,,,
,,,,,,,,,,,,,,,,,,,
,,,,,,,,,,,,,,,,,,,
,,,,,,,,,,,,,,,,,,,
,,,,,,,,,,,,,,,,,,,
,,,,,,,,,,,,,,,,,,,
,,,,,,,,,,,,,,,,,,,
,,,,,,,,,,,,,,,,,,,
,,,,,,,,,,,,,,,,,,,
,,,,,,,,,,,,,,,,,,,
,,,,,,,,,,,,,,,,,,,
,,,,,,,,,,,,,,,,,,,
,,,,,,,,,,,,,,,,,,,
,,,,,,,,,,,,,,,,,,,
,,,,,,,,,,,,,,,,,,,
,,,,,,,,,,,,,,,,,,,
,,,,,,,,,,,,,,,,,,,
,,,,,,,,,,,,,,,,,,,
,,,,,,,,,,,,,,,,,,,
,,,,,,,,,,,,,,,,,,,
,,,,,,,,,,,,,,,,,,,
,,,,,,,,,,,,,,,,,,,
,,,,,,,,,,,,,,,,,,,
,,,,,,,,,,,,,,,,,,,
,,,,,,,,,,,,,,,,,,,
,,,,,,,,,,,,,,,,,,,
,,,,,,,,,,,,,,,,,,,
,,,,,,,,,,,,,,,,,,,
,,,,,,,,,,,,,,,,,,,
,,,,,,,,,,,,,,,,,,,
,,,,,,,,,,,,,,,,,,,
,,,,,,,,,,,,,,,,,,,
,,,,,,,,,,,,,,,,,,,
,,,,,,,,,,,,,,,,,,,
,,,,,,,,,,,,,,,,,,,
,,,,,,,,,,,,,,,,,,,
,,,,,,,,,,,,,,,,,,,
,,,,,,,,,,,,,,,,,,,
,,,,,,,,,,,,,,,,,,,
,,,,,,,,,,,,,,,,,,,
,,,,,,,,,,,,,,,,,,,
,,,,,,,,,,,,,,,,,,,
,,,,,,,,,,,,,,,,,,,
,,,,,,,,,,,,,,,,,,,
,,,,,,,,,,,,,,,,,,,
,,,,,,,,,,,,,,,,,,,
,,,,,,,,,,,,,,,,,,,
,,,,,,,,,,,,,,,,,,,
,,,,,,,,,,,,,,,,,,,
,,,,,,,,,,,,,,,,,,,
,,,,,,,,,,,,,,,,,,,
,,,,,,,,,,,,,,,,,,,
,,,,,,,,,,,,,,,,,,,
,,,,,,,,,,,,,,,,,,,
,,,,,,,,,,,,,,,,,,,
,,,,,,,,,,,,,,,,,,,
,,,,,,,,,,,,,,,,,,,
,,,,,,,,,,,,,,,,,,,
,,,,,,,,,,,,,,,,,,,
,,,,,,,,,,,,,,,,,,,
,,,,,,,,,,,,,,,,,,,
,,,,,,,,,,,,,,,,,,,
,,,,,,,,,,,,,,,,,,,
,,,,,,,,,,,,,,,,,,,
,,,,,,,,,,,,,,,,,,,
,,,,,,,,,,,,,,,,,,,
,,,,,,,,,,,,,,,,,,,
,,,,,,,,,,,,,,,,,,,
,,,,,,,,,,,,,,,,,,,
,,,,,,,,,,,,,,,,,,,
,,,,,,,,,,,,,,,,,,,
,,,,,,,,,,,,,,,,,,,
,,,,,,,,,,,,,,,,,,,
,,,,,,,,,,,,,,,,,,,
,,,,,,,,,,,,,,,,,,,
,,,,,,,,,,,,,,,,,,,
,,,,,,,,,,,,,,,,,,,
,,,,,,,,,,,,,,,,,,,
,,,,,,,,,,,,,,,,,,,
,,,,,,,,,,,,,,,,,,,
,,,,,,,,,,,,,,,,,,,
,,,,,,,,,,,,,,,,,,,
,,,,,,,,,,,,,,,,,,,
,,,,,,,,,,,,,,,,,,,
,,,,,,,,,,,,,,,,,,,
,,,,,,,,,,,,,,,,,,,
,,,,,,,,,,,,,,,,,,,
,,,,,,,,,,,,,,,,,,,
,,,,,,,,,,,,,,,,,,,
,,,,,,,,,,,,,,,,,,,
,,,,,,,,,,,,,,,,,,,
,,,,,,,,,,,,,,,,,,,
,,,,,,,,,,,,,,,,,,,
,,,,,,,,,,,,,,,,,,,
,,,,,,,,,,,,,,,,,,,
,,,,,,,,,,,,,,,,,,,
,,,,,,,,,,,,,,,,,,,
,,,,,,,,,,,,,,,,,,,
,,,,,,,,,,,,,,,,,,,
,,,,,,,,,,,,,,,,,,,
,,,,,,,,,,,,,,,,,,,
,,,,,,,,,,,,,,,,,,,
,,,,,,,,,,,,,,,,,,,
,,,,,,,,,,,,,,,,,,,
,,,,,,,,,,,,,,,,,,,
,,,,,,,,,,,,,,,,,,,
,,,,,,,,,,,,,,,,,,,
,,,,,,,,,,,,,,,,,,,
,,,,,,,,,,,,,,,,,,,
,,,,,,,,,,,,,,,,,,,
,,,,,,,,,,,,,,,,,,,
,,,,,,,,,,,,,,,,,,,
,,,,,,,,,,,,,,,,,,,
,,,,,,,,,,,,,,,,,,,
,,,,,,,,,,,,,,,,,,,
,,,,,,,,,,,,,,,,,,,
,,,,,,,,,,,,,,,,,,,
,,,,,,,,,,,,,,,,,,,
,,,,,,,,,,,,,,,,,,,
,,,,,,,,,,,,,,,,,,,
,,,,,,,,,,,,,,,,,,,
,,,,,,,,,,,,,,,,,,,
,,,,,,,,,,,,,,,,,,,
,,,,,,,,,,,,,,,,,,,
,,,,,,,,,,,,,,,,,,,
,,,,,,,,,,,,,,,,,,,
,,,,,,,,,,,,,,,,,,,
,,,,,,,,,,,,,,,,,,,
,,,,,,,,,,,,,,,,,,,
,,,,,,,,,,,,,,,,,,,
,,,,,,,,,,,,,,,,,,,
,,,,,,,,,,,,,,,,,,,
,,,,,,,,,,,,,,,,,,,
,,,,,,,,,,,,,,,,,,,
,,,,,,,,,,,,,,,,,,,
,,,,,,,,,,,,,,,,,,,
,,,,,,,,,,,,,,,,,,,
,,,,,,,,,,,,,,,,,,,
,,,,,,,,,,,,,,,,,,,
,,,,,,,,,,,,,,,,,,,
,,,,,,,,,,,,,,,,,,,
,,,,,,,,,,,,,,,,,,,
,,,,,,,,,,,,,,,,,,,
,,,,,,,,,,,,,,,,,,,
,,,,,,,,,,,,,,,,,,,
,,,,,,,,,,,,,,,,,,,
,,,,,,,,,,,,,,,,,,,
,,,,,,,,,,,,,,,,,,,
,,,,,,,,,,,,,,,,,,,
,,,,,,,,,,,,,,,,,,,
,,,,,,,,,,,,,,,,,,,
,,,,,,,,,,,,,,,,,,,
,,,,,,,,,,,,,,,,,,,
,,,,,,,,,,,,,,,,,,,
,,,,,,,,,,,,,,,,,,,
,,,,,,,,,,,,,,,,,,,
,,,,,,,,,,,,,,,,,,,
,,,,,,,,,,,,,,,,,,,
,,,,,,,,,,,,,,,,,,,
,,,,,,,,,,,,,,,,,,,
,,,,,,,,,,,,,,,,,,,
,,,,,,,,,,,,,,,,,,,
,,,,,,,,,,,,,,,,,,,
,,,,,,,,,,,,,,,,,,,
,,,,,,,,,,,,,,,,,,,
,,,,,,,,,,,,,,,,,,,
,,,,,,,,,,,,,,,,,,,
,,,,,,,,,,,,,,,,,,,
,,,,,,,,,,,,,,,,,,,
,,,,,,,,,,,,,,,,,,,
,,,,,,,,,,,,,,,,,,,
,,,,,,,,,,,,,,,,,,,
,,,,,,,,,,,,,,,,,,,
,,,,,,,,,,,,,,,,,,,
,,,,,,,,,,,,,,,,,,,
,,,,,,,,,,,,,,,,,,,
,,,,,,,,,,,,,,,,,,,
,,,,,,,,,,,,,,,,,,,
,,,,,,,,,,,,,,,,,,,
,,,,,,,,,,,,,,,,,,,
,,,,,,,,,,,,,,,,,,,
,,,,,,,,,,,,,,,,,,,
,,,,,,,,,,,,,,,,,,,
,,,,,,,,,,,,,,,,,,,
,,,,,,,,,,,,,,,,,,,
,,,,,,,,,,,,,,,,,,,
,,,,,,,,,,,,,,,,,,,
,,,,,,,,,,,,,,,,,,,
,,,,,,,,,,,,,,,,,,,
,,,,,,,,,,,,,,,,,,,
,,,,,,,,,,,,,,,,,,,
,,,,,,,,,,,,,,,,,,,
,,,,,,,,,,,,,,,,,,,
,,,,,,,,,,,,,,,,,,,
,,,,,,,,,,,,,,,,,,,
,,,,,,,,,,,,,,,,,,,
,,,,,,,,,,,,,,,,,,,
,,,,,,,,,,,,,,,,,,,
,,,,,,,,,,,,,,,,,,,
,,,,,,,,,,,,,,,,,,,
,,,,,,,,,,,,,,,,,,,
,,,,,,,,,,,,,,,,,,,
,,,,,,,,,,,,,,,,,,,
,,,,,,,,,,,,,,,,,,,
,,,,,,,,,,,,,,,,,,,
,,,,,,,,,,,,,,,,,,,
,,,,,,,,,,,,,,,,,,,
,,,,,,,,,,,,,,,,,,,
,,,,,,,,,,,,,,,,,,,
,,,,,,,,,,,,,,,,,,,
,,,,,,,,,,,,,,,,,,,
,,,,,,,,,,,,,,,,,,,
,,,,,,,,,,,,,,,,,,,
,,,,,,,,,,,,,,,,,,,
,,,,,,,,,,,,,,,,,,,
,,,,,,,,,,,,,,,,,,,
,,,,,,,,,,,,,,,,,,,
,,,,,,,,,,,,,,,,,,,
,,,,,,,,,,,,,,,,,,,
,,,,,,,,,,,,,,,,,,,
,,,,,,,,,,,,,,,,,,,
,,,,,,,,,,,,,,,,,,,
,,,,,,,,,,,,,,,,,,,
,,,,,,,,,,,,,,,,,,,
,,,,,,,,,,,,,,,,,,,
,,,,,,,,,,,,,,,,,,,
,,,,,,,,,,,,,,,,,,,
,,,,,,,,,,,,,,,,,,,
,,,,,,,,,,,,,,,,,,,
,,,,,,,,,,,,,,,,,,,
,,,,,,,,,,,,,,,,,,,
,,,,,,,,,,,,,,,,,,,
,,,,,,,,,,,,,,,,,,,
,,,,,,,,,,,,,,,,,,,
,,,,,,,,,,,,,,,,,,,
,,,,,,,,,,,,,,,,,,,
,,,,,,,,,,,,,,,,,,,
,,,,,,,,,,,,,,,,,,,
,,,,,,,,,,,,,,,,,,,
,,,,,,,,,,,,,,,,,,,
,,,,,,,,,,,,,,,,,,,
,,,,,,,,,,,,,,,,,,,
,,,,,,,,,,,,,,,,,,,
,,,,,,,,,,,,,,,,,,,
,,,,,,,,,,,,,,,,,,,
,,,,,,,,,,,,,,,,,,,
,,,,,,,,,,,,,,,,,,,
,,,,,,,,,,,,,,,,,,,
,,,,,,,,,,,,,,,,,,,
,,,,,,,,,,,,,,,,,,,
,,,,,,,,,,,,,,,,,,,
,,,,,,,,,,,,,,,,,,,
,,,,,,,,,,,,,,,,,,,
,,,,,,,,,,,,,,,,,,,
,,,,,,,,,,,,,,,,,,,
,,,,,,,,,,,,,,,,,,,
,,,,,,,,,,,,,,,,,,,
,,,,,,,,,,,,,,,,,,,
,,,,,,,,,,,,,,,,,,,
,,,,,,,,,,,,,,,,,,,
,,,,,,,,,,,,,,,,,,,
,,,,,,,,,,,,,,,,,,,
,,,,,,,,,,,,,,,,,,,
,,,,,,,,,,,,,,,,,,,
,,,,,,,,,,,,,,,,,,,
,,,,,,,,,,,,,,,,,,,
,,,,,,,,,,,,,,,,,,,
,,,,,,,,,,,,,,,,,,,
,,,,,,,,,,,,,,,,,,,
,,,,,,,,,,,,,,,,,,,
,,,,,,,,,,,,,,,,,,,
,,,,,,,,,,,,,,,,,,,
,,,,,,,,,,,,,,,,,,,
,,,,,,,,,,,,,,,,,,,
,,,,,,,,,,,,,,,,,,,
,,,,,,,,,,,,,,,,,,,
,,,,,,,,,,,,,,,,,,,
,,,,,,,,,,,,,,,,,,,
,,,,,,,,,,,,,,,,,,,
,,,,,,,,,,,,,,,,,,,
,,,,,,,,,,,,,,,,,,,
,,,,,,,,,,,,,,,,,,,
,,,,,,,,,,,,,,,,,,,
,,,,,,,,,,,,,,,,,,,
,,,,,,,,,,,,,,,,,,,
,,,,,,,,,,,,,,,,,,,
,,,,,,,,,,,,,,,,,,,
,,,,,,,,,,,,,,,,,,,
,,,,,,,,,,,,,,,,,,,
,,,,,,,,,,,,,,,,,,,
,,,,,,,,,,,,,,,,,,,
,,,,,,,,,,,,,,,,,,,
,,,,,,,,,,,,,,,,,,,
,,,,,,,,,,,,,,,,,,,
,,,,,,,,,,,,,,,,,,,
,,,,,,,,,,,,,,,,,,,
,,,,,,,,,,,,,,,,,,,
,,,,,,,,,,,,,,,,,,,
,,,,,,,,,,,,,,,,,,,
,,,,,,,,,,,,,,,,,,,
,,,,,,,,,,,,,,,,,,,
,,,,,,,,,,,,,,,,,,,
,,,,,,,,,,,,,,,,,,,
,,,,,,,,,,,,,,,,,,,
,,,,,,,,,,,,,,,,,,,
,,,,,,,,,,,,,,,,,,,
,,,,,,,,,,,,,,,,,,,
,,,,,,,,,,,,,,,,,,,
,,,,,,,,,,,,,,,,,,,
,,,,,,,,,,,,,,,,,,,
,,,,,,,,,,,,,,,,,,,
,,,,,,,,,,,,,,,,,,,
,,,,,,,,,,,,,,,,,,,
,,,,,,,,,,,,,,,,,,,
,,,,,,,,,,,,,,,,,,,
,,,,,,,,,,,,,,,,,,,
,,,,,,,,,,,,,,,,,,,
,,,,,,,,,,,,,,,,,,,
,,,,,,,,,,,,,,,,,,,
,,,,,,,,,,,,,,,,,,,
,,,,,,,,,,,,,,,,,,,
,,,,,,,,,,,,,,,,,,,
,,,,,,,,,,,,,,,,,,,
,,,,,,,,,,,,,,,,,,,
,,,,,,,,,,,,,,,,,,,
,,,,,,,,,,,,,,,,,,,
,,,,,,,,,,,,,,,,,,,
,,,,,,,,,,,,,,,,,,,
,,,,,,,,,,,,,,,,,,,
,,,,,,,,,,,,,,,,,,,
,,,,,,,,,,,,,,,,,,,
,,,,,,,,,,,,,,,,,,,
,,,,,,,,,,,,,,,,,,,
,,,,,,,,,,,,,,,,,,,
,,,,,,,,,,,,,,,,,,,
,,,,,,,,,,,,,,,,,,,
,,,,,,,,,,,,,,,,,,,
,,,,,,,,,,,,,,,,,,,
,,,,,,,,,,,,,,,,,,,
,,,,,,,,,,,,,,,,,,,
,,,,,,,,,,,,,,,,,,,
,,,,,,,,,,,,,,,,,,,
,,,,,,,,,,,,,,,,,,,
,,,,,,,,,,,,,,,,,,,
,,,,,,,,,,,,,,,,,,,
,,,,,,,,,,,,,,,,,,,
,,,,,,,,,,,,,,,,,,,
,,,,,,,,,,,,,,,,,,,
,,,,,,,,,,,,,,,,,,,
,,,,,,,,,,,,,,,,,,,
,,,,,,,,,,,,,,,,,,,
,,,,,,,,,,,,,,,,,,,
,,,,,,,,,,,,,,,,,,,
,,,,,,,,,,,,,,,,,,,
,,,,,,,,,,,,,,,,,,,
,,,,,,,,,,,,,,,,,,,
,,,,,,,,,,,,,,,,,,,
,,,,,,,,,,,,,,,,,,,
,,,,,,,,,,,,,,,,,,,
,,,,,,,,,,,,,,,,,,,
,,,,,,,,,,,,,,,,,,,
,,,,,,,,,,,,,,,,,,,
,,,,,,,,,,,,,,,,,,,
,,,,,,,,,,,,,,,,,,,
,,,,,,,,,,,,,,,,,,,
,,,,,,,,,,,,,,,,,,,
,,,,,,,,,,,,,,,,,,,
,,,,,,,,,,,,,,,,,,,
,,,,,,,,,,,,,,,,,,,
,,,,,,,,,,,,,,,,,,,
,,,,,,,,,,,,,,,,,,,
,,,,,,,,,,,,,,,,,,,
,,,,,,,,,,,,,,,,,,,
,,,,,,,,,,,,,,,,,,,
,,,,,,,,,,,,,,,,,,,
,,,,,,,,,,,,,,,,,,,
,,,,,,,,,,,,,,,,,,,
,,,,,,,,,,,,,,,,,,,
,,,,,,,,,,,,,,,,,,,
,,,,,,,,,,,,,,,,,,,
,,,,,,,,,,,,,,,,,,,
,,,,,,,,,,,,,,,,,,,
,,,,,,,,,,,,,,,,,,,
,,,,,,,,,,,,,,,,,,,
,,,,,,,,,,,,,,,,,,,
,,,,,,,,,,,,,,,,,,,
,,,,,,,,,,,,,,,,,,,
,,,,,,,,,,,,,,,,,,,
,,,,,,,,,,,,,,,,,,,
,,,,,,,,,,,,,,,,,,,
,,,,,,,,,,,,,,,,,,,
,,,,,,,,,,,,,,,,,,,
,,,,,,,,,,,,,,,,,,,
,,,,,,,,,,,,,,,,,,,
,,,,,,,,,,,,,,,,,,,
,,,,,,,,,,,,,,,,,,,
,,,,,,,,,,,,,,,,,,,
,,,,,,,,,,,,,,,,,,,
,,,,,,,,,,,,,,,,,,,
,,,,,,,,,,,,,,,,,,,
,,,,,,,,,,,,,,,,,,,
,,,,,,,,,,,,,,,,,,,
,,,,,,,,,,,,,,,,,,,
,,,,,,,,,,,,,,,,,,,
,,,,,,,,,,,,,,,,,,,
,,,,,,,,,,,,,,,,,,,
,,,,,,,,,,,,,,,,,,,
,,,,,,,,,,,,,,,,,,,
,,,,,,,,,,,,,,,,,,,
,,,,,,,,,,,,,,,,,,,
,,,,,,,,,,,,,,,,,,,
,,,,,,,,,,,,,,,,,,,
,,,,,,,,,,,,,,,,,,,
,,,,,,,,,,,,,,,,,,,
,,,,,,,,,,,,,,,,,,,
,,,,,,,,,,,,,,,,,,,
,,,,,,,,,,,,,,,,,,,
,,,,,,,,,,,,,,,,,,,
,,,,,,,,,,,,,,,,,,,
,,,,,,,,,,,,,,,,,,,
,,,,,,,,,,,,,,,,,,,
,,,,,,,,,,,,,,,,,,,
,,,,,,,,,,,,,,,,,,,
,,,,,,,,,,,,,,,,,,,
,,,,,,,,,,,,,,,,,,,
,,,,,,,,,,,,,,,,,,,
,,,,,,,,,,,,,,,,,,,
,,,,,,,,,,,,,,,,,,,
,,,,,,,,,,,,,,,,,,,
,,,,,,,,,,,,,,,,,,,
,,,,,,,,,,,,,,,,,,,
,,,,,,,,,,,,,,,,,,,
,,,,,,,,,,,,,,,,,,,
,,,,,,,,,,,,,,,,,,,
,,,,,,,,,,,,,,,,,,,
,,,,,,,,,,,,,,,,,,,
,,,,,,,,,,,,,,,,,,,
,,,,,,,,,,,,,,,,,,,
,,,,,,,,,,,,,,,,,,,
,,,,,,,,,,,,,,,,,,,
,,,,,,,,,,,,,,,,,,,
,,,,,,,,,,,,,,,,,,,
,,,,,,,,,,,,,,,,,,,
,,,,,,,,,,,,,,,,,,,
,,,,,,,,,,,,,,,,,,,
,,,,,,,,,,,,,,,,,,,
,,,,,,,,,,,,,,,,,,,
,,,,,,,,,,,,,,,,,,,
,,,,,,,,,,,,,,,,,,,
,,,,,,,,,,,,,,,,,,,
,,,,,,,,,,,,,,,,,,,
,,,,,,,,,,,,,,,,,,,
,,,,,,,,,,,,,,,,,,,
,,,,,,,,,,,,,,,,,,,
,,,,,,,,,,,,,,,,,,,
,,,,,,,,,,,,,,,,,,,
,,,,,,,,,,,,,,,,,,,
,,,,,,,,,,,,,,,,,,,
,,,,,,,,,,,,,,,,,,,
,,,,,,,,,,,,,,,,,,,
,,,,,,,,,,,,,,,,,,,
,,,,,,,,,,,,,,,,,,,
,,,,,,,,,,,,,,,,,,,
,,,,,,,,,,,,,,,,,,,
,,,,,,,,,,,,,,,,,,,
,,,,,,,,,,,,,,,,,,,
,,,,,,,,,,,,,,,,,,,
,,,,,,,,,,,,,,,,,,,
,,,,,,,,,,,,,,,,,,,
,,,,,,,,,,,,,,,,,,,
,,,,,,,,,,,,,,,,,,,
,,,,,,,,,,,,,,,,,,,
,,,,,,,,,,,,,,,,,,,
,,,,,,,,,,,,,,,,,,,
,,,,,,,,,,,,,,,,,,,
,,,,,,,,,,,,,,,,,,,
,,,,,,,,,,,,,,,,,,,
,,,,,,,,,,,,,,,,,,,
,,,,,,,,,,,,,,,,,,,
,,,,,,,,,,,,,,,,,,,
,,,,,,,,,,,,,,,,,,,
,,,,,,,,,,,,,,,,,,,
,,,,,,,,,,,,,,,,,,,
,,,,,,,,,,,,,,,,,,,
,,,,,,,,,,,,,,,,,,,
,,,,,,,,,,,,,,,,,,,
,,,,,,,,,,,,,,,,,,,
,,,,,,,,,,,,,,,,,,,
,,,,,,,,,,,,,,,,,,,
,,,,,,,,,,,,,,,,,,,
,,,,,,,,,,,,,,,,,,,
,,,,,,,,,,,,,,,,,,,
,,,,,,,,,,,,,,,,,,,
,,,,,,,,,,,,,,,,,,,
,,,,,,,,,,,,,,,,,,,
,,,,,,,,,,,,,,,,,,,
,,,,,,,,,,,,,,,,,,,
,,,,,,,,,,,,,,,,,,,
,,,,,,,,,,,,,,,,,,,
,,,,,,,,,,,,,,,,,,,
,,,,,,,,,,,,,,,,,,,
,,,,,,,,,,,,,,,,,,,
,,,,,,,,,,,,,,,,,,,
,,,,,,,,,,,,,,,,,,,
,,,,,,,,,,,,,,,,,,,
,,,,,,,,,,,,,,,,,,,
,,,,,,,,,,,,,,,,,,,
,,,,,,,,,,,,,,,,,,,
,,,,,,,,,,,,,,,,,,,
,,,,,,,,,,,,,,,,,,,
,,,,,,,,,,,,,,,,,,,
,,,,,,,,,,,,,,,,,,,
,,,,,,,,,,,,,,,,,,,
,,,,,,,,,,,,,,,,,,,
,,,,,,,,,,,,,,,,,,,
,,,,,,,,,,,,,,,,,,,
,,,,,,,,,,,,,,,,,,,
,,,,,,,,,,,,,,,,,,,
,,,,,,,,,,,,,,,,,,,
,,,,,,,,,,,,,,,,,,,
,,,,,,,,,,,,,,,,,,,
,,,,,,,,,,,,,,,,,,,
,,,,,,,,,,,,,,,,,,,
,,,,,,,,,,,,,,,,,,,
,,,,,,,,,,,,,,,,,,,
,,,,,,,,,,,,,,,,,,,
,,,,,,,,,,,,,,,,,,,
,,,,,,,,,,,,,,,,,,,
,,,,,,,,,,,,,,,,,,,
,,,,,,,,,,,,,,,,,,,
,,,,,,,,,,,,,,,,,,,
,,,,,,,,,,,,,,,,,,,
,,,,,,,,,,,,,,,,,,,
,,,,,,,,,,,,,,,,,,,
,,,,,,,,,,,,,,,,,,,
,,,,,,,,,,,,,,,,,,,
,,,,,,,,,,,,,,,,,,,
,,,,,,,,,,,,,,,,,,,
,,,,,,,,,,,,,,,,,,,
,,,,,,,,,,,,,,,,,,,
,,,,,,,,,,,,,,,,,,,
,,,,,,,,,,,,,,,,,,,
,,,,,,,,,,,,,,,,,,,
,,,,,,,,,,,,,,,,,,,
,,,,,,,,,,,,,,,,,,,
,,,,,,,,,,,,,,,,,,,
,,,,,,,,,,,,,,,,,,,
,,,,,,,,,,,,,,,,,,,
,,,,,,,,,,,,,,,,,,,
,,,,,,,,,,,,,,,,,,,
,,,,,,,,,,,,,,,,,,,
,,,,,,,,,,,,,,,,,,,
,,,,,,,,,,,,,,,,,,,
,,,,,,,,,,,,,,,,,,,
,,,,,,,,,,,,,,,,,,,
,,,,,,,,,,,,,,,,,,,
,,,,,,,,,,,,,,,,,,,
,,,,,,,,,,,,,,,,,,,
,,,,,,,,,,,,,,,,,,,
,,,,,,,,,,,,,,,,,,,
,,,,,,,,,,,,,,,,,,,
,,,,,,,,,,,,,,,,,,,
,,,,,,,,,,,,,,,,,,,
,,,,,,,,,,,,,,,,,,,
,,,,,,,,,,,,,,,,,,,
,,,,,,,,,,,,,,,,,,,
,,,,,,,,,,,,,,,,,,,
,,,,,,,,,,,,,,,,,,,
,,,,,,,,,,,,,,,,,,,
,,,,,,,,,,,,,,,,,,,
,,,,,,,,,,,,,,,,,,,
,,,,,,,,,,,,,,,,,,,
,,,,,,,,,,,,,,,,,,,
,,,,,,,,,,,,,,,,,,,
,,,,,,,,,,,,,,,,,,,
,,,,,,,,,,,,,,,,,,,
,,,,,,,,,,,,,,,,,,,
,,,,,,,,,,,,,,,,,,,
,,,,,,,,,,,,,,,,,,,
,,,,,,,,,,,,,,,,,,,
,,,,,,,,,,,,,,,,,,,
,,,,,,,,,,,,,,,,,,,
,,,,,,,,,,,,,,,,,,,
,,,,,,,,,,,,,,,,,,,
,,,,,,,,,,,,,,,,,,,
,,,,,,,,,,,,,,,,,,,
,,,,,,,,,,,,,,,,,,,
,,,,,,,,,,,,,,,,,,,
,,,,,,,,,,,,,,,,,,,
,,,,,,,,,,,,,,,,,,,
,,,,,,,,,,,,,,,,,,,
,,,,,,,,,,,,,,,,,,,
,,,,,,,,,,,,,,,,,,,
,,,,,,,,,,,,,,,,,,,
,,,,,,,,,,,,,,,,,,,
,,,,,,,,,,,,,,,,,,,
,,,,,,,,,,,,,,,,,,,
,,,,,,,,,,,,,,,,,,,
,,,,,,,,,,,,,,,,,,,
,,,,,,,,,,,,,,,,,,,
,,,,,,,,,,,,,,,,,,,
,,,,,,,,,,,,,,,,,,,
,,,,,,,,,,,,,,,,,,,
,,,,,,,,,,,,,,,,,,,
,,,,,,,,,,,,,,,,,,,
,,,,,,,,,,,,,,,,,,,
,,,,,,,,,,,,,,,,,,,
,,,,,,,,,,,,,,,,,,,
,,,,,,,,,,,,,,,,,,,
,,,,,,,,,,,,,,,,,,,
,,,,,,,,,,,,,,,,,,,
,,,,,,,,,,,,,,,,,,,
,,,,,,,,,,,,,,,,,,,
,,,,,,,,,,,,,,,,,,,
,,,,,,,,,,,,,,,,,,,
,,,,,,,,,,,,,,,,,,,
,,,,,,,,,,,,,,,,,,,
,,,,,,,,,,,,,,,,,,,
,,,,,,,,,,,,,,,,,,,
,,,,,,,,,,,,,,,,,,,
,,,,,,,,,,,,,,,,,,,
,,,,,,,,,,,,,,,,,,,
,,,,,,,,,,,,,,,,,,,
,,,,,,,,,,,,,,,,,,,
,,,,,,,,,,,,,,,,,,,
,,,,,,,,,,,,,,,,,,,
,,,,,,,,,,,,,,,,,,,
,,,,,,,,,,,,,,,,,,,
,,,,,,,,,,,,,,,,,,,
,,,,,,,,,,,,,,,,,,,
,,,,,,,,,,,,,,,,,,,
,,,,,,,,,,,,,,,,,,,
,,,,,,,,,,,,,,,,,,,
,,,,,,,,,,,,,,,,,,,
,,,,,,,,,,,,,,,,,,,
,,,,,,,,,,,,,,,,,,,
,,,,,,,,,,,,,,,,,,,
,,,,,,,,,,,,,,,,,,,
,,,,,,,,,,,,,,,,,,,
,,,,,,,,,,,,,,,,,,,
,,,,,,,,,,,,,,,,,,,
,,,,,,,,,,,,,,,,,,,
,,,,,,,,,,,,,,,,,,,
,,,,,,,,,,,,,,,,,,,
,,,,,,,,,,,,,,,,,,,
,,,,,,,,,,,,,,,,,,,
,,,,,,,,,,,,,,,,,,,
,,,,,,,,,,,,,,,,,,,
,,,,,,,,,,,,,,,,,,,
,,,,,,,,,,,,,,,,,,,
,,,,,,,,,,,,,,,,,,,
,,,,,,,,,,,,,,,,,,,
,,,,,,,,,,,,,,,,,,,
,,,,,,,,,,,,,,,,,,,
,,,,,,,,,,,,,,,,,,,
,,,,,,,,,,,,,,,,,,,
,,,,,,,,,,,,,,,,,,,
,,,,,,,,,,,,,,,,,,,
,,,,,,,,,,,,,,,,,,,
,,,,,,,,,,,,,,,,,,,
,,,,,,,,,,,,,,,,,,,
,,,,,,,,,,,,,,,,,,,
,,,,,,,,,,,,,,,,,,,
,,,,,,,,,,,,,,,,,,,
,,,,,,,,,,,,,,,,,,,
,,,,,,,,,,,,,,,,,,,
,,,,,,,,,,,,,,,,,,,
,,,,,,,,,,,,,,,,,,,
,,,,,,,,,,,,,,,,,,,
,,,,,,,,,,,,,,,,,,,
,,,,,,,,,,,,,,,,,,,
,,,,,,,,,,,,,,,,,,,
,,,,,,,,,,,,,,,,,,,
,,,,,,,,,,,,,,,,,,,
,,,,,,,,,,,,,,,,,,,
,,,,,,,,,,,,,,,,,,,
,,,,,,,,,,,,,,,,,,,
,,,,,,,,,,,,,,,,,,,
,,,,,,,,,,,,,,,,,,,
,,,,,,,,,,,,,,,,,,,
,,,,,,,,,,,,,,,,,,,
,,,,,,,,,,,,,,,,,,,
,,,,,,,,,,,,,,,,,,,
,,,,,,,,,,,,,,,,,,,
,,,,,,,,,,,,,,,,,,,
,,,,,,,,,,,,,,,,,,,
,,,,,,,,,,,,,,,,,,,
,,,,,,,,,,,,,,,,,,,
,,,,,,,,,,,,,,,,,,,
,,,,,,,,,,,,,,,,,,,
,,,,,,,,,,,,,,,,,,,
,,,,,,,,,,,,,,,,,,,
,,,,,,,,,,,,,,,,,,,
,,,,,,,,,,,,,,,,,,,
,,,,,,,,,,,,,,,,,,,
,,,,,,,,,,,,,,,,,,,
,,,,,,,,,,,,,,,,,,,
,,,,,,,,,,,,,,,,,,,
,,,,,,,,,,,,,,,,,,,
,,,,,,,,,,,,,,,,,,,
,,,,,,,,,,,,,,,,,,,
,,,,,,,,,,,,,,,,,,,
,,,,,,,,,,,,,,,,,,,
,,,,,,,,,,,,,,,,,,,
,,,,,,,,,,,,,,,,,,,
,,,,,,,,,,,,,,,,,,,
,,,,,,,,,,,,,,,,,,,
,,,,,,,,,,,,,,,,,,,
,,,,,,,,,,,,,,,,,,,
,,,,,,,,,,,,,,,,,,,
,,,,,,,,,,,,,,,,,,,
,,,,,,,,,,,,,,,,,,,
,,,,,,,,,,,,,,,,,,,
,,,,,,,,,,,,,,,,,,,
,,,,,,,,,,,,,,,,,,,
,,,,,,,,,,,,,,,,,,,
,,,,,,,,,,,,,,,,,,,
,,,,,,,,,,,,,,,,,,,
,,,,,,,,,,,,,,,,,,,
,,,,,,,,,,,,,,,,,,,
,,,,,,,,,,,,,,,,,,,
,,,,,,,,,,,,,,,,,,,
,,,,,,,,,,,,,,,,,,,
,,,,,,,,,,,,,,,,,,,
,,,,,,,,,,,,,,,,,,,
,,,,,,,,,,,,,,,,,,,
,,,,,,,,,,,,,,,,,,,
,,,,,,,,,,,,,,,,,,,
,,,,,,,,,,,,,,,,,,,
,,,,,,,,,,,,,,,,,,,
,,,,,,,,,,,,,,,,,,,
,,,,,,,,,,,,,,,,,,,
,,,,,,,,,,,,,,,,,,,
,,,,,,,,,,,,,,,,,,,
,,,,,,,,,,,,,,,,,,,
,,,,,,,,,,,,,,,,,,,
,,,,,,,,,,,,,,,,,,,
,,,,,,,,,,,,,,,,,,,
,,,,,,,,,,,,,,,,,,,
,,,,,,,,,,,,,,,,,,,
,,,,,,,,,,,,,,,,,,,
,,,,,,,,,,,,,,,,,,,
,,,,,,,,,,,,,,,,,,,
,,,,,,,,,,,,,,,,,,,
,,,,,,,,,,,,,,,,,,,
,,,,,,,,,,,,,,,,,,,
,,,,,,,,,,,,,,,,,,,
,,,,,,,,,,,,,,,,,,,
,,,,,,,,,,,,,,,,,,,
,,,,,,,,,,,,,,,,,,,
,,,,,,,,,,,,,,,,,,,
,,,,,,,,,,,,,,,,,,,
,,,,,,,,,,,,,,,,,,,
,,,,,,,,,,,,,,,,,,,
,,,,,,,,,,,,,,,,,,,
,,,,,,,,,,,,,,,,,,,
,,,,,,,,,,,,,,,,,,,
,,,,,,,,,,,,,,,,,,,
,,,,,,,,,,,,,,,,,,,
,,,,,,,,,,,,,,,,,,,
,,,,,,,,,,,,,,,,,,,
,,,,,,,,,,,,,,,,,,,
,,,,,,,,,,,,,,,,,,,
,,,,,,,,,,,,,,,,,,,
,,,,,,,,,,,,,,,,,,,
,,,,,,,,,,,,,,,,,,,
,,,,,,,,,,,,,,,,,,,
,,,,,,,,,,,,,,,,,,,
,,,,,,,,,,,,,,,,,,,
,,,,,,,,,,,,,,,,,,,
,,,,,,,,,,,,,,,,,,,
,,,,,,,,,,,,,,,,,,,
,,,,,,,,,,,,,,,,,,,
,,,,,,,,,,,,,,,,,,,
,,,,,,,,,,,,,,,,,,,
,,,,,,,,,,,,,,,,,,,
,,,,,,,,,,,,,,,,,,,
,,,,,,,,,,,,,,,,,,,
,,,,,,,,,,,,,,,,,,,
,,,,,,,,,,,,,,,,,,,
,,,,,,,,,,,,,,,,,,,
,,,,,,,,,,,,,,,,,,,
,,,,,,,,,,,,,,,,,,,
,,,,,,,,,,,,,,,,,,,
,,,,,,,,,,,,,,,,,,,
,,,,,,,,,,,,,,,,,,,
,,,,,,,,,,,,,,,,,,,
,,,,,,,,,,,,,,,,,,,
,,,,,,,,,,,,,,,,,,,
,,,,,,,,,,,,,,,,,,,
,,,,,,,,,,,,,,,,,,,
,,,,,,,,,,,,,,,,,,,
,,,,,,,,,,,,,,,,,,,
,,,,,,,,,,,,,,,,,,,
,,,,,,,,,,,,,,,,,,,
,,,,,,,,,,,,,,,,,,,
,,,,,,,,,,,,,,,,,,,
,,,,,,,,,,,,,,,,,,,
,,,,,,,,,,,,,,,,,,,
,,,,,,,,,,,,,,,,,,,
,,,,,,,,,,,,,,,,,,,
,,,,,,,,,,,,,,,,,,,
,,,,,,,,,,,,,,,,,,,
,,,,,,,,,,,,,,,,,,,
,,,,,,,,,,,,,,,,,,,
,,,,,,,,,,,,,,,,,,,
,,,,,,,,,,,,,,,,,,,
,,,,,,,,,,,,,,,,,,,
,,,,,,,,,,,,,,,,,,,
,,,,,,,,,,,,,,,,,,,
,,,,,,,,,,,,,,,,,,,
,,,,,,,,,,,,,,,,,,,
,,,,,,,,,,,,,,,,,,,
,,,,,,,,,,,,,,,,,,,
,,,,,,,,,,,,,,,,,,,
,,,,,,,,,,,,,,,,,,,
,,,,,,,,,,,,,,,,,,,
,,,,,,,,,,,,,,,,,,,
,,,,,,,,,,,,,,,,,,,
,,,,,,,,,,,,,,,,,,,
,,,,,,,,,,,,,,,,,,,
,,,,,,,,,,,,,,,,,,,
,,,,,,,,,,,,,,,,,,,
,,,,,,,,,,,,,,,,,,,
,,,,,,,,,,,,,,,,,,,
,,,,,,,,,,,,,,,,,,,
,,,,,,,,,,,,,,,,,,,
,,,,,,,,,,,,,,,,,,,
,,,,,,,,,,,,,,,,,,,
,,,,,,,,,,,,,,,,,,,
,,,,,,,,,,,,,,,,,,,
,,,,,,,,,,,,,,,,,,,
,,,,,,,,,,,,,,,,,,,
,,,,,,,,,,,,,,,,,,,
,,,,,,,,,,,,,,,,,,,
,,,,,,,,,,,,,,,,,,,
,,,,,,,,,,,,,,,,,,,
,,,,,,,,,,,,,,,,,,,
,,,,,,,,,,,,,,,,,,,
,,,,,,,,,,,,,,,,,,,
,,,,,,,,,,,,,,,,,,,
,,,,,,,,,,,,,,,,,,,
,,,,,,,,,,,,,,,,,,,
,,,,,,,,,,,,,,,,,,,
,,,,,,,,,,,,,,,,,,,
,,,,,,,,,,,,,,,,,,,
,,,,,,,,,,,,,,,,,,,
,,,,,,,,,,,,,,,,,,,
,,,,,,,,,,,,,,,,,,,
,,,,,,,,,,,,,,,,,,,
,,,,,,,,,,,,,,,,,,,
,,,,,,,,,,,,,,,,,,,
,,,,,,,,,,,,,,,,,,,
,,,,,,,,,,,,,,,,,,,
,,,,,,,,,,,,,,,,,,,
,,,,,,,,,,,,,,,,,,,
,,,,,,,,,,,,,,,,,,,
,,,,,,,,,,,,,,,,,,,
,,,,,,,,,,,,,,,,,,,
,,,,,,,,,,,,,,,,,,,
,,,,,,,,,,,,,,,,,,,
,,,,,,,,,,,,,,,,,,,
,,,,,,,,,,,,,,,,,,,
,,,,,,,,,,,,,,,,,,,
,,,,,,,,,,,,,,,,,,,
,,,,,,,,,,,,,,,,,,,
,,,,,,,,,,,,,,,,,,,
,,,,,,,,,,,,,,,,,,,
,,,,,,,,,,,,,,,,,,,
,,,,,,,,,,,,,,,,,,,
,,,,,,,,,,,,,,,,,,,
,,,,,,,,,,,,,,,,,,,
,,,,,,,,,,,,,,,,,,,
,,,,,,,,,,,,,,,,,,,
,,,,,,,,,,,,,,,,,,,
,,,,,,,,,,,,,,,,,,,
,,,,,,,,,,,,,,,,,,,
,,,,,,,,,,,,,,,,,,,
,,,,,,,,,,,,,,,,,,,
,,,,,,,,,,,,,,,,,,,
,,,,,,,,,,,,,,,,,,,
,,,,,,,,,,,,,,,,,,,
,,,,,,,,,,,,,,,,,,,
,,,,,,,,,,,,,,,,,,,
,,,,,,,,,,,,,,,,,,,
,,,,,,,,,,,,,,,,,,,
,,,,,,,,,,,,,,,,,,,
,,,,,,,,,,,,,,,,,,,
,,,,,,,,,,,,,,,,,,,
,,,,,,,,,,,,,,,,,,,
,,,,,,,,,,,,,,,,,,,
,,,,,,,,,,,,,,,,,,,
,,,,,,,,,,,,,,,,,,,
,,,,,,,,,,,,,,,,,,,
,,,,,,,,,,,,,,,,,,,
,,,,,,,,,,,,,,,,,,,
,,,,,,,,,,,,,,,,,,,
,,,,,,,,,,,,,,,,,,,
,,,,,,,,,,,,,,,,,,,
,,,,,,,,,,,,,,,,,,,
,,,,,,,,,,,,,,,,,,,
,,,,,,,,,,,,,,,,,,,
,,,,,,,,,,,,,,,,,,,
,,,,,,,,,,,,,,,,,,,
,,,,,,,,,,,,,,,,,,,
,,,,,,,,,,,,,,,,,,,
,,,,,,,,,,,,,,,,,,,
,,,,,,,,,,,,,,,,,,,
,,,,,,,,,,,,,,,,,,,
,,,,,,,,,,,,,,,,,,,
,,,,,,,,,,,,,,,,,,,
,,,,,,,,,,,,,,,,,,,
,,,,,,,,,,,,,,,,,,,
,,,,,,,,,,,,,,,,,,,
,,,,,,,,,,,,,,,,,,,
,,,,,,,,,,,,,,,,,,,
,,,,,,,,,,,,,,,,,,,
,,,,,,,,,,,,,,,,,,,
,,,,,,,,,,,,,,,,,,,
,,,,,,,,,,,,,,,,,,,
,,,,,,,,,,,,,,,,,,,
,,,,,,,,,,,,,,,,,,,
,,,,,,,,,,,,,,,,,,,
,,,,,,,,,,,,,,,,,,,
,,,,,,,,,,,,,,,,,,,
,,,,,,,,,,,,,,,,,,,
,,,,,,,,,,,,,,,,,,,
,,,,,,,,,,,,,,,,,,,
,,,,,,,,,,,,,,,,,,,
,,,,,,,,,,,,,,,,,,,
,,,,,,,,,,,,,,,,,,,
,,,,,,,,,,,,,,,,,,,
,,,,,,,,,,,,,,,,,,,
,,,,,,,,,,,,,,,,,,,
,,,,,,,,,,,,,,,,,,,
,,,,,,,,,,,,,,,,,,,
,,,,,,,,,,,,,,,,,,,
,,,,,,,,,,,,,,,,,,,
,,,,,,,,,,,,,,,,,,,
,,,,,,,,,,,,,,,,,,,
,,,,,,,,,,,,,,,,,,,
,,,,,,,,,,,,,,,,,,,
,,,,,,,,,,,,,,,,,,,
,,,,,,,,,,,,,,,,,,,
,,,,,,,,,,,,,,,,,,,
,,,,,,,,,,,,,,,,,,,
,,,,,,,,,,,,,,,,,,,
,,,,,,,,,,,,,,,,,,,
,,,,,,,,,,,,,,,,,,,
,,,,,,,,,,,,,,,,,,,
,,,,,,,,,,,,,,,,,,,
,,,,,,,,,,,,,,,,,,,
,,,,,,,,,,,,,,,,,,,
,,,,,,,,,,,,,,,,,,,
,,,,,,,,,,,,,,,,,,,
,,,,,,,,,,,,,,,,,,,
,,,,,,,,,,,,,,,,,,,
,,,,,,,,,,,,,,,,,,,
,,,,,,,,,,,,,,,,,,,
,,,,,,,,,,,,,,,,,,,
,,,,,,,,,,,,,,,,,,,
,,,,,,,,,,,,,,,,,,,
,,,,,,,,,,,,,,,,,,,
,,,,,,,,,,,,,,,,,,,
,,,,,,,,,,,,,,,,,,,
,,,,,,,,,,,,,,,,,,,
,,,,,,,,,,,,,,,,,,,
,,,,,,,,,,,,,,,,,,,
,,,,,,,,,,,,,,,,,,,
,,,,,,,,,,,,,,,,,,,
,,,,,,,,,,,,,,,,,,,
,,,,,,,,,,,,,,,,,,,
,,,,,,,,,,,,,,,,,,,
,,,,,,,,,,,,,,,,,,,
,,,,,,,,,,,,,,,,,,,
,,,,,,,,,,,,,,,,,,,
,,,,,,,,,,,,,,,,,,,
,,,,,,,,,,,,,,,,,,,
,,,,,,,,,,,,,,,,,,,
,,,,,,,,,,,,,,,,,,,
,,,,,,,,,,,,,,,,,,,
,,,,,,,,,,,,,,,,,,,
,,,,,,,,,,,,,,,,,,,
,,,,,,,,,,,,,,,,,,,
,,,,,,,,,,,,,,,,,,,
,,,,,,,,,,,,,,,,,,,
,,,,,,,,,,,,,,,,,,,
,,,,,,,,,,,,,,,,,,,
,,,,,,,,,,,,,,,,,,,
,,,,,,,,,,,,,,,,,,,
,,,,,,,,,,,,,,,,,,,
,,,,,,,,,,,,,,,,,,,
,,,,,,,,,,,,,,,,,,,
,,,,,,,,,,,,,,,,,,,
,,,,,,,,,,,,,,,,,,,
,,,,,,,,,,,,,,,,,,,
,,,,,,,,,,,,,,,,,,,
,,,,,,,,,,,,,,,,,,,
,,,,,,,,,,,,,,,,,,,
,,,,,,,,,,,,,,,,,,,
,,,,,,,,,,,,,,,,,,,
,,,,,,,,,,,,,,,,,,,
,,,,,,,,,,,,,,,,,,,
,,,,,,,,,,,,,,,,,,,
,,,,,,,,,,,,,,,,,,,
,,,,,,,,,,,,,,,,,,,
,,,,,,,,,,,,,,,,,,,
,,,,,,,,,,,,,,,,,,,
,,,,,,,,,,,,,,,,,,,
,,,,,,,,,,,,,,,,,,,
,,,,,,,,,,,,,,,,,,,
,,,,,,,,,,,,,,,,,,,
,,,,,,,,,,,,,,,,,,,
,,,,,,,,,,,,,,,,,,,
,,,,,,,,,,,,,,,,,,,
,,,,,,,,,,,,,,,,,,,
,,,,,,,,,,,,,,,,,,,
,,,,,,,,,,,,,,,,,,,
,,,,,,,,,,,,,,,,,,,
,,,,,,,,,,,,,,,,,,,
,,,,,,,,,,,,,,,,,,,
,,,,,,,,,,,,,,,,,,,
,,,,,,,,,,,,,,,,,,,
,,,,,,,,,,,,,,,,,,,
,,,,,,,,,,,,,,,,,,,
,,,,,,,,,,,,,,,,,,,
,,,,,,,,,,,,,,,,,,,
,,,,,,,,,,,,,,,,,,,
,,,,,,,,,,,,,,,,,,,
,,,,,,,,,,,,,,,,,,,
,,,,,,,,,,,,,,,,,,,
,,,,,,,,,,,,,,,,,,,
,,,,,,,,,,,,,,,,,,,
,,,,,,,,,,,,,,,,,,,
,,,,,,,,,,,,,,,,,,,
,,,,,,,,,,,,,,,,,,,
,,,,,,,,,,,,,,,,,,,
,,,,,,,,,,,,,,,,,,,
,,,,,,,,,,,,,,,,,,,
,,,,,,,,,,,,,,,,,,,
,,,,,,,,,,,,,,,,,,,
,,,,,,,,,,,,,,,,,,,
,,,,,,,,,,,,,,,,,,,
,,,,,,,,,,,,,,,,,,,
,,,,,,,,,,,,,,,,,,,
,,,,,,,,,,,,,,,,,,,
,,,,,,,,,,,,,,,,,,,
,,,,,,,,,,,,,,,,,,,
,,,,,,,,,,,,,,,,,,,
,,,,,,,,,,,,,,,,,,,
,,,,,,,,,,,,,,,,,,,
,,,,,,,,,,,,,,,,,,,
,,,,,,,,,,,,,,,,,,,
,,,,,,,,,,,,,,,,,,,
,,,,,,,,,,,,,,,,,,,
,,,,,,,,,,,,,,,,,,,
,,,,,,,,,,,,,,,,,,,
,,,,,,,,,,,,,,,,,,,
,,,,,,,,,,,,,,,,,,,
,,,,,,,,,,,,,,,,,,,
,,,,,,,,,,,,,,,,,,,
,,,,,,,,,,,,,,,,,,,
,,,,,,,,,,,,,,,,,,,
,,,,,,,,,,,,,,,,,,,
,,,,,,,,,,,,,,,,,,,
,,,,,,,,,,,,,,,,,,,
,,,,,,,,,,,,,,,,,,,
,,,,,,,,,,,,,,,,,,,
,,,,,,,,,,,,,,,,,,,
,,,,,,,,,,,,,,,,,,,
,,,,,,,,,,,,,,,,,,,
,,,,,,,,,,,,,,,,,,,
,,,,,,,,,,,,,,,,,,,
,,,,,,,,,,,,,,,,,,,
,,,,,,,,,,,,,,,,,,,
,,,,,,,,,,,,,,,,,,,
,,,,,,,,,,,,,,,,,,,
,,,,,,,,,,,,,,,,,,,
,,,,,,,,,,,,,,,,,,,
,,,,,,,,,,,,,,,,,,,
,,,,,,,,,,,,,,,,,,,
,,,,,,,,,,,,,,,,,,,
,,,,,,,,,,,,,,,,,,,
,,,,,,,,,,,,,,,,,,,
,,,,,,,,,,,,,,,,,,,
,,,,,,,,,,,,,,,,,,,
,,,,,,,,,,,,,,,,,,,
,,,,,,,,,,,,,,,,,,,
,,,,,,,,,,,,,,,,,,,
,,,,,,,,,,,,,,,,,,,
,,,,,,,,,,,,,,,,,,,
,,,,,,,,,,,,,,,,,,,
,,,,,,,,,,,,,,,,,,,
,,,,,,,,,,,,,,,,,,,
,,,,,,,,,,,,,,,,,,,
,,,,,,,,,,,,,,,,,,,
,,,,,,,,,,,,,,,,,,,
,,,,,,,,,,,,,,,,,,,
,,,,,,,,,,,,,,,,,,,
,,,,,,,,,,,,,,,,,,,
,,,,,,,,,,,,,,,,,,,
,,,,,,,,,,,,,,,,,,,
,,,,,,,,,,,,,,,,,,,
,,,,,,,,,,,,,,,,,,,
,,,,,,,,,,,,,,,,,,,
,,,,,,,,,,,,,,,,,,,
,,,,,,,,,,,,,,,,,,,
,,,,,,,,,,,,,,,,,,,
,,,,,,,,,,,,,,,,,,,
,,,,,,,,,,,,,,,,,,,
,,,,,,,,,,,,,,,,,,,
,,,,,,,,,,,,,,,,,,,
,,,,,,,,,,,,,,,,,,,
,,,,,,,,,,,,,,,,,,,
,,,,,,,,,,,,,,,,,,,
,,,,,,,,,,,,,,,,,,,
,,,,,,,,,,,,,,,,,,,
,,,,,,,,,,,,,,,,,,,
,,,,,,,,,,,,,,,,,,,
,,,,,,,,,,,,,,,,,,,
,,,,,,,,,,,,,,,,,,,
,,,,,,,,,,,,,,,,,,,
,,,,,,,,,,,,,,,,,,,
,,,,,,,,,,,,,,,,,,,
,,,,,,,,,,,,,,,,,,,
,,,,,,,,,,,,,,,,,,,
,,,,,,,,,,,,,,,,,,,
,,,,,,,,,,,,,,,,,,,
,,,,,,,,,,,,,,,,,,,
,,,,,,,,,,,,,,,,,,,
,,,,,,,,,,,,,,,,,,,
,,,,,,,,,,,,,,,,,,,
,,,,,,,,,,,,,,,,,,,
,,,,,,,,,,,,,,,,,,,
,,,,,,,,,,,,,,,,,,,
,,,,,,,,,,,,,,,,,,,
,,,,,,,,,,,,,,,,,,,
,,,,,,,,,,,,,,,,,,,
,,,,,,,,,,,,,,,,,,,
,,,,,,,,,,,,,,,,,,,
,,,,,,,,,,,,,,,,,,,
,,,,,,,,,,,,,,,,,,,
,,,,,,,,,,,,,,,,,,,
,,,,,,,,,,,,,,,,,,,
,,,,,,,,,,,,,,,,,,,
,,,,,,,,,,,,,,,,,,,
,,,,,,,,,,,,,,,,,,,
,,,,,,,,,,,,,,,,,,,
,,,,,,,,,,,,,,,,,,,
,,,,,,,,,,,,,,,,,,,
,,,,,,,,,,,,,,,,,,,
,,,,,,,,,,,,,,,,,,,
,,,,,,,,,,,,,,,,,,,
,,,,,,,,,,,,,,,,,,,
,,,,,,,,,,,,,,,,,,,
,,,,,,,,,,,,,,,,,,,
,,,,,,,,,,,,,,,,,,,
,,,,,,,,,,,,,,,,,,,
,,,,,,,,,,,,,,,,,,,
,,,,,,,,,,,,,,,,,,,
,,,,,,,,,,,,,,,,,,,
,,,,,,,,,,,,,,,,,,,
,,,,,,,,,,,,,,,,,,,
,,,,,,,,,,,,,,,,,,,
,,,,,,,,,,,,,,,,,,,
,,,,,,,,,,,,,,,,,,,
,,,,,,,,,,,,,,,,,,,
,,,,,,,,,,,,,,,,,,,
,,,,,,,,,,,,,,,,,,,
,,,,,,,,,,,,,,,,,,,
,,,,,,,,,,,,,,,,,,,
,,,,,,,,,,,,,,,,,,,
,,,,,,,,,,,,,,,,,,,
,,,,,,,,,,,,,,,,,,,
,,,,,,,,,,,,,,,,,,,
,,,,,,,,,,,,,,,,,,,
,,,,,,,,,,,,,,,,,,,
,,,,,,,,,,,,,,,,,,,
,,,,,,,,,,,,,,,,,,,
,,,,,,,,,,,,,,,,,,,
,,,,,,,,,,,,,,,,,,,
,,,,,,,,,,,,,,,,,,,
,,,,,,,,,,,,,,,,,,,
,,,,,,,,,,,,,,,,,,,
,,,,,,,,,,,,,,,,,,,
,,,,,,,,,,,,,,,,,,,
,,,,,,,,,,,,,,,,,,,
,,,,,,,,,,,,,,,,,,,
,,,,,,,,,,,,,,,,,,,
,,,,,,,,,,,,,,,,,,,
,,,,,,,,,,,,,,,,,,,
,,,,,,,,,,,,,,,,,,,
,,,,,,,,,,,,,,,,,,,
,,,,,,,,,,,,,,,,,,,
,,,,,,,,,,,,,,,,,,,
,,,,,,,,,,,,,,,,,,,
,,,,,,,,,,,,,,,,,,,
,,,,,,,,,,,,,,,,,,,
,,,,,,,,,,,,,,,,,,,
,,,,,,,,,,,,,,,,,,,
,,,,,,,,,,,,,,,,,,,
,,,,,,,,,,,,,,,,,,,
,,,,,,,,,,,,,,,,,,,
,,,,,,,,,,,,,,,,,,,
,,,,,,,,,,,,,,,,,,,
,,,,,,,,,,,,,,,,,,,
,,,,,,,,,,,,,,,,,,,
,,,,,,,,,,,,,,,,,,,
,,,,,,,,,,,,,,,,,,,
,,,,,,,,,,,,,,,,,,,
,,,,,,,,,,,,,,,,,,,
,,,,,,,,,,,,,,,,,,,
,,,,,,,,,,,,,,,,,,,
,,,,,,,,,,,,,,,,,,,
,,,,,,,,,,,,,,,,,,,
,,,,,,,,,,,,,,,,,,,
,,,,,,,,,,,,,,,,,,,
,,,,,,,,,,,,,,,,,,,
,,,,,,,,,,,,,,,,,,,
,,,,,,,,,,,,,,,,,,,
,,,,,,,,,,,,,,,,,,,
,,,,,,,,,,,,,,,,,,,
,,,,,,,,,,,,,,,,,,,
,,,,,,,,,,,,,,,,,,,
,,,,,,,,,,,,,,,,,,,
,,,,,,,,,,,,,,,,,,,
,,,,,,,,,,,,,,,,,,,
,,,,,,,,,,,,,,,,,,,
,,,,,,,,,,,,,,,,,,,
,,,,,,,,,,,,,,,,,,,
,,,,,,,,,,,,,,,,,,,
,,,,,,,,,,,,,,,,,,,
,,,,,,,,,,,,,,,,,,,
,,,,,,,,,,,,,,,,,,,
,,,,,,,,,,,,,,,,,,,
,,,,,,,,,,,,,,,,,,,
,,,,,,,,,,,,,,,,,,,
,,,,,,,,,,,,,,,,,,,
,,,,,,,,,,,,,,,,,,,
,,,,,,,,,,,,,,,,,,,
,,,,,,,,,,,,,,,,,,,
,,,,,,,,,,,,,,,,,,,
,,,,,,,,,,,,,,,,,,,
,,,,,,,,,,,,,,,,,,,
,,,,,,,,,,,,,,,,,,,
,,,,,,,,,,,,,,,,,,,
,,,,,,,,,,,,,,,,,,,
,,,,,,,,,,,,,,,,,,,
,,,,,,,,,,,,,,,,,,,
,,,,,,,,,,,,,,,,,,,
,,,,,,,,,,,,,,,,,,,
,,,,,,,,,,,,,,,,,,,
,,,,,,,,,,,,,,,,,,,
,,,,,,,,,,,,,,,,,,,
,,,,,,,,,,,,,,,,,,,
,,,,,,,,,,,,,,,,,,,
,,,,,,,,,,,,,,,,,,,
,,,,,,,,,,,,,,,,,,,
,,,,,,,,,,,,,,,,,,,
,,,,,,,,,,,,,,,,,,,
,,,,,,,,,,,,,,,,,,,
,,,,,,,,,,,,,,,,,,,
,,,,,,,,,,,,,,,,,,,
,,,,,,,,,,,,,,,,,,,
,,,,,,,,,,,,,,,,,,,
,,,,,,,,,,,,,,,,,,,
,,,,,,,,,,,,,,,,,,,
,,,,,,,,,,,,,,,,,,,
,,,,,,,,,,,,,,,,,,,
,,,,,,,,,,,,,,,,,,,
,,,,,,,,,,,,,,,,,,,
,,,,,,,,,,,,,,,,,,,
,,,,,,,,,,,,,,,,,,,
,,,,,,,,,,,,,,,,,,,
,,,,,,,,,,,,,,,,,,,
,,,,,,,,,,,,,,,,,,,
,,,,,,,,,,,,,,,,,,,
,,,,,,,,,,,,,,,,,,,
,,,,,,,,,,,,,,,,,,,
,,,,,,,,,,,,,,,,,,,
,,,,,,,,,,,,,,,,,,,
,,,,,,,,,,,,,,,,,,,
,,,,,,,,,,,,,,,,,,,
,,,,,,,,,,,,,,,,,,,
,,,,,,,,,,,,,,,,,,,
,,,,,,,,,,,,,,,,,,,
,,,,,,,,,,,,,,,,,,,
,,,,,,,,,,,,,,,,,,,
,,,,,,,,,,,,,,,,,,,
,,,,,,,,,,,,,,,,,,,
,,,,,,,,,,,,,,,,,,,
,,,,,,,,,,,,,,,,,,,
,,,,,,,,,,,,,,,,,,,
,,,,,,,,,,,,,,,,,,,
,,,,,,,,,,,,,,,,,,,
,,,,,,,,,,,,,,,,,,,
,,,,,,,,,,,,,,,,,,,
,,,,,,,,,,,,,,,,,,,
,,,,,,,,,,,,,,,,,,,
,,,,,,,,,,,,,,,,,,,
,,,,,,,,,,,,,,,,,,,
,,,,,,,,,,,,,,,,,,,
,,,,,,,,,,,,,,,,,,,
,,,,,,,,,,,,,,,,,,,
,,,,,,,,,,,,,,,,,,,
,,,,,,,,,,,,,,,,,,,
,,,,,,,,,,,,,,,,,,,
,,,,,,,,,,,,,,,,,,,
,,,,,,,,,,,,,,,,,,,
,,,,,,,,,,,,,,,,,,,
,,,,,,,,,,,,,,,,,,,
,,,,,,,,,,,,,,,,,,,
,,,,,,,,,,,,,,,,,,,
,,,,,,,,,,,,,,,,,,,
,,,,,,,,,,,,,,,,,,,
,,,,,,,,,,,,,,,,,,,
,,,,,,,,,,,,,,,,,,,
,,,,,,,,,,,,,,,,,,,
,,,,,,,,,,,,,,,,,,,
,,,,,,,,,,,,,,,,,,,
,,,,,,,,,,,,,,,,,,,
,,,,,,,,,,,,,,,,,,,
,,,,,,,,,,,,,,,,,,,
,,,,,,,,,,,,,,,,,,,
,,,,,,,,,,,,,,,,,,,
,,,,,,,,,,,,,,,,,,,
,,,,,,,,,,,,,,,,,,,
,,,,,,,,,,,,,,,,,,,
,,,,,,,,,,,,,,,,,,,
,,,,,,,,,,,,,,,,,,,
,,,,,,,,,,,,,,,,,,,
,,,,,,,,,,,,,,,,,,,
,,,,,,,,,,,,,,,,,,,
,,,,,,,,,,,,,,,,,,,
,,,,,,,,,,,,,,,,,,,
,,,,,,,,,,,,,,,,,,,
,,,,,,,,,,,,,,,,,,,
,,,,,,,,,,,,,,,,,,,
,,,,,,,,,,,,,,,,,,,
,,,,,,,,,,,,,,,,,,,
,,,,,,,,,,,,,,,,,,,
,,,,,,,,,,,,,,,,,,,
,,,,,,,,,,,,,,,,,,,
,,,,,,,,,,,,,,,,,,,
,,,,,,,,,,,,,,,,,,,
,,,,,,,,,,,,,,,,,,,
,,,,,,,,,,,,,,,,,,,
,,,,,,,,,,,,,,,,,,,
,,,,,,,,,,,,,,,,,,,
,,,,,,,,,,,,,,,,,,,
,,,,,,,,,,,,,,,,,,,
,,,,,,,,,,,,,,,,,,,
,,,,,,,,,,,,,,,,,,,
,,,,,,,,,,,,,,,,,,,
,,,,,,,,,,,,,,,,,,,
,,,,,,,,,,,,,,,,,,,
,,,,,,,,,,,,,,,,,,,
,,,,,,,,,,,,,,,,,,,
,,,,,,,,,,,,,,,,,,,
,,,,,,,,,,,,,,,,,,,
,,,,,,,,,,,,,,,,,,,
,,,,,,,,,,,,,,,,,,,
,,,,,,,,,,,,,,,,,,,
,,,,,,,,,,,,,,,,,,,
,,,,,,,,,,,,,,,,,,,
,,,,,,,,,,,,,,,,,,,
,,,,,,,,,,,,,,,,,,,
,,,,,,,,,,,,,,,,,,,
,,,,,,,,,,,,,,,,,,,
,,,,,,,,,,,,,,,,,,,
,,,,,,,,,,,,,,,,,,,
,,,,,,,,,,,,,,,,,,,
,,,,,,,,,,,,,,,,,,,
,,,,,,,,,,,,,,,,,,,
,,,,,,,,,,,,,,,,,,,
,,,,,,,,,,,,,,,,,,,
,,,,,,,,,,,,,,,,,,,
,,,,,,,,,,,,,,,,,,,
,,,,,,,,,,,,,,,,,,,
,,,,,,,,,,,,,,,,,,,
,,,,,,,,,,,,,,,,,,,
,,,,,,,,,,,,,,,,,,,
,,,,,,,,,,,,,,,,,,,
,,,,,,,,,,,,,,,,,,,
,,,,,,,,,,,,,,,,,,,
,,,,,,,,,,,,,,,,,,,
,,,,,,,,,,,,,,,,,,,
,,,,,,,,,,,,,,,,,,,
,,,,,,,,,,,,,,,,,,,
,,,,,,,,,,,,,,,,,,,
,,,,,,,,,,,,,,,,,,,
,,,,,,,,,,,,,,,,,,,
,,,,,,,,,,,,,,,,,,,
,,,,,,,,,,,,,,,,,,,
,,,,,,,,,,,,,,,,,,,
,,,,,,,,,,,,,,,,,,,
,,,,,,,,,,,,,,,,,,,
,,,,,,,,,,,,,,,,,,,
,,,,,,,,,,,,,,,,,,,
,,,,,,,,,,,,,,,,,,,
,,,,,,,,,,,,,,,,,,,
,,,,,,,,,,,,,,,,,,,
,,,,,,,,,,,,,,,,,,,
,,,,,,,,,,,,,,,,,,,
,,,,,,,,,,,,,,,,,,,
,,,,,,,,,,,,,,,,,,,
,,,,,,,,,,,,,,,,,,,
,,,,,,,,,,,,,,,,,,,
,,,,,,,,,,,,,,,,,,,
,,,,,,,,,,,,,,,,,,,
,,,,,,,,,,,,,,,,,,,
,,,,,,,,,,,,,,,,,,,
,,,,,,,,,,,,,,,,,,,
,,,,,,,,,,,,,,,,,,,
,,,,,,,,,,,,,,,,,,,
,,,,,,,,,,,,,,,,,,,
,,,,,,,,,,,,,,,,,,,
,,,,,,,,,,,,,,,,,,,
,,,,,,,,,,,,,,,,,,,
,,,,,,,,,,,,,,,,,,,
,,,,,,,,,,,,,,,,,,,
,,,,,,,,,,,,,,,,,,,
,,,,,,,,,,,,,,,,,,,
,,,,,,,,,,,,,,,,,,,
,,,,,,,,,,,,,,,,,,,
,,,,,,,,,,,,,,,,,,,
,,,,,,,,,,,,,,,,,,,
,,,,,,,,,,,,,,,,,,,
,,,,,,,,,,,,,,,,,,,
,,,,,,,,,,,,,,,,,,,
,,,,,,,,,,,,,,,,,,,
,,,,,,,,,,,,,,,,,,,
,,,,,,,,,,,,,,,,,,,
,,,,,,,,,,,,,,,,,,,
,,,,,,,,,,,,,,,,,,,
,,,,,,,,,,,,,,,,,,,
,,,,,,,,,,,,,,,,,,,
,,,,,,,,,,,,,,,,,,,
,,,,,,,,,,,,,,,,,,,
,,,,,,,,,,,,,,,,,,,
,,,,,,,,,,,,,,,,,,,
,,,,,,,,,,,,,,,,,,,
,,,,,,,,,,,,,,,,,,,
,,,,,,,,,,,,,,,,,,,
,,,,,,,,,,,,,,,,,,,
,,,,,,,,,,,,,,,,,,,
,,,,,,,,,,,,,,,,,,,
,,,,,,,,,,,,,,,,,,,
,,,,,,,,,,,,,,,,,,,
,,,,,,,,,,,,,,,,,,,
,,,,,,,,,,,,,,,,,,,
,,,,,,,,,,,,,,,,,,,
,,,,,,,,,,,,,,,,,,,
,,,,,,,,,,,,,,,,,,,
,,,,,,,,,,,,,,,,,,,
,,,,,,,,,,,,,,,,,,,
,,,,,,,,,,,,,,,,,,,
,,,,,,,,,,,,,,,,,,,
,,,,,,,,,,,,,,,,,,,
,,,,,,,,,,,,,,,,,,,
,,,,,,,,,,,,,,,,,,,
,,,,,,,,,,,,,,,,,,,
,,,,,,,,,,,,,,,,,,,
,,,,,,,,,,,,,,,,,,,
,,,,,,,,,,,,,,,,,,,
,,,,,,,,,,,,,,,,,,,
,,,,,,,,,,,,,,,,,,,
,,,,,,,,,,,,,,,,,,,
,,,,,,,,,,,,,,,,,,,
,,,,,,,,,,,,,,,,,,,
,,,,,,,,,,,,,,,,,,,
,,,,,,,,,,,,,,,,,,,
,,,,,,,,,,,,,,,,,,,
,,,,,,,,,,,,,,,,,,,
,,,,,,,,,,,,,,,,,,,
,,,,,,,,,,,,,,,,,,,
,,,,,,,,,,,,,,,,,,,
,,,,,,,,,,,,,,,,,,,
,,,,,,,,,,,,,,,,,,,
,,,,,,,,,,,,,,,,,,,
,,,,,,,,,,,,,,,,,,,
,,,,,,,,,,,,,,,,,,,
,,,,,,,,,,,,,,,,,,,
,,,,,,,,,,,,,,,,,,,
,,,,,,,,,,,,,,,,,,,
,,,,,,,,,,,,,,,,,,,
,,,,,,,,,,,,,,,,,,,
,,,,,,,,,,,,,,,,,,,
,,,,,,,,,,,,,,,,,,,
,,,,,,,,,,,,,,,,,,,
,,,,,,,,,,,,,,,,,,,
,,,,,,,,,,,,,,,,,,,
,,,,,,,,,,,,,,,,,,,
,,,,,,,,,,,,,,,,,,,
,,,,,,,,,,,,,,,,,,,
,,,,,,,,,,,,,,,,,,,
,,,,,,,,,,,,,,,,,,,
,,,,,,,,,,,,,,,,,,,
,,,,,,,,,,,,,,,,,,,
,,,,,,,,,,,,,,,,,,,
,,,,,,,,,,,,,,,,,,,
,,,,,,,,,,,,,,,,,,,
,,,,,,,,,,,,,,,,,,,
,,,,,,,,,,,,,,,,,,,
,,,,,,,,,,,,,,,,,,,
,,,,,,,,,,,,,,,,,,,
,,,,,,,,,,,,,,,,,,,
,,,,,,,,,,,,,,,,,,,
,,,,,,,,,,,,,,,,,,,
,,,,,,,,,,,,,,,,,,,
,,,,,,,,,,,,,,,,,,,
,,,,,,,,,,,,,,,,,,,
,,,,,,,,,,,,,,,,,,,
,,,,,,,,,,,,,,,,,,,
,,,,,,,,,,,,,,,,,,,
,,,,,,,,,,,,,,,,,,,
,,,,,,,,,,,,,,,,,,,
,,,,,,,,,,,,,,,,,,,
,,,,,,,,,,,,,,,,,,,
,,,,,,,,,,,,,,,,,,,
,,,,,,,,,,,,,,,,,,,
,,,,,,,,,,,,,,,,,,,
,,,,,,,,,,,,,,,,,,,
,,,,,,,,,,,,,,,,,,,
,,,,,,,,,,,,,,,,,,,
,,,,,,,,,,,,,,,,,,,
,,,,,,,,,,,,,,,,,,,
,,,,,,,,,,,,,,,,,,,
,,,,,,,,,,,,,,,,,,,
,,,,,,,,,,,,,,,,,,,
,,,,,,,,,,,,,,,,,,,
,,,,,,,,,,,,,,,,,,,
,,,,,,,,,,,,,,,,,,,
,,,,,,,,,,,,,,,,,,,
,,,,,,,,,,,,,,,,,,,
,,,,,,,,,,,,,,,,,,,
,,,,,,,,,,,,,,,,,,,
,,,,,,,,,,,,,,,,,,,
,,,,,,,,,,,,,,,,,,,
,,,,,,,,,,,,,,,,,,,
,,,,,,,,,,,,,,,,,,,
,,,,,,,,,,,,,,,,,,,
,,,,,,,,,,,,,,,,,,,
,,,,,,,,,,,,,,,,,,,
,,,,,,,,,,,,,,,,,,,
,,,,,,,,,,,,,,,,,,,
,,,,,,,,,,,,,,,,,,,
,,,,,,,,,,,,,,,,,,,
,,,,,,,,,,,,,,,,,,,
,,,,,,,,,,,,,,,,,,,
,,,,,,,,,,,,,,,,,,,
,,,,,,,,,,,,,,,,,,,
,,,,,,,,,,,,,,,,,,,
,,,,,,,,,,,,,,,,,,,
,,,,,,,,,,,,,,,,,,,
,,,,,,,,,,,,,,,,,,,
,,,,,,,,,,,,,,,,,,,
,,,,,,,,,,,,,,,,,,,
,,,,,,,,,,,,,,,,,,,
,,,,,,,,,,,,,,,,,,,
,,,,,,,,,,,,,,,,,,,
,,,,,,,,,,,,,,,,,,,
,,,,,,,,,,,,,,,,,,,
,,,,,,,,,,,,,,,,,,,
,,,,,,,,,,,,,,,,,,,
,,,,,,,,,,,,,,,,,,,
,,,,,,,,,,,,,,,,,,,
,,,,,,,,,,,,,,,,,,,
,,,,,,,,,,,,,,,,,,,
,,,,,,,,,,,,,,,,,,,
,,,,,,,,,,,,,,,,,,,
,,,,,,,,,,,,,,,,,,,
,,,,,,,,,,,,,,,,,,,
,,,,,,,,,,,,,,,,,,,
,,,,,,,,,,,,,,,,,,,
,,,,,,,,,,,,,,,,,,,
,,,,,,,,,,,,,,,,,,,
,,,,,,,,,,,,,,,,,,,
,,,,,,,,,,,,,,,,,,,
,,,,,,,,,,,,,,,,,,,
,,,,,,,,,,,,,,,,,,,
,,,,,,,,,,,,,,,,,,,
,,,,,,,,,,,,,,,,,,,
,,,,,,,,,,,,,,,,,,,
,,,,,,,,,,,,,,,,,,,
,,,,,,,,,,,,,,,,,,,
,,,,,,,,,,,,,,,,,,,
,,,,,,,,,,,,,,,,,,,
,,,,,,,,,,,,,,,,,,,
,,,,,,,,,,,,,,,,,,,
,,,,,,,,,,,,,,,,,,,
,,,,,,,,,,,,,,,,,,,
,,,,,,,,,,,,,,,,,,,
,,,,,,,,,,,,,,,,,,,
,,,,,,,,,,,,,,,,,,,
,,,,,,,,,,,,,,,,,,,
,,,,,,,,,,,,,,,,,,,
,,,,,,,,,,,,,,,,,,,
,,,,,,,,,,,,,,,,,,,
,,,,,,,,,,,,,,,,,,,
,,,,,,,,,,,,,,,,,,,
,,,,,,,,,,,,,,,,,,,
,,,,,,,,,,,,,,,,,,,
,,,,,,,,,,,,,,,,,,,
,,,,,,,,,,,,,,,,,,,
,,,,,,,,,,,,,,,,,,,
,,,,,,,,,,,,,,,,,,,
,,,,,,,,,,,,,,,,,,,
,,,,,,,,,,,,,,,,,,,
,,,,,,,,,,,,,,,,,,,
,,,,,,,,,,,,,,,,,,,
,,,,,,,,,,,,,,,,,,,
,,,,,,,,,,,,,,,,,,,
,,,,,,,,,,,,,,,,,,,
,,,,,,,,,,,,,,,,,,,
,,,,,,,,,,,,,,,,,,,
,,,,,,,,,,,,,,,,,,,
,,,,,,,,,,,,,,,,,,,
,,,,,,,,,,,,,,,,,,,
,,,,,,,,,,,,,,,,,,,
,,,,,,,,,,,,,,,,,,,
,,,,,,,,,,,,,,,,,,,
,,,,,,,,,,,,,,,,,,,
,,,,,,,,,,,,,,,,,,,
,,,,,,,,,,,,,,,,,,,
,,,,,,,,,,,,,,,,,,,
,,,,,,,,,,,,,,,,,,,
,,,,,,,,,,,,,,,,,,,
,,,,,,,,,,,,,,,,,,,
,,,,,,,,,,,,,,,,,,,
,,,,,,,,,,,,,,,,,,,
,,,,,,,,,,,,,,,,,,,
,,,,,,,,,,,,,,,,,,,
,,,,,,,,,,,,,,,,,,,
,,,,,,,,,,,,,,,,,,,
,,,,,,,,,,,,,,,,,,,
,,,,,,,,,,,,,,,,,,,
,,,,,,,,,,,,,,,,,,,
,,,,,,,,,,,,,,,,,,,
,,,,,,,,,,,,,,,,,,,
,,,,,,,,,,,,,,,,,,,
,,,,,,,,,,,,,,,,,,,
,,,,,,,,,,,,,,,,,,,
,,,,,,,,,,,,,,,,,,,
,,,,,,,,,,,,,,,,,,,
,,,,,,,,,,,,,,,,,,,
,,,,,,,,,,,,,,,,,,,
,,,,,,,,,,,,,,,,,,,
,,,,,,,,,,,,,,,,,,,
,,,,,,,,,,,,,,,,,,,
,,,,,,,,,,,,,,,,,,,
,,,,,,,,,,,,,,,,,,,
,,,,,,,,,,,,,,,,,,,
,,,,,,,,,,,,,,,,,,,
,,,,,,,,,,,,,,,,,,,
,,,,,,,,,,,,,,,,,,,
,,,,,,,,,,,,,,,,,,,
,,,,,,,,,,,,,,,,,,,
,,,,,,,,,,,,,,,,,,,
,,,,,,,,,,,,,,,,,,,
,,,,,,,,,,,,,,,,,,,
,,,,,,,,,,,,,,,,,,,
,,,,,,,,,,,,,,,,,,,
,,,,,,,,,,,,,,,,,,,
,,,,,,,,,,,,,,,,,,,
,,,,,,,,,,,,,,,,,,,
,,,,,,,,,,,,,,,,,,,
,,,,,,,,,,,,,,,,,,,
,,,,,,,,,,,,,,,,,,,
,,,,,,,,,,,,,,,,,,,
,,,,,,,,,,,,,,,,,,,
,,,,,,,,,,,,,,,,,,,
,,,,,,,,,,,,,,,,,,,
,,,,,,,,,,,,,,,,,,,
,,,,,,,,,,,,,,,,,,,
,,,,,,,,,,,,,,,,,,,
,,,,,,,,,,,,,,,,,,,
,,,,,,,,,,,,,,,,,,,
,,,,,,,,,,,,,,,,,,,
,,,,,,,,,,,,,,,,,,,
,,,,,,,,,,,,,,,,,,,
,,,,,,,,,,,,,,,,,,,
,,,,,,,,,,,,,,,,,,,
,,,,,,,,,,,,,,,,,,,
,,,,,,,,,,,,,,,,,,,
,,,,,,,,,,,,,,,,,,,
,,,,,,,,,,,,,,,,,,,
,,,,,,,,,,,,,,,,,,,
,,,,,,,,,,,,,,,,,,,
,,,,,,,,,,,,,,,,,,,
,,,,,,,,,,,,,,,,,,,
,,,,,,,,,,,,,,,,,,,
,,,,,,,,,,,,,,,,,,,
,,,,,,,,,,,,,,,,,,,
,,,,,,,,,,,,,,,,,,,
,,,,,,,,,,,,,,,,,,,
,,,,,,,,,,,,,,,,,,,
,,,,,,,,,,,,,,,,,,,
,,,,,,,,,,,,,,,,,,,
,,,,,,,,,,,,,,,,,,,
,,,,,,,,,,,,,,,,,,,
,,,,,,,,,,,,,,,,,,,
,,,,,,,,,,,,,,,,,,,
,,,,,,,,,,,,,,,,,,,
,,,,,,,,,,,,,,,,,,,
,,,,,,,,,,,,,,,,,,,
,,,,,,,,,,,,,,,,,,,
,,,,,,,,,,,,,,,,,,,
,,,,,,,,,,,,,,,,,,,
,,,,,,,,,,,,,,,,,,,
,,,,,,,,,,,,,,,,,,,
,,,,,,,,,,,,,,,,,,,
,,,,,,,,,,,,,,,,,,,
,,,,,,,,,,,,,,,,,,,
,,,,,,,,,,,,,,,,,,,
,,,,,,,,,,,,,,,,,,,
,,,,,,,,,,,,,,,,,,,
,,,,,,,,,,,,,,,,,,,
,,,,,,,,,,,,,,,,,,,
,,,,,,,,,,,,,,,,,,,
,,,,,,,,,,,,,,,,,,,
,,,,,,,,,,,,,,,,,,,
,,,,,,,,,,,,,,,,,,,
,,,,,,,,,,,,,,,,,,,
,,,,,,,,,,,,,,,,,,,
,,,,,,,,,,,,,,,,,,,
,,,,,,,,,,,,,,,,,,,
,,,,,,,,,,,,,,,,,,,
,,,,,,,,,,,,,,,,,,,
,,,,,,,,,,,,,,,,,,,
,,,,,,,,,,,,,,,,,,,
,,,,,,,,,,,,,,,,,,,
,,,,,,,,,,,,,,,,,,,
,,,,,,,,,,,,,,,,,,,
,,,,,,,,,,,,,,,,,,,
,,,,,,,,,,,,,,,,,,,
,,,,,,,,,,,,,,,,,,,
,,,,,,,,,,,,,,,,,,,
,,,,,,,,,,,,,,,,,,,
,,,,,,,,,,,,,,,,,,,
,,,,,,,,,,,,,,,,,,,
,,,,,,,,,,,,,,,,,,,
,,,,,,,,,,,,,,,,,,,
,,,,,,,,,,,,,,,,,,,
,,,,,,,,,,,,,,,,,,,
,,,,,,,,,,,,,,,,,,,
,,,,,,,,,,,,,,,,,,,
,,,,,,,,,,,,,,,,,,,
,,,,,,,,,,,,,,,,,,,
,,,,,,,,,,,,,,,,,,,
,,,,,,,,,,,,,,,,,,,
,,,,,,,,,,,,,,,,,,,
,,,,,,,,,,,,,,,,,,,
,,,,,,,,,,,,,,,,,,,
,,,,,,,,,,,,,,,,,,,
,,,,,,,,,,,,,,,,,,,
,,,,,,,,,,,,,,,,,,,
,,,,,,,,,,,,,,,,,,,
,,,,,,,,,,,,,,,,,,,
,,,,,,,,,,,,,,,,,,,
,,,,,,,,,,,,,,,,,,,
,,,,,,,,,,,,,,,,,,,
,,,,,,,,,,,,,,,,,,,
,,,,,,,,,,,,,,,,,,,
,,,,,,,,,,,,,,,,,,,
,,,,,,,,,,,,,,,,,,,
,,,,,,,,,,,,,,,,,,,
,,,,,,,,,,,,,,,,,,,
,,,,,,,,,,,,,,,,,,,
,,,,,,,,,,,,,,,,,,,
,,,,,,,,,,,,,,,,,,,
,,,,,,,,,,,,,,,,,,,
,,,,,,,,,,,,,,,,,,,
,,,,,,,,,,,,,,,,,,,
,,,,,,,,,,,,,,,,,,,
,,,,,,,,,,,,,,,,,,,
,,,,,,,,,,,,,,,,,,,
,,,,,,,,,,,,,,,,,,,
,,,,,,,,,,,,,,,,,,,
,,,,,,,,,,,,,,,,,,,
,,,,,,,,,,,,,,,,,,,
,,,,,,,,,,,,,,,,,,,
,,,,,,,,,,,,,,,,,,,
,,,,,,,,,,,,,,,,,,,
,,,,,,,,,,,,,,,,,,,
,,,,,,,,,,,,,,,,,,,
,,,,,,,,,,,,,,,,,,,
,,,,,,,,,,,,,,,,,,,
,,,,,,,,,,,,,,,,,,,
,,,,,,,,,,,,,,,,,,,
,,,,,,,,,,,,,,,,,,,
,,,,,,,,,,,,,,,,,,,
,,,,,,,,,,,,,,,,,,,
,,,,,,,,,,,,,,,,,,,
,,,,,,,,,,,,,,,,,,,
,,,,,,,,,,,,,,,,,,,
,,,,,,,,,,,,,,,,,,,
,,,,,,,,,,,,,,,,,,,
,,,,,,,,,,,,,,,,,,,
,,,,,,,,,,,,,,,,,,,
,,,,,,,,,,,,,,,,,,,
,,,,,,,,,,,,,,,,,,,
,,,,,,,,,,,,,,,,,,,
,,,,,,,,,,,,,,,,,,,
,,,,,,,,,,,,,,,,,,,
,,,,,,,,,,,,,,,,,,,
,,,,,,,,,,,,,,,,,,,
,,,,,,,,,,,,,,,,,,,
,,,,,,,,,,,,,,,,,,,
,,,,,,,,,,,,,,,,,,,
,,,,,,,,,,,,,,,,,,,
,,,,,,,,,,,,,,,,,,,
,,,,,,,,,,,,,,,,,,,
,,,,,,,,,,,,,,,,,,,
,,,,,,,,,,,,,,,,,,,
,,,,,,,,,,,,,,,,,,,
,,,,,,,,,,,,,,,,,,,
,,,,,,,,,,,,,,,,,,,
,,,,,,,,,,,,,,,,,,,
,,,,,,,,,,,,,,,,,,,
,,,,,,,,,,,,,,,,,,,
,,,,,,,,,,,,,,,,,,,
,,,,,,,,,,,,,,,,,,,
,,,,,,,,,,,,,,,,,,,
,,,,,,,,,,,,,,,,,,,
,,,,,,,,,,,,,,,,,,,
,,,,,,,,,,,,,,,,,,,
,,,,,,,,,,,,,,,,,,,
,,,,,,,,,,,,,,,,,,,
,,,,,,,,,,,,,,,,,,,
,,,,,,,,,,,,,,,,,,,
,,,,,,,,,,,,,,,,,,,
,,,,,,,,,,,,,,,,,,,
,,,,,,,,,,,,,,,,,,,
,,,,,,,,,,,,,,,,,,,
,,,,,,,,,,,,,,,,,,,
,,,,,,,,,,,,,,,,,,,
,,,,,,,,,,,,,,,,,,,
,,,,,,,,,,,,,,,,,,,
,,,,,,,,,,,,,,,,,,,
,,,,,,,,,,,,,,,,,,,
,,,,,,,,,,,,,,,,,,,
,,,,,,,,,,,,,,,,,,,
,,,,,,,,,,,,,,,,,,,
,,,,,,,,,,,,,,,,,,,
,,,,,,,,,,,,,,,,,,,
,,,,,,,,,,,,,,,,,,,
,,,,,,,,,,,,,,,,,,,
,,,,,,,,,,,,,,,,,,,
,,,,,,,,,,,,,,,,,,,
,,,,,,,,,,,,,,,,,,,
,,,,,,,,,,,,,,,,,,,
,,,,,,,,,,,,,,,,,,,
,,,,,,,,,,,,,,,,,,,
,,,,,,,,,,,,,,,,,,,
,,,,,,,,,,,,,,,,,,,
,,,,,,,,,,,,,,,,,,,
,,,,,,,,,,,,,,,,,,,
,,,,,,,,,,,,,,,,,,,
,,,,,,,,,,,,,,,,,,,
,,,,,,,,,,,,,,,,,,,
,,,,,,,,,,,,,,,,,,,
,,,,,,,,,,,,,,,,,,,
,,,,,,,,,,,,,,,,,,,
,,,,,,,,,,,,,,,,,,,
,,,,,,,,,,,,,,,,,,,
,,,,,,,,,,,,,,,,,,,
,,,,,,,,,,,,,,,,,,,
,,,,,,,,,,,,,,,,,,,
,,,,,,,,,,,,,,,,,,,
,,,,,,,,,,,,,,,,,,,
,,,,,,,,,,,,,,,,,,,
,,,,,,,,,,,,,,,,,,,
,,,,,,,,,,,,,,,,,,,
,,,,,,,,,,,,,,,,,,,
,,,,,,,,,,,,,,,,,,,
,,,,,,,,,,,,,,,,,,,
,,,,,,,,,,,,,,,,,,,
,,,,,,,,,,,,,,,,,,,
,,,,,,,,,,,,,,,,,,,
,,,,,,,,,,,,,,,,,,,
,,,,,,,,,,,,,,,,,,,
,,,,,,,,,,,,,,,,,,,
,,,,,,,,,,,,,,,,,,,
,,,,,,,,,,,,,,,,,,,
,,,,,,,,,,,,,,,,,,,
,,,,,,,,,,,,,,,,,,,
,,,,,,,,,,,,,,,,,,,
,,,,,,,,,,,,,,,,,,,
,,,,,,,,,,,,,,,,,,,
,,,,,,,,,,,,,,,,,,,
,,,,,,,,,,,,,,,,,,,
,,,,,,,,,,,,,,,,,,,
,,,,,,,,,,,,,,,,,,,
,,,,,,,,,,,,,,,,,,,
,,,,,,,,,,,,,,,,,,,
,,,,,,,,,,,,,,,,,,,
,,,,,,,,,,,,,,,,,,,
,,,,,,,,,,,,,,,,,,,
,,,,,,,,,,,,,,,,,,,
,,,,,,,,,,,,,,,,,,,
,,,,,,,,,,,,,,,,,,,
,,,,,,,,,,,,,,,,,,,
,,,,,,,,,,,,,,,,,,,
,,,,,,,,,,,,,,,,,,,
,,,,,,,,,,,,,,,,,,,
,,,,,,,,,,,,,,,,,,,
,,,,,,,,,,,,,,,,,,,
,,,,,,,,,,,,,,,,,,,
,,,,,,,,,,,,,,,,,,,
,,,,,,,,,,,,,,,,,,,
,,,,,,,,,,,,,,,,,,,
,,,,,,,,,,,,,,,,,,,
,,,,,,,,,,,,,,,,,,,
,,,,,,,,,,,,,,,,,,,
,,,,,,,,,,,,,,,,,,,
,,,,,,,,,,,,,,,,,,,
,,,,,,,,,,,,,,,,,,,
,,,,,,,,,,,,,,,,,,,
,,,,,,,,,,,,,,,,,,,
,,,,,,,,,,,,,,,,,,,
,,,,,,,,,,,,,,,,,,,
,,,,,,,,,,,,,,,,,,,
,,,,,,,,,,,,,,,,,,,
,,,,,,,,,,,,,,,,,,,
,,,,,,,,,,,,,,,,,,,
,,,,,,,,,,,,,,,,,,,
,,,,,,,,,,,,,,,,,,,
,,,,,,,,,,,,,,,,,,,
,,,,,,,,,,,,,,,,,,,
,,,,,,,,,,,,,,,,,,,
,,,,,,,,,,,,,,,,,,,
,,,,,,,,,,,,,,,,,,,
,,,,,,,,,,,,,,,,,,,
,,,,,,,,,,,,,,,,,,,
,,,,,,,,,,,,,,,,,,,
,,,,,,,,,,,,,,,,,,,
,,,,,,,,,,,,,,,,,,,
,,,,,,,,,,,,,,,,,,,
,,,,,,,,,,,,,,,,,,,
,,,,,,,,,,,,,,,,,,,
,,,,,,,,,,,,,,,,,,,
,,,,,,,,,,,,,,,,,,,
,,,,,,,,,,,,,,,,,,,
,,,,,,,,,,,,,,,,,,,
,,,,,,,,,,,,,,,,,,,
,,,,,,,,,,,,,,,,,,,
,,,,,,,,,,,,,,,,,,,
,,,,,,,,,,,,,,,,,,,
,,,,,,,,,,,,,,,,,,,
,,,,,,,,,,,,,,,,,,,
,,,,,,,,,,,,,,,,,,,
,,,,,,,,,,,,,,,,,,,
,,,,,,,,,,,,,,,,,,,
,,,,,,,,,,,,,,,,,,,
,,,,,,,,,,,,,,,,,,,
,,,,,,,,,,,,,,,,,,,
,,,,,,,,,,,,,,,,,,,
,,,,,,,,,,,,,,,,,,,
,,,,,,,,,,,,,,,,,,,
,,,,,,,,,,,,,,,,,,,
,,,,,,,,,,,,,,,,,,,
,,,,,,,,,,,,,,,,,,,
,,,,,,,,,,,,,,,,,,,
,,,,,,,,,,,,,,,,,,,
,,,,,,,,,,,,,,,,,,,
,,,,,,,,,,,,,,,,,,,
,,,,,,,,,,,,,,,,,,,
,,,,,,,,,,,,,,,,,,,
,,,,,,,,,,,,,,,,,,,
,,,,,,,,,,,,,,,,,,,
,,,,,,,,,,,,,,,,,,,
,,,,,,,,,,,,,,,,,,,
,,,,,,,,,,,,,,,,,,,
,,,,,,,,,,,,,,,,,,,
,,,,,,,,,,,,,,,,,,,
,,,,,,,,,,,,,,,,,,,
,,,,,,,,,,,,,,,,,,,
,,,,,,,,,,,,,,,,,,,
,,,,,,,,,,,,,,,,,,,
,,,,,,,,,,,,,,,,,,,
,,,,,,,,,,,,,,,,,,,
,,,,,,,,,,,,,,,,,,,
,,,,,,,,,,,,,,,,,,,
,,,,,,,,,,,,,,,,,,,
,,,,,,,,,,,,,,,,,,,
,,,,,,,,,,,,,,,,,,,
,,,,,,,,,,,,,,,,,,,
,,,,,,,,,,,,,,,,,,,
,,,,,,,,,,,,,,,,,,,
,,,,,,,,,,,,,,,,,,,
,,,,,,,,,,,,,,,,,,,
,,,,,,,,,,,,,,,,,,,
,,,,,,,,,,,,,,,,,,,
,,,,,,,,,,,,,,,,,,,
,,,,,,,,,,,,,,,,,,,
,,,,,,,,,,,,,,,,,,,
,,,,,,,,,,,,,,,,,,,
,,,,,,,,,,,,,,,,,,,
,,,,,,,,,,,,,,,,,,,
,,,,,,,,,,,,,,,,,,,
,,,,,,,,,,,,,,,,,,,
,,,,,,,,,,,,,,,,,,,
,,,,,,,,,,,,,,,,,,,
,,,,,,,,,,,,,,,,,,,
,,,,,,,,,,,,,,,,,,,
,,,,,,,,,,,,,,,,,,,
,,,,,,,,,,,,,,,,,,,
,,,,,,,,,,,,,,,,,,,
,,,,,,,,,,,,,,,,,,,
,,,,,,,,,,,,,,,,,,,
,,,,,,,,,,,,,,,,,,,
,,,,,,,,,,,,,,,,,,,
,,,,,,,,,,,,,,,,,,,
,,,,,,,,,,,,,,,,,,,
,,,,,,,,,,,,,,,,,,,
,,,,,,,,,,,,,,,,,,,
,,,,,,,,,,,,,,,,,,,
,,,,,,,,,,,,,,,,,,,
,,,,,,,,,,,,,,,,,,,
,,,,,,,,,,,,,,,,,,,
,,,,,,,,,,,,,,,,,,,
,,,,,,,,,,,,,,,,,,,
,,,,,,,,,,,,,,,,,,,
,,,,,,,,,,,,,,,,,,,
,,,,,,,,,,,,,,,,,,,
,,,,,,,,,,,,,,,,,,,
,,,,,,,,,,,,,,,,,,,
,,,,,,,,,,,,,,,,,,,
,,,,,,,,,,,,,,,,,,,
,,,,,,,,,,,,,,,,,,,
,,,,,,,,,,,,,,,,,,,
,,,,,,,,,,,,,,,,,,,
,,,,,,,,,,,,,,,,,,,
,,,,,,,,,,,,,,,,,,,
,,,,,,,,,,,,,,,,,,,
,,,,,,,,,,,,,,,,,,,
,,,,,,,,,,,,,,,,,,,
,,,,,,,,,,,,,,,,,,,
,,,,,,,,,,,,,,,,,,,
,,,,,,,,,,,,,,,,,,,
,,,,,,,,,,,,,,,,,,,
,,,,,,,,,,,,,,,,,,,
,,,,,,,,,,,,,,,,,,,
,,,,,,,,,,,,,,,,,,,
,,,,,,,,,,,,,,,,,,,
,,,,,,,,,,,,,,,,,,,
,,,,,,,,,,,,,,,,,,,
,,,,,,,,,,,,,,,,,,,
,,,,,,,,,,,,,,,,,,,
,,,,,,,,,,,,,,,,,,,
,,,,,,,,,,,,,,,,,,,
,,,,,,,,,,,,,,,,,,,
,,,,,,,,,,,,,,,,,,,
,,,,,,,,,,,,,,,,,,,
,,,,,,,,,,,,,,,,,,,
,,,,,,,,,,,,,,,,,,,
,,,,,,,,,,,,,,,,,,,
,,,,,,,,,,,,,,,,,,,
,,,,,,,,,,,,,,,,,,,
,,,,,,,,,,,,,,,,,,,
,,,,,,,,,,,,,,,,,,,
,,,,,,,,,,,,,,,,,,,
,,,,,,,,,,,,,,,,,,,
,,,,,,,,,,,,,,,,,,,
,,,,,,,,,,,,,,,,,,,
,,,,,,,,,,,,,,,,,,,
,,,,,,,,,,,,,,,,,,,
,,,,,,,,,,,,,,,,,,,
,,,,,,,,,,,,,,,,,,,
,,,,,,,,,,,,,,,,,,,
,,,,,,,,,,,,,,,,,,,
,,,,,,,,,,,,,,,,,,,
,,,,,,,,,,,,,,,,,,,
,,,,,,,,,,,,,,,,,,,
,,,,,,,,,,,,,,,,,,,
,,,,,,,,,,,,,,,,,,,
,,,,,,,,,,,,,,,,,,,
,,,,,,,,,,,,,,,,,,,
,,,,,,,,,,,,,,,,,,,
,,,,,,,,,,,,,,,,,,,
,,,,,,,,,,,,,,,,,,,
,,,,,,,,,,,,,,,,,,,
,,,,,,,,,,,,,,,,,,,
,,,,,,,,,,,,,,,,,,,
,,,,,,,,,,,,,,,,,,,
,,,,,,,,,,,,,,,,,,,
,,,,,,,,,,,,,,,,,,,
,,,,,,,,,,,,,,,,,,,
,,,,,,,,,,,,,,,,,,,
,,,,,,,,,,,,,,,,,,,
,,,,,,,,,,,,,,,,,,,
,,,,,,,,,,,,,,,,,,,
,,,,,,,,,,,,,,,,,,,
,,,,,,,,,,,,,,,,,,,
,,,,,,,,,,,,,,,,,,,
,,,,,,,,,,,,,,,,,,,
,,,,,,,,,,,,,,,,,,,
,,,,,,,,,,,,,,,,,,,
,,,,,,,,,,,,,,,,,,,
,,,,,,,,,,,,,,,,,,,
,,,,,,,,,,,,,,,,,,,
,,,,,,,,,,,,,,,,,,,
,,,,,,,,,,,,,,,,,,,
,,,,,,,,,,,,,,,,,,,
,,,,,,,,,,,,,,,,,,,
,,,,,,,,,,,,,,,,,,,
,,,,,,,,,,,,,,,,,,,
,,,,,,,,,,,,,,,,,,,
,,,,,,,,,,,,,,,,,,,
,,,,,,,,,,,,,,,,,,,
,,,,,,,,,,,,,,,,,,,
,,,,,,,,,,,,,,,,,,,
,,,,,,,,,,,,,,,,,,,
,,,,,,,,,,,,,,,,,,,
,,,,,,,,,,,,,,,,,,,
,,,,,,,,,,,,,,,,,,,
,,,,,,,,,,,,,,,,,,,
,,,,,,,,,,,,,,,,,,,
,,,,,,,,,,,,,,,,,,,
,,,,,,,,,,,,,,,,,,,
,,,,,,,,,,,,,,,,,,,
,,,,,,,,,,,,,,,,,,,
,,,,,,,,,,,,,,,,,,,
,,,,,,,,,,,,,,,,,,,
,,,,,,,,,,,,,,,,,,,
,,,,,,,,,,,,,,,,,,,
,,,,,,,,,,,,,,,,,,,
,,,,,,,,,,,,,,,,,,,
,,,,,,,,,,,,,,,,,,,
,,,,,,,,,,,,,,,,,,,
,,,,,,,,,,,,,,,,,,,
,,,,,,,,,,,,,,,,,,,
,,,,,,,,,,,,,,,,,,,
,,,,,,,,,,,,,,,,,,,
,,,,,,,,,,,,,,,,,,,
,,,,,,,,,,,,,,,,,,,
,,,,,,,,,,,,,,,,,,,
,,,,,,,,,,,,,,,,,,,
,,,,,,,,,,,,,,,,,,,
,,,,,,,,,,,,,,,,,,,
,,,,,,,,,,,,,,,,,,,
,,,,,,,,,,,,,,,,,,,
,,,,,,,,,,,,,,,,,,,
,,,,,,,,,,,,,,,,,,,
,,,,,,,,,,,,,,,,,,,
,,,,,,,,,,,,,,,,,,,
,,,,,,,,,,,,,,,,,,,
,,,,,,,,,,,,,,,,,,,
,,,,,,,,,,,,,,,,,,,
,,,,,,,,,,,,,,,,,,,
,,,,,,,,,,,,,,,,,,,
,,,,,,,,,,,,,,,,,,,
,,,,,,,,,,,,,,,,,,,
,,,,,,,,,,,,,,,,,,,
,,,,,,,,,,,,,,,,,,,
,,,,,,,,,,,,,,,,,,,
,,,,,,,,,,,,,,,,,,,
,,,,,,,,,,,,,,,,,,,
,,,,,,,,,,,,,,,,,,,
,,,,,,,,,,,,,,,,,,,
,,,,,,,,,,,,,,,,,,,
,,,,,,,,,,,,,,,,,,,
,,,,,,,,,,,,,,,,,,,
,,,,,,,,,,,,,,,,,,,
,,,,,,,,,,,,,,,,,,,
,,,,,,,,,,,,,,,,,,,
,,,,,,,,,,,,,,,,,,,
,,,,,,,,,,,,,,,,,,,
,,,,,,,,,,,,,,,,,,,
,,,,,,,,,,,,,,,,,,,
,,,,,,,,,,,,,,,,,,,
,,,,,,,,,,,,,,,,,,,
,,,,,,,,,,,,,,,,,,,
,,,,,,,,,,,,,,,,,,,
,,,,,,,,,,,,,,,,,,,
,,,,,,,,,,,,,,,,,,,
,,,,,,,,,,,,,,,,,,,
,,,,,,,,,,,,,,,,,,,
,,,,,,,,,,,,,,,,,,,
,,,,,,,,,,,,,,,,,,,
,,,,,,,,,,,,,,,,,,,
,,,,,,,,,,,,,,,,,,,
,,,,,,,,,,,,,,,,,,,
,,,,,,,,,,,,,,,,,,,
,,,,,,,,,,,,,,,,,,,
,,,,,,,,,,,,,,,,,,,
,,,,,,,,,,,,,,,,,,,
,,,,,,,,,,,,,,,,,,,
,,,,,,,,,,,,,,,,,,,
,,,,,,,,,,,,,,,,,,,
,,,,,,,,,,,,,,,,,,,
,,,,,,,,,,,,,,,,,,,
,,,,,,,,,,,,,,,,,,,
,,,,,,,,,,,,,,,,,,,
,,,,,,,,,,,,,,,,,,,
,,,,,,,,,,,,,,,,,,,
,,,,,,,,,,,,,,,,,,,
,,,,,,,,,,,,,,,,,,,
,,,,,,,,,,,,,,,,,,,
,,,,,,,,,,,,,,,,,,,
,,,,,,,,,,,,,,,,,,,
,,,,,,,,,,,,,,,,,,,
,,,,,,,,,,,,,,,,,,,
,,,,,,,,,,,,,,,,,,,
,,,,,,,,,,,,,,,,,,,
,,,,,,,,,,,,,,,,,,,
,,,,,,,,,,,,,,,,,,,
,,,,,,,,,,,,,,,,,,,
,,,,,,,,,,,,,,,,,,,
,,,,,,,,,,,,,,,,,,,
,,,,,,,,,,,,,,,,,,,
,,,,,,,,,,,,,,,,,,,
,,,,,,,,,,,,,,,,,,,
,,,,,,,,,,,,,,,,,,,
,,,,,,,,,,,,,,,,,,,
,,,,,,,,,,,,,,,,,,,
,,,,,,,,,,,,,,,,,,,
,,,,,,,,,,,,,,,,,,,
,,,,,,,,,,,,,,,,,,,
,,,,,,,,,,,,,,,,,,,
,,,,,,,,,,,,,,,,,,,
,,,,,,,,,,,,,,,,,,,
,,,,,,,,,,,,,,,,,,,
,,,,,,,,,,,,,,,,,,,
,,,,,,,,,,,,,,,,,,,
,,,,,,,,,,,,,,,,,,,
,,,,,,,,,,,,,,,,,,,
,,,,,,,,,,,,,,,,,,,
,,,,,,,,,,,,,,,,,,,
,,,,,,,,,,,,,,,,,,,
,,,,,,,,,,,,,,,,,,,
,,,,,,,,,,,,,,,,,,,
,,,,,,,,,,,,,,,,,,,
,,,,,,,,,,,,,,,,,,,
,,,,,,,,,,,,,,,,,,,
,,,,,,,,,,,,,,,,,,,
,,,,,,,,,,,,,,,,,,,
,,,,,,,,,,,,,,,,,,,
,,,,,,,,,,,,,,,,,,,
,,,,,,,,,,,,,,,,,,,
,,,,,,,,,,,,,,,,,,,
,,,,,,,,,,,,,,,,,,,
,,,,,,,,,,,,,,,,,,,
,,,,,,,,,,,,,,,,,,,
,,,,,,,,,,,,,,,,,,,
,,,,,,,,,,,,,,,,,,,
,,,,,,,,,,,,,,,,,,,
,,,,,,,,,,,,,,,,,,,
,,,,,,,,,,,,,,,,,,,
,,,,,,,,,,,,,,,,,,,
,,,,,,,,,,,,,,,,,,,
,,,,,,,,,,,,,,,,,,,
,,,,,,,,,,,,,,,,,,,
,,,,,,,,,,,,,,,,,,,
,,,,,,,,,,,,,,,,,,,
,,,,,,,,,,,,,,,,,,,
,,,,,,,,,,,,,,,,,,,
,,,,,,,,,,,,,,,,,,,
,,,,,,,,,,,,,,,,,,,
,,,,,,,,,,,,,,,,,,,
,,,,,,,,,,,,,,,,,,,
,,,,,,,,,,,,,,,,,,,
,,,,,,,,,,,,,,,,,,,
,,,,,,,,,,,,,,,,,,,
,,,,,,,,,,,,,,,,,,,
,,,,,,,,,,,,,,,,,,,
,,,,,,,,,,,,,,,,,,,
,,,,,,,,,,,,,,,,,,,
,,,,,,,,,,,,,,,,,,,
,,,,,,,,,,,,,,,,,,,
,,,,,,,,,,,,,,,,,,,
,,,,,,,,,,,,,,,,,,,
,,,,,,,,,,,,,,,,,,,
,,,,,,,,,,,,,,,,,,,
,,,,,,,,,,,,,,,,,,,
,,,,,,,,,,,,,,,,,,,
,,,,,,,,,,,,,,,,,,,
,,,,,,,,,,,,,,,,,,,
,,,,,,,,,,,,,,,,,,,
,,,,,,,,,,,,,,,,,,,
,,,,,,,,,,,,,,,,,,,
,,,,,,,,,,,,,,,,,,,
,,,,,,,,,,,,,,,,,,,
,,,,,,,,,,,,,,,,,,,
,,,,,,,,,,,,,,,,,,,
,,,,,,,,,,,,,,,,,,,
,,,,,,,,,,,,,,,,,,,
,,,,,,,,,,,,,,,,,,,
,,,,,,,,,,,,,,,,,,,
,,,,,,,,,,,,,,,,,,,
,,,,,,,,,,,,,,,,,,,
,,,,,,,,,,,,,,,,,,,
,,,,,,,,,,,,,,,,,,,
,,,,,,,,,,,,,,,,,,,
,,,,,,,,,,,,,,,,,,,
,,,,,,,,,,,,,,,,,,,
,,,,,,,,,,,,,,,,,,,
,,,,,,,,,,,,,,,,,,,
,,,,,,,,,,,,,,,,,,,
,,,,,,,,,,,,,,,,,,,
,,,,,,,,,,,,,,,,,,,
,,,,,,,,,,,,,,,,,,,
,,,,,,,,,,,,,,,,,,,
,,,,,,,,,,,,,,,,,,,
,,,,,,,,,,,,,,,,,,,
,,,,,,,,,,,,,,,,,,,
,,,,,,,,,,,,,,,,,,,
,,,,,,,,,,,,,,,,,,,
,,,,,,,,,,,,,,,,,,,
,,,,,,,,,,,,,,,,,,,
,,,,,,,,,,,,,,,,,,,
,,,,,,,,,,,,,,,,,,,
,,,,,,,,,,,,,,,,,,,
,,,,,,,,,,,,,,,,,,,
,,,,,,,,,,,,,,,,,,,
,,,,,,,,,,,,,,,,,,,
,,,,,,,,,,,,,,,,,,,
,,,,,,,,,,,,,,,,,,,
,,,,,,,,,,,,,,,,,,,
,,,,,,,,,,,,,,,,,,,
,,,,,,,,,,,,,,,,,,,
,,,,,,,,,,,,,,,,,,,
,,,,,,,,,,,,,,,,,,,
,,,,,,,,,,,,,,,,,,,
,,,,,,,,,,,,,,,,,,,
,,,,,,,,,,,,,,,,,,,
,,,,,,,,,,,,,,,,,,,
,,,,,,,,,,,,,,,,,,,
,,,,,,,,,,,,,,,,,,,
,,,,,,,,,,,,,,,,,,,
,,,,,,,,,,,,,,,,,,,
,,,,,,,,,,,,,,,,,,,
,,,,,,,,,,,,,,,,,,,
,,,,,,,,,,,,,,,,,,,
,,,,,,,,,,,,,,,,,,,
,,,,,,,,,,,,,,,,,,,
,,,,,,,,,,,,,,,,,,,
,,,,,,,,,,,,,,,,,,,
,,,,,,,,,,,,,,,,,,,
,,,,,,,,,,,,,,,,,,,
,,,,,,,,,,,,,,,,,,,
,,,,,,,,,,,,,,,,,,,
,,,,,,,,,,,,,,,,,,,
,,,,,,,,,,,,,,,,,,,
,,,,,,,,,,,,,,,,,,,
,,,,,,,,,,,,,,,,,,,
,,,,,,,,,,,,,,,,,,,
,,,,,,,,,,,,,,,,,,,
,,,,,,,,,,,,,,,,,,,
,,,,,,,,,,,,,,,,,,,
,,,,,,,,,,,,,,,,,,,
,,,,,,,,,,,,,,,,,,,
,,,,,,,,,,,,,,,,,,,
,,,,,,,,,,,,,,,,,,,
,,,,,,,,,,,,,,,,,,,
,,,,,,,,,,,,,,,,,,,
,,,,,,,,,,,,,,,,,,,
,,,,,,,,,,,,,,,,,,,
,,,,,,,,,,,,,,,,,,,
,,,,,,,,,,,,,,,,,,,
,,,,,,,,,,,,,,,,,,,
,,,,,,,,,,,,,,,,,,,
,,,,,,,,,,,,,,,,,,,
,,,,,,,,,,,,,,,,,,,
,,,,,,,,,,,,,,,,,,,
,,,,,,,,,,,,,,,,,,,
,,,,,,,,,,,,,,,,,,,
,,,,,,,,,,,,,,,,,,,
,,,,,,,,,,,,,,,,,,,
,,,,,,,,,,,,,,,,,,,
,,,,,,,,,,,,,,,,,,,
,,,,,,,,,,,,,,,,,,,
,,,,,,,,,,,,,,,,,,,
,,,,,,,,,,,,,,,,,,,
,,,,,,,,,,,,,,,,,,,
,,,,,,,,,,,,,,,,,,,
,,,,,,,,,,,,,,,,,,,
,,,,,,,,,,,,,,,,,,,
,,,,,,,,,,,,,,,,,,,
,,,,,,,,,,,,,,,,,,,
,,,,,,,,,,,,,,,,,,,
,,,,,,,,,,,,,,,,,,,
,,,,,,,,,,,,,,,,,,,
,,,,,,,,,,,,,,,,,,,
,,,,,,,,,,,,,,,,,,,
,,,,,,,,,,,,,,,,,,,
,,,,,,,,,,,,,,,,,,,
,,,,,,,,,,,,,,,,,,,
,,,,,,,,,,,,,,,,,,,
,,,,,,,,,,,,,,,,,,,
,,,,,,,,,,,,,,,,,,,
,,,,,,,,,,,,,,,,,,,
,,,,,,,,,,,,,,,,,,,
,,,,,,,,,,,,,,,,,,,
,,,,,,,,,,,,,,,,,,,
,,,,,,,,,,,,,,,,,,,
,,,,,,,,,,,,,,,,,,,
,,,,,,,,,,,,,,,,,,,
,,,,,,,,,,,,,,,,,,,
,,,,,,,,,,,,,,,,,,,
,,,,,,,,,,,,,,,,,,,
,,,,,,,,,,,,,,,,,,,
,,,,,,,,,,,,,,,,,,,
,,,,,,,,,,,,,,,,,,,
,,,,,,,,,,,,,,,,,,,
,,,,,,,,,,,,,,,,,,,
,,,,,,,,,,,,,,,,,,,
,,,,,,,,,,,,,,,,,,,
,,,,,,,,,,,,,,,,,,,
,,,,,,,,,,,,,,,,,,,
,,,,,,,,,,,,,,,,,,,
,,,,,,,,,,,,,,,,,,,
,,,,,,,,,,,,,,,,,,,
,,,,,,,,,,,,,,,,,,,
,,,,,,,,,,,,,,,,,,,
,,,,,,,,,,,,,,,,,,,
,,,,,,,,,,,,,,,,,,,
,,,,,,,,,,,,,,,,,,,
,,,,,,,,,,,,,,,,,,,
,,,,,,,,,,,,,,,,,,,
,,,,,,,,,,,,,,,,,,,
,,,,,,,,,,,,,,,,,,,
,,,,,,,,,,,,,,,,,,,
,,,,,,,,,,,,,,,,,,,
,,,,,,,,,,,,,,,,,,,
,,,,,,,,,,,,,,,,,,,
,,,,,,,,,,,,,,,,,,,
,,,,,,,,,,,,,,,,,,,
,,,,,,,,,,,,,,,,,,,
,,,,,,,,,,,,,,,,,,,
,,,,,,,,,,,,,,,,,,,
,,,,,,,,,,,,,,,,,,,
,,,,,,,,,,,,,,,,,,,
,,,,,,,,,,,,,,,,,,,
,,,,,,,,,,,,,,,,,,,
,,,,,,,,,,,,,,,,,,,
,,,,,,,,,,,,,,,,,,,
,,,,,,,,,,,,,,,,,,,
,,,,,,,,,,,,,,,,,,,
,,,,,,,,,,,,,,,,,,,
,,,,,,,,,,,,,,,,,,,
,,,,,,,,,,,,,,,,,,,
,,,,,,,,,,,,,,,,,,,
,,,,,,,,,,,,,,,,,,,
,,,,,,,,,,,,,,,,,,,
,,,,,,,,,,,,,,,,,,,
,,,,,,,,,,,,,,,,,,,
,,,,,,,,,,,,,,,,,,,
,,,,,,,,,,,,,,,,,,,
,,,,,,,,,,,,,,,,,,,
,,,,,,,,,,,,,,,,,,,
,,,,,,,,,,,,,,,,,,,
,,,,,,,,,,,,,,,,,,,
,,,,,,,,,,,,,,,,,,,
,,,,,,,,,,,,,,,,,,,
,,,,,,,,,,,,,,,,,,,
,,,,,,,,,,,,,,,,,,,
,,,,,,,,,,,,,,,,,,,
,,,,,,,,,,,,,,,,,,,
,,,,,,,,,,,,,,,,,,,
,,,,,,,,,,,,,,,,,,,
,,,,,,,,,,,,,,,,,,,
,,,,,,,,,,,,,,,,,,,
,,,,,,,,,,,,,,,,,,,
,,,,,,,,,,,,,,,,,,,
,,,,,,,,,,,,,,,,,,,
,,,,,,,,,,,,,,,,,,,
,,,,,,,,,,,,,,,,,,,
,,,,,,,,,,,,,,,,,,,
,,,,,,,,,,,,,,,,,,,
,,,,,,,,,,,,,,,,,,,
,,,,,,,,,,,,,,,,,,,
,,,,,,,,,,,,,,,,,,,
,,,,,,,,,,,,,,,,,,,
,,,,,,,,,,,,,,,,,,,
,,,,,,,,,,,,,,,,,,,
,,,,,,,,,,,,,,,,,,,
,,,,,,,,,,,,,,,,,,,
,,,,,,,,,,,,,,,,,,,
,,,,,,,,,,,,,,,,,,,
,,,,,,,,,,,,,,,,,,,
,,,,,,,,,,,,,,,,,,,
,,,,,,,,,,,,,,,,,,,
,,,,,,,,,,,,,,,,,,,
,,,,,,,,,,,,,,,,,,,
,,,,,,,,,,,,,,,,,,,
,,,,,,,,,,,,,,,,,,,
,,,,,,,,,,,,,,,,,,,
,,,,,,,,,,,,,,,,,,,
,,,,,,,,,,,,,,,,,,,
,,,,,,,,,,,,,,,,,,,
,,,,,,,,,,,,,,,,,,,
,,,,,,,,,,,,,,,,,,,
,,,,,,,,,,,,,,,,,,,
,,,,,,,,,,,,,,,,,,,
,,,,,,,,,,,,,,,,,,,
,,,,,,,,,,,,,,,,,,,
,,,,,,,,,,,,,,,,,,,
,,,,,,,,,,,,,,,,,,,
,,,,,,,,,,,,,,,,,,,
,,,,,,,,,,,,,,,,,,,
,,,,,,,,,,,,,,,,,,,
,,,,,,,,,,,,,,,,,,,
,,,,,,,,,,,,,,,,,,,
,,,,,,,,,,,,,,,,,,,
,,,,,,,,,,,,,,,,,,,
,,,,,,,,,,,,,,,,,,,
,,,,,,,,,,,,,,,,,,,
,,,,,,,,,,,,,,,,,,,
,,,,,,,,,,,,,,,,,,,
,,,,,,,,,,,,,,,,,,,
,,,,,,,,,,,,,,,,,,,
,,,,,,,,,,,,,,,,,,,
,,,,,,,,,,,,,,,,,,,
,,,,,,,,,,,,,,,,,,,
,,,,,,,,,,,,,,,,,,,
,,,,,,,,,,,,,,,,,,,
,,,,,,,,,,,,,,,,,,,
,,,,,,,,,,,,,,,,,,,
,,,,,,,,,,,,,,,,,,,
,,,,,,,,,,,,,,,,,,,
,,,,,,,,,,,,,,,,,,,
,,,,,,,,,,,,,,,,,,,
,,,,,,,,,,,,,,,,,,,
,,,,,,,,,,,,,,,,,,,
,,,,,,,,,,,,,,,,,,,
,,,,,,,,,,,,,,,,,,,
,,,,,,,,,,,,,,,,,,,
,,,,,,,,,,,,,,,,,,,
,,,,,,,,,,,,,,,,,,,
,,,,,,,,,,,,,,,,,,,
,,,,,,,,,,,,,,,,,,,
,,,,,,,,,,,,,,,,,,,
,,,,,,,,,,,,,,,,,,,
,,,,,,,,,,,,,,,,,,,
,,,,,,,,,,,,,,,,,,,
,,,,,,,,,,,,,,,,,,,
,,,,,,,,,,,,,,,,,,,
,,,,,,,,,,,,,,,,,,,
,,,,,,,,,,,,,,,,,,,
,,,,,,,,,,,,,,,,,,,
,,,,,,,,,,,,,,,,,,,
,,,,,,,,,,,,,,,,,,,
,,,,,,,,,,,,,,,,,,,
,,,,,,,,,,,,,,,,,,,
,,,,,,,,,,,,,,,,,,,
,,,,,,,,,,,,,,,,,,,
,,,,,,,,,,,,,,,,,,,
,,,,,,,,,,,,,,,,,,,
,,,,,,,,,,,,,,,,,,,
,,,,,,,,,,,,,,,,,,,
,,,,,,,,,,,,,,,,,,,
,,,,,,,,,,,,,,,,,,,
,,,,,,,,,,,,,,,,,,,
,,,,,,,,,,,,,,,,,,,
,,,,,,,,,,,,,,,,,,,
,,,,,,,,,,,,,,,,,,,
,,,,,,,,,,,,,,,,,,,
,,,,,,,,,,,,,,,,,,,
,,,,,,,,,,,,,,,,,,,
,,,,,,,,,,,,,,,,,,,
,,,,,,,,,,,,,,,,,,,
,,,,,,,,,,,,,,,,,,,
,,,,,,,,,,,,,,,,,,,
,,,,,,,,,,,,,,,,,,,
,,,,,,,,,,,,,,,,,,,
,,,,,,,,,,,,,,,,,,,
,,,,,,,,,,,,,,,,,,,
,,,,,,,,,,,,,,,,,,,
,,,,,,,,,,,,,,,,,,,
,,,,,,,,,,,,,,,,,,,
,,,,,,,,,,,,,,,,,,,
,,,,,,,,,,,,,,,,,,,
,,,,,,,,,,,,,,,,,,,
,,,,,,,,,,,,,,,,,,,
,,,,,,,,,,,,,,,,,,,
,,,,,,,,,,,,,,,,,,,
,,,,,,,,,,,,,,,,,,,
,,,,,,,,,,,,,,,,,,,
,,,,,,,,,,,,,,,,,,,
,,,,,,,,,,,,,,,,,,,
,,,,,,,,,,,,,,,,,,,
,,,,,,,,,,,,,,,,,,,
,,,,,,,,,,,,,,,,,,,
,,,,,,,,,,,,,,,,,,,
,,,,,,,,,,,,,,,,,,,
,,,,,,,,,,,,,,,,,,,
,,,,,,,,,,,,,,,,,,,
,,,,,,,,,,,,,,,,,,,
,,,,,,,,,,,,,,,,,,,
,,,,,,,,,,,,,,,,,,,
,,,,,,,,,,,,,,,,,,,
,,,,,,,,,,,,,,,,,,,
,,,,,,,,,,,,,,,,,,,
,,,,,,,,,,,,,,,,,,,
,,,,,,,,,,,,,,,,,,,
,,,,,,,,,,,,,,,,,,,
,,,,,,,,,,,,,,,,,,,
,,,,,,,,,,,,,,,,,,,
,,,,,,,,,,,,,,,,,,,
,,,,,,,,,,,,,,,,,,,
,,,,,,,,,,,,,,,,,,,
,,,,,,,,,,,,,,,,,,,
,,,,,,,,,,,,,,,,,,,
,,,,,,,,,,,,,,,,,,,
,,,,,,,,,,,,,,,,,,,
,,,,,,,,,,,,,,,,,,,
,,,,,,,,,,,,,,,,,,,
,,,,,,,,,,,,,,,,,,,
,,,,,,,,,,,,,,,,,,,
,,,,,,,,,,,,,,,,,,,
,,,,,,,,,,,,,,,,,,,
,,,,,,,,,,,,,,,,,,,
,,,,,,,,,,,,,,,,,,,
,,,,,,,,,,,,,,,,,,,
,,,,,,,,,,,,,,,,,,,
,,,,,,,,,,,,,,,,,,,
,,,,,,,,,,,,,,,,,,,
,,,,,,,,,,,,,,,,,,,
,,,,,,,,,,,,,,,,,,,
,,,,,,,,,,,,,,,,,,,
,,,,,,,,,,,,,,,,,,,
,,,,,,,,,,,,,,,,,,,
,,,,,,,,,,,,,,,,,,,
,,,,,,,,,,,,,,,,,,,
,,,,,,,,,,,,,,,,,,,
,,,,,,,,,,,,,,,,,,,
,,,,,,,,,,,,,,,,,,,
,,,,,,,,,,,,,,,,,,,
,,,,,,,,,,,,,,,,,,,
,,,,,,,,,,,,,,,,,,,
,,,,,,,,,,,,,,,,,,,
,,,,,,,,,,,,,,,,,,,
,,,,,,,,,,,,,,,,,,,
,,,,,,,,,,,,,,,,,,,
,,,,,,,,,,,,,,,,,,,
,,,,,,,,,,,,,,,,,,,
,,,,,,,,,,,,,,,,,,,
,,,,,,,,,,,,,,,,,,,
,,,,,,,,,,,,,,,,,,,
,,,,,,,,,,,,,,,,,,,
,,,,,,,,,,,,,,,,,,,
,,,,,,,,,,,,,,,,,,,
,,,,,,,,,,,,,,,,,,,
,,,,,,,,,,,,,,,,,,,
,,,,,,,,,,,,,,,,,,,
,,,,,,,,,,,,,,,,,,,
,,,,,,,,,,,,,,,,,,,
,,,,,,,,,,,,,,,,,,,
,,,,,,,,,,,,,,,,,,,
,,,,,,,,,,,,,,,,,,,
,,,,,,,,,,,,,,,,,,,
,,,,,,,,,,,,,,,,,,,
,,,,,,,,,,,,,,,,,,,
,,,,,,,,,,,,,,,,,,,
,,,,,,,,,,,,,,,,,,,
,,,,,,,,,,,,,,,,,,,
,,,,,,,,,,,,,,,,,,,
,,,,,,,,,,,,,,,,,,,
,,,,,,,,,,,,,,,,,,,
,,,,,,,,,,,,,,,,,,,
,,,,,,,,,,,,,,,,,,,
,,,,,,,,,,,,,,,,,,,
,,,,,,,,,,,,,,,,,,,
,,,,,,,,,,,,,,,,,,,
,,,,,,,,,,,,,,,,,,,
,,,,,,,,,,,,,,,,,,,
,,,,,,,,,,,,,,,,,,,
,,,,,,,,,,,,,,,,,,,
,,,,,,,,,,,,,,,,,,,
,,,,,,,,,,,,,,,,,,,
,,,,,,,,,,,,,,,,,,,
,,,,,,,,,,,,,,,,,,,
,,,,,,,,,,,,,,,,,,,
,,,,,,,,,,,,,,,,,,,
,,,,,,,,,,,,,,,,,,,
,,,,,,,,,,,,,,,,,,,
,,,,,,,,,,,,,,,,,,,
,,,,,,,,,,,,,,,,,,,
,,,,,,,,,,,,,,,,,,,
,,,,,,,,,,,,,,,,,,,
,,,,,,,,,,,,,,,,,,,
,,,,,,,,,,,,,,,,,,,
,,,,,,,,,,,,,,,,,,,
,,,,,,,,,,,,,,,,,,,
,,,,,,,,,,,,,,,,,,,
,,,,,,,,,,,,,,,,,,,
,,,,,,,,,,,,,,,,,,,
,,,,,,,,,,,,,,,,,,,
,,,,,,,,,,,,,,,,,,,
,,,,,,,,,,,,,,,,,,,
,,,,,,,,,,,,,,,,,,,
,,,,,,,,,,,,,,,,,,,
,,,,,,,,,,,,,,,,,,,
,,,,,,,,,,,,,,,,,,,
,,,,,,,,,,,,,,,,,,,
,,,,,,,,,,,,,,,,,,,
,,,,,,,,,,,,,,,,,,,
,,,,,,,,,,,,,,,,,,,
,,,,,,,,,,,,,,,,,,,
,,,,,,,,,,,,,,,,,,,
,,,,,,,,,,,,,,,,,,,
,,,,,,,,,,,,,,,,,,,
,,,,,,,,,,,,,,,,,,,
,,,,,,,,,,,,,,,,,,,
,,,,,,,,,,,,,,,,,,,
,,,,,,,,,,,,,,,,,,,
,,,,,,,,,,,,,,,,,,,
,,,,,,,,,,,,,,,,,,,
,,,,,,,,,,,,,,,,,,,
,,,,,,,,,,,,,,,,,,,
,,,,,,,,,,,,,,,,,,,
,,,,,,,,,,,,,,,,,,,
,,,,,,,,,,,,,,,,,,,
,,,,,,,,,,,,,,,,,,,
,,,,,,,,,,,,,,,,,,,
,,,,,,,,,,,,,,,,,,,
,,,,,,,,,,,,,,,,,,,
,,,,,,,,,,,,,,,,,,,
,,,,,,,,,,,,,,,,,,,
,,,,,,,,,,,,,,,,,,,
,,,,,,,,,,,,,,,,,,,
,,,,,,,,,,,,,,,,,,,
,,,,,,,,,,,,,,,,,,,
,,,,,,,,,,,,,,,,,,,
,,,,,,,,,,,,,,,,,,,
,,,,,,,,,,,,,,,,,,,
,,,,,,,,,,,,,,,,,,,
,,,,,,,,,,,,,,,,,,,
,,,,,,,,,,,,,,,,,,,
,,,,,,,,,,,,,,,,,,,
,,,,,,,,,,,,,,,,,,,
,,,,,,,,,,,,,,,,,,,
,,,,,,,,,,,,,,,,,,,
,,,,,,,,,,,,,,,,,,,
,,,,,,,,,,,,,,,,,,,
,,,,,,,,,,,,,,,,,,,
,,,,,,,,,,,,,,,,,,,
,,,,,,,,,,,,,,,,,,,
,,,,,,,,,,,,,,,,,,,
,,,,,,,,,,,,,,,,,,,
,,,,,,,,,,,,,,,,,,,
,,,,,,,,,,,,,,,,,,,
,,,,,,,,,,,,,,,,,,,
,,,,,,,,,,,,,,,,,,,
,,,,,,,,,,,,,,,,,,,
,,,,,,,,,,,,,,,,,,,
,,,,,,,,,,,,,,,,,,,
,,,,,,,,,,,,,,,,,,,
,,,,,,,,,,,,,,,,,,,
,,,,,,,,,,,,,,,,,,,
,,,,,,,,,,,,,,,,,,,
,,,,,,,,,,,,,,,,,,,
,,,,,,,,,,,,,,,,,,,
,,,,,,,,,,,,,,,,,,,
,,,,,,,,,,,,,,,,,,,
,,,,,,,,,,,,,,,,,,,
,,,,,,,,,,,,,,,,,,,
,,,,,,,,,,,,,,,,,,,
,,,,,,,,,,,,,,,,,,,
,,,,,,,,,,,,,,,,,,,
,,,,,,,,,,,,,,,,,,,
,,,,,,,,,,,,,,,,,,,
,,,,,,,,,,,,,,,,,,,
,,,,,,,,,,,,,,,,,,,
,,,,,,,,,,,,,,,,,,,
,,,,,,,,,,,,,,,,,,,
,,,,,,,,,,,,,,,,,,,
,,,,,,,,,,,,,,,,,,,
,,,,,,,,,,,,,,,,,,,
,,,,,,,,,,,,,,,,,,,
,,,,,,,,,,,,,,,,,,,
,,,,,,,,,,,,,,,,,,,
,,,,,,,,,,,,,,,,,,,
,,,,,,,,,,,,,,,,,,,
,,,,,,,,,,,,,,,,,,,
,,,,,,,,,,,,,,,,,,,
,,,,,,,,,,,,,,,,,,,
,,,,,,,,,,,,,,,,,,,
,,,,,,,,,,,,,,,,,,,
,,,,,,,,,,,,,,,,,,,
,,,,,,,,,,,,,,,,,,,
,,,,,,,,,,,,,,,,,,,
,,,,,,,,,,,,,,,,,,,
,,,,,,,,,,,,,,,,,,,
,,,,,,,,,,,,,,,,,,,
,,,,,,,,,,,,,,,,,,,
,,,,,,,,,,,,,,,,,,,
,,,,,,,,,,,,,,,,,,,
,,,,,,,,,,,,,,,,,,,
,,,,,,,,,,,,,,,,,,,
,,,,,,,,,,,,,,,,,,,
,,,,,,,,,,,,,,,,,,,
,,,,,,,,,,,,,,,,,,,
,,,,,,,,,,,,,,,,,,,
,,,,,,,,,,,,,,,,,,,
,,,,,,,,,,,,,,,,,,,
,,,,,,,,,,,,,,,,,,,
,,,,,,,,,,,,,,,,,,,
,,,,,,,,,,,,,,,,,,,
,,,,,,,,,,,,,,,,,,,
,,,,,,,,,,,,,,,,,,,
,,,,,,,,,,,,,,,,,,,
,,,,,,,,,,,,,,,,,,,
,,,,,,,,,,,,,,,,,,,
,,,,,,,,,,,,,,,,,,,
,,,,,,,,,,,,,,,,,,,
,,,,,,,,,,,,,,,,,,,
,,,,,,,,,,,,,,,,,,,
,,,,,,,,,,,,,,,,,,,
,,,,,,,,,,,,,,,,,,,
,,,,,,,,,,,,,,,,,,,
,,,,,,,,,,,,,,,,,,,
,,,,,,,,,,,,,,,,,,,
,,,,,,,,,,,,,,,,,,,
,,,,,,,,,,,,,,,,,,,
,,,,,,,,,,,,,,,,,,,
,,,,,,,,,,,,,,,,,,,
,,,,,,,,,,,,,,,,,,,
,,,,,,,,,,,,,,,,,,,
,,,,,,,,,,,,,,,,,,,
,,,,,,,,,,,,,,,,,,,
,,,,,,,,,,,,,,,,,,,
,,,,,,,,,,,,,,,,,,,
,,,,,,,,,,,,,,,,,,,
,,,,,,,,,,,,,,,,,,,
,,,,,,,,,,,,,,,,,,,
,,,,,,,,,,,,,,,,,,,
,,,,,,,,,,,,,,,,,,,
,,,,,,,,,,,,,,,,,,,
,,,,,,,,,,,,,,,,,,,
,,,,,,,,,,,,,,,,,,,
,,,,,,,,,,,,,,,,,,,
,,,,,,,,,,,,,,,,,,,
,,,,,,,,,,,,,,,,,,,
,,,,,,,,,,,,,,,,,,,
,,,,,,,,,,,,,,,,,,,
,,,,,,,,,,,,,,,,,,,
,,,,,,,,,,,,,,,,,,,
,,,,,,,,,,,,,,,,,,,
,,,,,,,,,,,,,,,,,,,
,,,,,,,,,,,,,,,,,,,
,,,,,,,,,,,,,,,,,,,
,,,,,,,,,,,,,,,,,,,
,,,,,,,,,,,,,,,,,,,
,,,,,,,,,,,,,,,,,,,
,,,,,,,,,,,,,,,,,,,
,,,,,,,,,,,,,,,,,,,
,,,,,,,,,,,,,,,,,,,
,,,,,,,,,,,,,,,,,,,
,,,,,,,,,,,,,,,,,,,
,,,,,,,,,,,,,,,,,,,
,,,,,,,,,,,,,,,,,,,
,,,,,,,,,,,,,,,,,,,
,,,,,,,,,,,,,,,,,,,
,,,,,,,,,,,,,,,,,,,
,,,,,,,,,,,,,,,,,,,
,,,,,,,,,,,,,,,,,,,
,,,,,,,,,,,,,,,,,,,
,,,,,,,,,,,,,,,,,,,
,,,,,,,,,,,,,,,,,,,
,,,,,,,,,,,,,,,,,,,
,,,,,,,,,,,,,,,,,,,
,,,,,,,,,,,,,,,,,,,
,,,,,,,,,,,,,,,,,,,
,,,,,,,,,,,,,,,,,,,
,,,,,,,,,,,,,,,,,,,
,,,,,,,,,,,,,,,,,,,
,,,,,,,,,,,,,,,,,,,
,,,,,,,,,,,,,,,,,,,
,,,,,,,,,,,,,,,,,,,
,,,,,,,,,,,,,,,,,,,
,,,,,,,,,,,,,,,,,,,
,,,,,,,,,,,,,,,,,,,
,,,,,,,,,,,,,,,,,,,
,,,,,,,,,,,,,,,,,,,
,,,,,,,,,,,,,,,,,,,
,,,,,,,,,,,,,,,,,,,
,,,,,,,,,,,,,,,,,,,
,,,,,,,,,,,,,,,,,,,
,,,,,,,,,,,,,,,,,,,
,,,,,,,,,,,,,,,,,,,
,,,,,,,,,,,,,,,,,,,
,,,,,,,,,,,,,,,,,,,
,,,,,,,,,,,,,,,,,,,
,,,,,,,,,,,,,,,,,,,
,,,,,,,,,,,,,,,,,,,
,,,,,,,,,,,,,,,,,,,
,,,,,,,,,,,,,,,,,,,
,,,,,,,,,,,,,,,,,,,
,,,,,,,,,,,,,,,,,,,
,,,,,,,,,,,,,,,,,,,
,,,,,,,,,,,,,,,,,,,
,,,,,,,,,,,,,,,,,,,
,,,,,,,,,,,,,,,,,,,
,,,,,,,,,,,,,,,,,,,
,,,,,,,,,,,,,,,,,,,
,,,,,,,,,,,,,,,,,,,
,,,,,,,,,,,,,,,,,,,
,,,,,,,,,,,,,,,,,,,
,,,,,,,,,,,,,,,,,,,
,,,,,,,,,,,,,,,,,,,
,,,,,,,,,,,,,,,,,,,
,,,,,,,,,,,,,,,,,,,
,,,,,,,,,,,,,,,,,,,
,,,,,,,,,,,,,,,,,,,
,,,,,,,,,,,,,,,,,,,
,,,,,,,,,,,,,,,,,,,
,,,,,,,,,,,,,,,,,,,
,,,,,,,,,,,,,,,,,,,
,,,,,,,,,,,,,,,,,,,
,,,,,,,,,,,,,,,,,,,
,,,,,,,,,,,,,,,,,,,
,,,,,,,,,,,,,,,,,,,
,,,,,,,,,,,,,,,,,,,
,,,,,,,,,,,,,,,,,,,
,,,,,,,,,,,,,,,,,,,
,,,,,,,,,,,,,,,,,,,
,,,,,,,,,,,,,,,,,,,
,,,,,,,,,,,,,,,,,,,
,,,,,,,,,,,,,,,,,,,
,,,,,,,,,,,,,,,,,,,
,,,,,,,,,,,,,,,,,,,
,,,,,,,,,,,,,,,,,,,
,,,,,,,,,,,,,,,,,,,
,,,,,,,,,,,,,,,,,,,
,,,,,,,,,,,,,,,,,,,
,,,,,,,,,,,,,,,,,,,
,,,,,,,,,,,,,,,,,,,
,,,,,,,,,,,,,,,,,,,
,,,,,,,,,,,,,,,,,,,
,,,,,,,,,,,,,,,,,,,
,,,,,,,,,,,,,,,,,,,
,,,,,,,,,,,,,,,,,,,
,,,,,,,,,,,,,,,,,,,
,,,,,,,,,,,,,,,,,,,
,,,,,,,,,,,,,,,,,,,
,,,,,,,,,,,,,,,,,,,
,,,,,,,,,,,,,,,,,,,
,,,,,,,,,,,,,,,,,,,
,,,,,,,,,,,,,,,,,,,
,,,,,,,,,,,,,,,,,,,
,,,,,,,,,,,,,,,,,,,
,,,,,,,,,,,,,,,,,,,
,,,,,,,,,,,,,,,,,,,
,,,,,,,,,,,,,,,,,,,
,,,,,,,,,,,,,,,,,,,
,,,,,,,,,,,,,,,,,,,
,,,,,,,,,,,,,,,,,,,
,,,,,,,,,,,,,,,,,,,
,,,,,,,,,,,,,,,,,,,
,,,,,,,,,,,,,,,,,,,
,,,,,,,,,,,,,,,,,,,
,,,,,,,,,,,,,,,,,,,
,,,,,,,,,,,,,,,,,,,
,,,,,,,,,,,,,,,,,,,
,,,,,,,,,,,,,,,,,,,
,,,,,,,,,,,,,,,,,,,
,,,,,,,,,,,,,,,,,,,
,,,,,,,,,,,,,,,,,,,
,,,,,,,,,,,,,,,,,,,
,,,,,,,,,,,,,,,,,,,
,,,,,,,,,,,,,,,,,,,
,,,,,,,,,,,,,,,,,,,
,,,,,,,,,,,,,,,,,,,
,,,,,,,,,,,,,,,,,,,
,,,,,,,,,,,,,,,,,,,
,,,,,,,,,,,,,,,,,,,
,,,,,,,,,,,,,,,,,,,
,,,,,,,,,,,,,,,,,,,
,,,,,,,,,,,,,,,,,,,
,,,,,,,,,,,,,,,,,,,
,,,,,,,,,,,,,,,,,,,
,,,,,,,,,,,,,,,,,,,
,,,,,,,,,,,,,,,,,,,
,,,,,,,,,,,,,,,,,,,
,,,,,,,,,,,,,,,,,,,
,,,,,,,,,,,,,,,,,,,
,,,,,,,,,,,,,,,,,,,
,,,,,,,,,,,,,,,,,,,
,,,,,,,,,,,,,,,,,,,
,,,,,,,,,,,,,,,,,,,
,,,,,,,,,,,,,,,,,,,
,,,,,,,,,,,,,,,,,,,
,,,,,,,,,,,,,,,,,,,
,,,,,,,,,,,,,,,,,,,
,,,,,,,,,,,,,,,,,,,
,,,,,,,,,,,,,,,,,,,
,,,,,,,,,,,,,,,,,,,
,,,,,,,,,,,,,,,,,,,
,,,,,,,,,,,,,,,,,,,
,,,,,,,,,,,,,,,,,,,
,,,,,,,,,,,,,,,,,,,
,,,,,,,,,,,,,,,,,,,
,,,,,,,,,,,,,,,,,,,
,,,,,,,,,,,,,,,,,,,
,,,,,,,,,,,,,,,,,,,
,,,,,,,,,,,,,,,,,,,
,,,,,,,,,,,,,,,,,,,
,,,,,,,,,,,,,,,,,,,
,,,,,,,,,,,,,,,,,,,
,,,,,,,,,,,,,,,,,,,
,,,,,,,,,,,,,,,,,,,
,,,,,,,,,,,,,,,,,,,
,,,,,,,,,,,,,,,,,,,
,,,,,,,,,,,,,,,,,,,
,,,,,,,,,,,,,,,,,,,
,,,,,,,,,,,,,,,,,,,
,,,,,,,,,,,,,,,,,,,
,,,,,,,,,,,,,,,,,,,
,,,,,,,,,,,,,,,,,,,
,,,,,,,,,,,,,,,,,,,
,,,,,,,,,,,,,,,,,,,
,,,,,,,,,,,,,,,,,,,
,,,,,,,,,,,,,,,,,,,
,,,,,,,,,,,,,,,,,,,
,,,,,,,,,,,,,,,,,,,
,,,,,,,,,,,,,,,,,,,
,,,,,,,,,,,,,,,,,,,
,,,,,,,,,,,,,,,,,,,
,,,,,,,,,,,,,,,,,,,
,,,,,,,,,,,,,,,,,,,
,,,,,,,,,,,,,,,,,,,
,,,,,,,,,,,,,,,,,,,
,,,,,,,,,,,,,,,,,,,
,,,,,,,,,,,,,,,,,,,
,,,,,,,,,,,,,,,,,,,
,,,,,,,,,,,,,,,,,,,
,,,,,,,,,,,,,,,,,,,
,,,,,,,,,,,,,,,,,,,
,,,,,,,,,,,,,,,,,,,
,,,,,,,,,,,,,,,,,,,
,,,,,,,,,,,,,,,,,,,
,,,,,,,,,,,,,,,,,,,
,,,,,,,,,,,,,,,,,,,
,,,,,,,,,,,,,,,,,,,
,,,,,,,,,,,,,,,,,,,
,,,,,,,,,,,,,,,,,,,
,,,,,,,,,,,,,,,,,,,
,,,,,,,,,,,,,,,,,,,
,,,,,,,,,,,,,,,,,,,
,,,,,,,,,,,,,,,,,,,
,,,,,,,,,,,,,,,,,,,
,,,,,,,,,,,,,,,,,,,
,,,,,,,,,,,,,,,,,,,
,,,,,,,,,,,,,,,,,,,
,,,,,,,,,,,,,,,,,,,
,,,,,,,,,,,,,,,,,,,
,,,,,,,,,,,,,,,,,,,
,,,,,,,,,,,,,,,,,,,
,,,,,,,,,,,,,,,,,,,
,,,,,,,,,,,,,,,,,,,
,,,,,,,,,,,,,,,,,,,
,,,,,,,,,,,,,,,,,,,
,,,,,,,,,,,,,,,,,,,
,,,,,,,,,,,,,,,,,,,
,,,,,,,,,,,,,,,,,,,
,,,,,,,,,,,,,,,,,,,
,,,,,,,,,,,,,,,,,,,
,,,,,,,,,,,,,,,,,,,
,,,,,,,,,,,,,,,,,,,
,,,,,,,,,,,,,,,,,,,
,,,,,,,,,,,,,,,,,,,
,,,,,,,,,,,,,,,,,,,
,,,,,,,,,,,,,,,,,,,
,,,,,,,,,,,,,,,,,,,
,,,,,,,,,,,,,,,,,,,
,,,,,,,,,,,,,,,,,,,
,,,,,,,,,,,,,,,,,,,
,,,,,,,,,,,,,,,,,,,
,,,,,,,,,,,,,,,,,,,
,,,,,,,,,,,,,,,,,,,
,,,,,,,,,,,,,,,,,,,
,,,,,,,,,,,,,,,,,,,
,,,,,,,,,,,,,,,,,,,
,,,,,,,,,,,,,,,,,,,
,,,,,,,,,,,,,,,,,,,
,,,,,,,,,,,,,,,,,,,
,,,,,,,,,,,,,,,,,,,
,,,,,,,,,,,,,,,,,,,
,,,,,,,,,,,,,,,,,,,
,,,,,,,,,,,,,,,,,,,
,,,,,,,,,,,,,,,,,,,
,,,,,,,,,,,,,,,,,,,
,,,,,,,,,,,,,,,,,,,
,,,,,,,,,,,,,,,,,,,
,,,,,,,,,,,,,,,,,,,
,,,,,,,,,,,,,,,,,,,
,,,,,,,,,,,,,,,,,,,
,,,,,,,,,,,,,,,,,,,
,,,,,,,,,,,,,,,,,,,
,,,,,,,,,,,,,,,,,,,
,,,,,,,,,,,,,,,,,,,
,,,,,,,,,,,,,,,,,,,
,,,,,,,,,,,,,,,,,,,
,,,,,,,,,,,,,,,,,,,
,,,,,,,,,,,,,,,,,,,
,,,,,,,,,,,,,,,,,,,
,,,,,,,,,,,,,,,,,,,
,,,,,,,,,,,,,,,,,,,
,,,,,,,,,,,,,,,,,,,
,,,,,,,,,,,,,,,,,,,
,,,,,,,,,,,,,,,,,,,
,,,,,,,,,,,,,,,,,,,
,,,,,,,,,,,,,,,,,,,
,,,,,,,,,,,,,,,,,,,
,,,,,,,,,,,,,,,,,,,
,,,,,,,,,,,,,,,,,,,
,,,,,,,,,,,,,,,,,,,
,,,,,,,,,,,,,,,,,,,
,,,,,,,,,,,,,,,,,,,
,,,,,,,,,,,,,,,,,,,
,,,,,,,,,,,,,,,,,,,
,,,,,,,,,,,,,,,,,,,
,,,,,,,,,,,,,,,,,,,
,,,,,,,,,,,,,,,,,,,
,,,,,,,,,,,,,,,,,,,
,,,,,,,,,,,,,,,,,,,
,,,,,,,,,,,,,,,,,,,
,,,,,,,,,,,,,,,,,,,
,,,,,,,,,,,,,,,,,,,
,,,,,,,,,,,,,,,,,,,
,,,,,,,,,,,,,,,,,,,
,,,,,,,,,,,,,,,,,,,
,,,,,,,,,,,,,,,,,,,
,,,,,,,,,,,,,,,,,,,
,,,,,,,,,,,,,,,,,,,
,,,,,,,,,,,,,,,,,,,
,,,,,,,,,,,,,,,,,,,
,,,,,,,,,,,,,,,,,,,
,,,,,,,,,,,,,,,,,,,
,,,,,,,,,,,,,,,,,,,
,,,,,,,,,,,,,,,,,,,
,,,,,,,,,,,,,,,,,,,
,,,,,,,,,,,,,,,,,,,
,,,,,,,,,,,,,,,,,,,
,,,,,,,,,,,,,,,,,,,
,,,,,,,,,,,,,,,,,,,
,,,,,,,,,,,,,,,,,,,
,,,,,,,,,,,,,,,,,,,
,,,,,,,,,,,,,,,,,,,
,,,,,,,,,,,,,,,,,,,
,,,,,,,,,,,,,,,,,,,
,,,,,,,,,,,,,,,,,,,
,,,,,,,,,,,,,,,,,,,
,,,,,,,,,,,,,,,,,,,
,,,,,,,,,,,,,,,,,,,
,,,,,,,,,,,,,,,,,,,
,,,,,,,,,,,,,,,,,,,
,,,,,,,,,,,,,,,,,,,
,,,,,,,,,,,,,,,,,,,
,,,,,,,,,,,,,,,,,,,
,,,,,,,,,,,,,,,,,,,
,,,,,,,,,,,,,,,,,,,
,,,,,,,,,,,,,,,,,,,
,,,,,,,,,,,,,,,,,,,
,,,,,,,,,,,,,,,,,,,
,,,,,,,,,,,,,,,,,,,
,,,,,,,,,,,,,,,,,,,
,,,,,,,,,,,,,,,,,,,
,,,,,,,,,,,,,,,,,,,
,,,,,,,,,,,,,,,,,,,
,,,,,,,,,,,,,,,,,,,
,,,,,,,,,,,,,,,,,,,
,,,,,,,,,,,,,,,,,,,
,,,,,,,,,,,,,,,,,,,
,,,,,,,,,,,,,,,,,,,
,,,,,,,,,,,,,,,,,,,
,,,,,,,,,,,,,,,,,,,
,,,,,,,,,,,,,,,,,,,
,,,,,,,,,,,,,,,,,,,
,,,,,,,,,,,,,,,,,,,
,,,,,,,,,,,,,,,,,,,
,,,,,,,,,,,,,,,,,,,
,,,,,,,,,,,,,,,,,,,
,,,,,,,,,,,,,,,,,,,
,,,,,,,,,,,,,,,,,,,
,,,,,,,,,,,,,,,,,,,
,,,,,,,,,,,,,,,,,,,
,,,,,,,,,,,,,,,,,,,
,,,,,,,,,,,,,,,,,,,
,,,,,,,,,,,,,,,,,,,
,,,,,,,,,,,,,,,,,,,
,,,,,,,,,,,,,,,,,,,
,,,,,,,,,,,,,,,,,,,
,,,,,,,,,,,,,,,,,,,
,,,,,,,,,,,,,,,,,,,
,,,,,,,,,,,,,,,,,,,
,,,,,,,,,,,,,,,,,,,
,,,,,,,,,,,,,,,,,,,
,,,,,,,,,,,,,,,,,,,
,,,,,,,,,,,,,,,,,,,
,,,,,,,,,,,,,,,,,,,
,,,,,,,,,,,,,,,,,,,
,,,,,,,,,,,,,,,,,,,
,,,,,,,,,,,,,,,,,,,
,,,,,,,,,,,,,,,,,,,
,,,,,,,,,,,,,,,,,,,
,,,,,,,,,,,,,,,,,,,
,,,,,,,,,,,,,,,,,,,
,,,,,,,,,,,,,,,,,,,
,,,,,,,,,,,,,,,,,,,
,,,,,,,,,,,,,,,,,,,
,,,,,,,,,,,,,,,,,,,
,,,,,,,,,,,,,,,,,,,
,,,,,,,,,,,,,,,,,,,
,,,,,,,,,,,,,,,,,,,
,,,,,,,,,,,,,,,,,,,
,,,,,,,,,,,,,,,,,,,
,,,,,,,,,,,,,,,,,,,
,,,,,,,,,,,,,,,,,,,
,,,,,,,,,,,,,,,,,,,
,,,,,,,,,,,,,,,,,,,
,,,,,,,,,,,,,,,,,,,
,,,,,,,,,,,,,,,,,,,
,,,,,,,,,,,,,,,,,,,
,,,,,,,,,,,,,,,,,,,
,,,,,,,,,,,,,,,,,,,
,,,,,,,,,,,,,,,,,,,
,,,,,,,,,,,,,,,,,,,
,,,,,,,,,,,,,,,,,,,
,,,,,,,,,,,,,,,,,,,
,,,,,,,,,,,,,,,,,,,
,,,,,,,,,,,,,,,,,,,
,,,,,,,,,,,,,,,,,,,
,,,,,,,,,,,,,,,,,,,
,,,,,,,,,,,,,,,,,,,
,,,,,,,,,,,,,,,,,,,
,,,,,,,,,,,,,,,,,,,
,,,,,,,,,,,,,,,,,,,
,,,,,,,,,,,,,,,,,,,
,,,,,,,,,,,,,,,,,,,
,,,,,,,,,,,,,,,,,,,
,,,,,,,,,,,,,,,,,,,
,,,,,,,,,,,,,,,,,,,
,,,,,,,,,,,,,,,,,,,
,,,,,,,,,,,,,,,,,,,
,,,,,,,,,,,,,,,,,,,
,,,,,,,,,,,,,,,,,,,
,,,,,,,,,,,,,,,,,,,
,,,,,,,,,,,,,,,,,,,
,,,,,,,,,,,,,,,,,,,
,,,,,,,,,,,,,,,,,,,
,,,,,,,,,,,,,,,,,,,
,,,,,,,,,,,,,,,,,,,
,,,,,,,,,,,,,,,,,,,
,,,,,,,,,,,,,,,,,,,
,,,,,,,,,,,,,,,,,,,
,,,,,,,,,,,,,,,,,,,
,,,,,,,,,,,,,,,,,,,
,,,,,,,,,,,,,,,,,,,
,,,,,,,,,,,,,,,,,,,
,,,,,,,,,,,,,,,,,,,
,,,,,,,,,,,,,,,,,,,
,,,,,,,,,,,,,,,,,,,
,,,,,,,,,,,,,,,,,,,
,,,,,,,,,,,,,,,,,,,
,,,,,,,,,,,,,,,,,,,
,,,,,,,,,,,,,,,,,,,
,,,,,,,,,,,,,,,,,,,
,,,,,,,,,,,,,,,,,,,
,,,,,,,,,,,,,,,,,,,
,,,,,,,,,,,,,,,,,,,
,,,,,,,,,,,,,,,,,,,
,,,,,,,,,,,,,,,,,,,
,,,,,,,,,,,,,,,,,,,
,,,,,,,,,,,,,,,,,,,
,,,,,,,,,,,,,,,,,,,
,,,,,,,,,,,,,,,,,,,
,,,,,,,,,,,,,,,,,,,
,,,,,,,,,,,,,,,,,,,
,,,,,,,,,,,,,,,,,,,
,,,,,,,,,,,,,,,,,,,
,,,,,,,,,,,,,,,,,,,
,,,,,,,,,,,,,,,,,,,
,,,,,,,,,,,,,,,,,,,
,,,,,,,,,,,,,,,,,,,
,,,,,,,,,,,,,,,,,,,
,,,,,,,,,,,,,,,,,,,
,,,,,,,,,,,,,,,,,,,
,,,,,,,,,,,,,,,,,,,
,,,,,,,,,,,,,,,,,,,
,,,,,,,,,,,,,,,,,,,
,,,,,,,,,,,,,,,,,,,
,,,,,,,,,,,,,,,,,,,
,,,,,,,,,,,,,,,,,,,
,,,,,,,,,,,,,,,,,,,
,,,,,,,,,,,,,,,,,,,
,,,,,,,,,,,,,,,,,,,
,,,,,,,,,,,,,,,,,,,
,,,,,,,,,,,,,,,,,,,
,,,,,,,,,,,,,,,,,,,
,,,,,,,,,,,,,,,,,,,
,,,,,,,,,,,,,,,,,,,
,,,,,,,,,,,,,,,,,,,
,,,,,,,,,,,,,,,,,,,
,,,,,,,,,,,,,,,,,,,
,,,,,,,,,,,,,,,,,,,
,,,,,,,,,,,,,,,,,,,
,,,,,,,,,,,,,,,,,,,
,,,,,,,,,,,,,,,,,,,
,,,,,,,,,,,,,,,,,,,
,,,,,,,,,,,,,,,,,,,
,,,,,,,,,,,,,,,,,,,
,,,,,,,,,,,,,,,,,,,
,,,,,,,,,,,,,,,,,,,
,,,,,,,,,,,,,,,,,,,
,,,,,,,,,,,,,,,,,,,
,,,,,,,,,,,,,,,,,,,
,,,,,,,,,,,,,,,,,,,
,,,,,,,,,,,,,,,,,,,
,,,,,,,,,,,,,,,,,,,
,,,,,,,,,,,,,,,,,,,
,,,,,,,,,,,,,,,,,,,
,,,,,,,,,,,,,,,,,,,
,,,,,,,,,,,,,,,,,,,
,,,,,,,,,,,,,,,,,,,
,,,,,,,,,,,,,,,,,,,
,,,,,,,,,,,,,,,,,,,
,,,,,,,,,,,,,,,,,,,
,,,,,,,,,,,,,,,,,,,
,,,,,,,,,,,,,,,,,,,
,,,,,,,,,,,,,,,,,,,
,,,,,,,,,,,,,,,,,,,
,,,,,,,,,,,,,,,,,,,
,,,,,,,,,,,,,,,,,,,
,,,,,,,,,,,,,,,,,,,
,,,,,,,,,,,,,,,,,,,
,,,,,,,,,,,,,,,,,,,
,,,,,,,,,,,,,,,,,,,
,,,,,,,,,,,,,,,,,,,
,,,,,,,,,,,,,,,,,,,
,,,,,,,,,,,,,,,,,,,
,,,,,,,,,,,,,,,,,,,
,,,,,,,,,,,,,,,,,,,
,,,,,,,,,,,,,,,,,,,
,,,,,,,,,,,,,,,,,,,
,,,,,,,,,,,,,,,,,,,
,,,,,,,,,,,,,,,,,,,
,,,,,,,,,,,,,,,,,,,
,,,,,,,,,,,,,,,,,,,
,,,,,,,,,,,,,,,,,,,
,,,,,,,,,,,,,,,,,,,
,,,,,,,,,,,,,,,,,,,
,,,,,,,,,,,,,,,,,,,
,,,,,,,,,,,,,,,,,,,
,,,,,,,,,,,,,,,,,,,
,,,,,,,,,,,,,,,,,,,
,,,,,,,,,,,,,,,,,,,
,,,,,,,,,,,,,,,,,,,
,,,,,,,,,,,,,,,,,,,
,,,,,,,,,,,,,,,,,,,
,,,,,,,,,,,,,,,,,,,
,,,,,,,,,,,,,,,,,,,
,,,,,,,,,,,,,,,,,,,
,,,,,,,,,,,,,,,,,,,
,,,,,,,,,,,,,,,,,,,
,,,,,,,,,,,,,,,,,,,
,,,,,,,,,,,,,,,,,,,
,,,,,,,,,,,,,,,,,,,
,,,,,,,,,,,,,,,,,,,
,,,,,,,,,,,,,,,,,,,
,,,,,,,,,,,,,,,,,,,
,,,,,,,,,,,,,,,,,,,
,,,,,,,,,,,,,,,,,,,
,,,,,,,,,,,,,,,,,,,
,,,,,,,,,,,,,,,,,,,
,,,,,,,,,,,,,,,,,,,
,,,,,,,,,,,,,,,,,,,
,,,,,,,,,,,,,,,,,,,
,,,,,,,,,,,,,,,,,,,
,,,,,,,,,,,,,,,,,,,
,,,,,,,,,,,,,,,,,,,
,,,,,,,,,,,,,,,,,,,
,,,,,,,,,,,,,,,,,,,
,,,,,,,,,,,,,,,,,,,
,,,,,,,,,,,,,,,,,,,
,,,,,,,,,,,,,,,,,,,
,,,,,,,,,,,,,,,,,,,
,,,,,,,,,,,,,,,,,,,
,,,,,,,,,,,,,,,,,,,
,,,,,,,,,,,,,,,,,,,
,,,,,,,,,,,,,,,,,,,
,,,,,,,,,,,,,,,,,,,
,,,,,,,,,,,,,,,,,,,
,,,,,,,,,,,,,,,,,,,
,,,,,,,,,,,,,,,,,,,
,,,,,,,,,,,,,,,,,,,
,,,,,,,,,,,,,,,,,,,
,,,,,,,,,,,,,,,,,,,
,,,,,,,,,,,,,,,,,,,
,,,,,,,,,,,,,,,,,,,
,,,,,,,,,,,,,,,,,,,
,,,,,,,,,,,,,,,,,,,
,,,,,,,,,,,,,,,,,,,
,,,,,,,,,,,,,,,,,,,
,,,,,,,,,,,,,,,,,,,
,,,,,,,,,,,,,,,,,,,
,,,,,,,,,,,,,,,,,,,
,,,,,,,,,,,,,,,,,,,
,,,,,,,,,,,,,,,,,,,
,,,,,,,,,,,,,,,,,,,
,,,,,,,,,,,,,,,,,,,
,,,,,,,,,,,,,,,,,,,
,,,,,,,,,,,,,,,,,,,
,,,,,,,,,,,,,,,,,,,
,,,,,,,,,,,,,,,,,,,
,,,,,,,,,,,,,,,,,,,
,,,,,,,,,,,,,,,,,,,
,,,,,,,,,,,,,,,,,,,
,,,,,,,,,,,,,,,,,,,
,,,,,,,,,,,,,,,,,,,
,,,,,,,,,,,,,,,,,,,
,,,,,,,,,,,,,,,,,,,
,,,,,,,,,,,,,,,,,,,
,,,,,,,,,,,,,,,,,,,
,,,,,,,,,,,,,,,,,,,
,,,,,,,,,,,,,,,,,,,
,,,,,,,,,,,,,,,,,,,
,,,,,,,,,,,,,,,,,,,
,,,,,,,,,,,,,,,,,,,
,,,,,,,,,,,,,,,,,,,
,,,,,,,,,,,,,,,,,,,
,,,,,,,,,,,,,,,,,,,
,,,,,,,,,,,,,,,,,,,
,,,,,,,,,,,,,,,,,,,
,,,,,,,,,,,,,,,,,,,
,,,,,,,,,,,,,,,,,,,
,,,,,,,,,,,,,,,,,,,
,,,,,,,,,,,,,,,,,,,
,,,,,,,,,,,,,,,,,,,
,,,,,,,,,,,,,,,,,,,
,,,,,,,,,,,,,,,,,,,
,,,,,,,,,,,,,,,,,,,
,,,,,,,,,,,,,,,,,,,
,,,,,,,,,,,,,,,,,,,
,,,,,,,,,,,,,,,,,,,
,,,,,,,,,,,,,,,,,,,
,,,,,,,,,,,,,,,,,,,
,,,,,,,,,,,,,,,,,,,
,,,,,,,,,,,,,,,,,,,
,,,,,,,,,,,,,,,,,,,
,,,,,,,,,,,,,,,,,,,
,,,,,,,,,,,,,,,,,,,
,,,,,,,,,,,,,,,,,,,
,,,,,,,,,,,,,,,,,,,
,,,,,,,,,,,,,,,,,,,
,,,,,,,,,,,,,,,,,,,
,,,,,,,,,,,,,,,,,,,
,,,,,,,,,,,,,,,,,,,
,,,,,,,,,,,,,,,,,,,
,,,,,,,,,,,,,,,,,,,
,,,,,,,,,,,,,,,,,,,
,,,,,,,,,,,,,,,,,,,
,,,,,,,,,,,,,,,,,,,
,,,,,,,,,,,,,,,,,,,
,,,,,,,,,,,,,,,,,,,
,,,,,,,,,,,,,,,,,,,
,,,,,,,,,,,,,,,,,,,
,,,,,,,,,,,,,,,,,,,
,,,,,,,,,,,,,,,,,,,
,,,,,,,,,,,,,,,,,,,
,,,,,,,,,,,,,,,,,,,
,,,,,,,,,,,,,,,,,,,
,,,,,,,,,,,,,,,,,,,
,,,,,,,,,,,,,,,,,,,
,,,,,,,,,,,,,,,,,,,
,,,,,,,,,,,,,,,,,,,
,,,,,,,,,,,,,,,,,,,
,,,,,,,,,,,,,,,,,,,
,,,,,,,,,,,,,,,,,,,
,,,,,,,,,,,,,,,,,,,
,,,,,,,,,,,,,,,,,,,
,,,,,,,,,,,,,,,,,,,
,,,,,,,,,,,,,,,,,,,
,,,,,,,,,,,,,,,,,,,
,,,,,,,,,,,,,,,,,,,
,,,,,,,,,,,,,,,,,,,
,,,,,,,,,,,,,,,,,,,
,,,,,,,,,,,,,,,,,,,
,,,,,,,,,,,,,,,,,,,
,,,,,,,,,,,,,,,,,,,
,,,,,,,,,,,,,,,,,,,
,,,,,,,,,,,,,,,,,,,
,,,,,,,,,,,,,,,,,,,
,,,,,,,,,,,,,,,,,,,
,,,,,,,,,,,,,,,,,,,
,,,,,,,,,,,,,,,,,,,
,,,,,,,,,,,,,,,,,,,
,,,,,,,,,,,,,,,,,,,
,,,,,,,,,,,,,,,,,,,
,,,,,,,,,,,,,,,,,,,
,,,,,,,,,,,,,,,,,,,
,,,,,,,,,,,,,,,,,,,
,,,,,,,,,,,,,,,,,,,
,,,,,,,,,,,,,,,,,,,
,,,,,,,,,,,,,,,,,,,
,,,,,,,,,,,,,,,,,,,
,,,,,,,,,,,,,,,,,,,
,,,,,,,,,,,,,,,,,,,
,,,,,,,,,,,,,,,,,,,
,,,,,,,,,,,,,,,,,,,
,,,,,,,,,,,,,,,,,,,
,,,,,,,,,,,,,,,,,,,
,,,,,,,,,,,,,,,,,,,
,,,,,,,,,,,,,,,,,,,
,,,,,,,,,,,,,,,,,,,
,,,,,,,,,,,,,,,,,,,
,,,,,,,,,,,,,,,,,,,
,,,,,,,,,,,,,,,,,,,
,,,,,,,,,,,,,,,,,,,
,,,,,,,,,,,,,,,,,,,
,,,,,,,,,,,,,,,,,,,
,,,,,,,,,,,,,,,,,,,
,,,,,,,,,,,,,,,,,,,
,,,,,,,,,,,,,,,,,,,
,,,,,,,,,,,,,,,,,,,
,,,,,,,,,,,,,,,,,,,
,,,,,,,,,,,,,,,,,,,
,,,,,,,,,,,,,,,,,,,
,,,,,,,,,,,,,,,,,,,
,,,,,,,,,,,,,,,,,,,
,,,,,,,,,,,,,,,,,,,
,,,,,,,,,,,,,,,,,,,
,,,,,,,,,,,,,,,,,,,
,,,,,,,,,,,,,,,,,,,
,,,,,,,,,,,,,,,,,,,
,,,,,,,,,,,,,,,,,,,
,,,,,,,,,,,,,,,,,,,
,,,,,,,,,,,,,,,,,,,
,,,,,,,,,,,,,,,,,,,
,,,,,,,,,,,,,,,,,,,
,,,,,,,,,,,,,,,,,,,
,,,,,,,,,,,,,,,,,,,
,,,,,,,,,,,,,,,,,,,
,,,,,,,,,,,,,,,,,,,
,,,,,,,,,,,,,,,,,,,
,,,,,,,,,,,,,,,,,,,
,,,,,,,,,,,,,,,,,,,
,,,,,,,,,,,,,,,,,,,
,,,,,,,,,,,,,,,,,,,
,,,,,,,,,,,,,,,,,,,
,,,,,,,,,,,,,,,,,,,
,,,,,,,,,,,,,,,,,,,
,,,,,,,,,,,,,,,,,,,
,,,,,,,,,,,,,,,,,,,
,,,,,,,,,,,,,,,,,,,
,,,,,,,,,,,,,,,,,,,
,,,,,,,,,,,,,,,,,,,
,,,,,,,,,,,,,,,,,,,
,,,,,,,,,,,,,,,,,,,
,,,,,,,,,,,,,,,,,,,
,,,,,,,,,,,,,,,,,,,
,,,,,,,,,,,,,,,,,,,
,,,,,,,,,,,,,,,,,,,
,,,,,,,,,,,,,,,,,,,
,,,,,,,,,,,,,,,,,,,
,,,,,,,,,,,,,,,,,,,
,,,,,,,,,,,,,,,,,,,
,,,,,,,,,,,,,,,,,,,
,,,,,,,,,,,,,,,,,,,
,,,,,,,,,,,,,,,,,,,
,,,,,,,,,,,,,,,,,,,
,,,,,,,,,,,,,,,,,,,
,,,,,,,,,,,,,,,,,,,
,,,,,,,,,,,,,,,,,,,
,,,,,,,,,,,,,,,,,,,
,,,,,,,,,,,,,,,,,,,
,,,,,,,,,,,,,,,,,,,
,,,,,,,,,,,,,,,,,,,
,,,,,,,,,,,,,,,,,,,
,,,,,,,,,,,,,,,,,,,
,,,,,,,,,,,,,,,,,,,
,,,,,,,,,,,,,,,,,,,
,,,,,,,,,,,,,,,,,,,
,,,,,,,,,,,,,,,,,,,
,,,,,,,,,,,,,,,,,,,
,,,,,,,,,,,,,,,,,,,
,,,,,,,,,,,,,,,,,,,
,,,,,,,,,,,,,,,,,,,
,,,,,,,,,,,,,,,,,,,
,,,,,,,,,,,,,,,,,,,
,,,,,,,,,,,,,,,,,,,
,,,,,,,,,,,,,,,,,,,
,,,,,,,,,,,,,,,,,,,
,,,,,,,,,,,,,,,,,,,
,,,,,,,,,,,,,,,,,,,
,,,,,,,,,,,,,,,,,,,
,,,,,,,,,,,,,,,,,,,
,,,,,,,,,,,,,,,,,,,
,,,,,,,,,,,,,,,,,,,
,,,,,,,,,,,,,,,,,,,
,,,,,,,,,,,,,,,,,,,
,,,,,,,,,,,,,,,,,,,
,,,,,,,,,,,,,,,,,,,
,,,,,,,,,,,,,,,,,,,
,,,,,,,,,,,,,,,,,,,
,,,,,,,,,,,,,,,,,,,
,,,,,,,,,,,,,,,,,,,
,,,,,,,,,,,,,,,,,,,
,,,,,,,,,,,,,,,,,,,
,,,,,,,,,,,,,,,,,,,
,,,,,,,,,,,,,,,,,,,
,,,,,,,,,,,,,,,,,,,
,,,,,,,,,,,,,,,,,,,
,,,,,,,,,,,,,,,,,,,
,,,,,,,,,,,,,,,,,,,
,,,,,,,,,,,,,,,,,,,
,,,,,,,,,,,,,,,,,,,
,,,,,,,,,,,,,,,,,,,
,,,,,,,,,,,,,,,,,,,
,,,,,,,,,,,,,,,,,,,
,,,,,,,,,,,,,,,,,,,
,,,,,,,,,,,,,,,,,,,
,,,,,,,,,,,,,,,,,,,
,,,,,,,,,,,,,,,,,,,
,,,,,,,,,,,,,,,,,,,
,,,,,,,,,,,,,,,,,,,
,,,,,,,,,,,,,,,,,,,
,,,,,,,,,,,,,,,,,,,
,,,,,,,,,,,,,,,,,,,
,,,,,,,,,,,,,,,,,,,
,,,,,,,,,,,,,,,,,,,
,,,,,,,,,,,,,,,,,,,
,,,,,,,,,,,,,,,,,,,
,,,,,,,,,,,,,,,,,,,
,,,,,,,,,,,,,,,,,,,
,,,,,,,,,,,,,,,,,,,
,,,,,,,,,,,,,,,,,,,
,,,,,,,,,,,,,,,,,,,
,,,,,,,,,,,,,,,,,,,
,,,,,,,,,,,,,,,,,,,
,,,,,,,,,,,,,,,,,,,
,,,,,,,,,,,,,,,,,,,
,,,,,,,,,,,,,,,,,,,
,,,,,,,,,,,,,,,,,,,
,,,,,,,,,,,,,,,,,,,
,,,,,,,,,,,,,,,,,,,
,,,,,,,,,,,,,,,,,,,
,,,,,,,,,,,,,,,,,,,
,,,,,,,,,,,,,,,,,,,
,,,,,,,,,,,,,,,,,,,
,,,,,,,,,,,,,,,,,,,
,,,,,,,,,,,,,,,,,,,
,,,,,,,,,,,,,,,,,,,
,,,,,,,,,,,,,,,,,,,
,,,,,,,,,,,,,,,,,,,
,,,,,,,,,,,,,,,,,,,
,,,,,,,,,,,,,,,,,,,
,,,,,,,,,,,,,,,,,,,
,,,,,,,,,,,,,,,,,,,
,,,,,,,,,,,,,,,,,,,
,,,,,,,,,,,,,,,,,,,
,,,,,,,,,,,,,,,,,,,
,,,,,,,,,,,,,,,,,,,
,,,,,,,,,,,,,,,,,,,
,,,,,,,,,,,,,,,,,,,
,,,,,,,,,,,,,,,,,,,
,,,,,,,,,,,,,,,,,,,
,,,,,,,,,,,,,,,,,,,
,,,,,,,,,,,,,,,,,,,
,,,,,,,,,,,,,,,,,,,
,,,,,,,,,,,,,,,,,,,
,,,,,,,,,,,,,,,,,,,
,,,,,,,,,,,,,,,,,,,
,,,,,,,,,,,,,,,,,,,
,,,,,,,,,,,,,,,,,,,
,,,,,,,,,,,,,,,,,,,
,,,,,,,,,,,,,,,,,,,
,,,,,,,,,,,,,,,,,,,
,,,,,,,,,,,,,,,,,,,
,,,,,,,,,,,,,,,,,,,
,,,,,,,,,,,,,,,,,,,
,,,,,,,,,,,,,,,,,,,
,,,,,,,,,,,,,,,,,,,
,,,,,,,,,,,,,,,,,,,
,,,,,,,,,,,,,,,,,,,
,,,,,,,,,,,,,,,,,,,
,,,,,,,,,,,,,,,,,,,
,,,,,,,,,,,,,,,,,,,
,,,,,,,,,,,,,,,,,,,
,,,,,,,,,,,,,,,,,,,
,,,,,,,,,,,,,,,,,,,
,,,,,,,,,,,,,,,,,,,
,,,,,,,,,,,,,,,,,,,
,,,,,,,,,,,,,,,,,,,
,,,,,,,,,,,,,,,,,,,
,,,,,,,,,,,,,,,,,,,
,,,,,,,,,,,,,,,,,,,
,,,,,,,,,,,,,,,,,,,
,,,,,,,,,,,,,,,,,,,
,,,,,,,,,,,,,,,,,,,
,,,,,,,,,,,,,,,,,,,
,,,,,,,,,,,,,,,,,,,
,,,,,,,,,,,,,,,,,,,
,,,,,,,,,,,,,,,,,,,
,,,,,,,,,,,,,,,,,,,
,,,,,,,,,,,,,,,,,,,
,,,,,,,,,,,,,,,,,,,
,,,,,,,,,,,,,,,,,,,
,,,,,,,,,,,,,,,,,,,
,,,,,,,,,,,,,,,,,,,
,,,,,,,,,,,,,,,,,,,
,,,,,,,,,,,,,,,,,,,
,,,,,,,,,,,,,,,,,,,
,,,,,,,,,,,,,,,,,,,
,,,,,,,,,,,,,,,,,,,
,,,,,,,,,,,,,,,,,,,
,,,,,,,,,,,,,,,,,,,
,,,,,,,,,,,,,,,,,,,
,,,,,,,,,,,,,,,,,,,
,,,,,,,,,,,,,,,,,,,
,,,,,,,,,,,,,,,,,,,
,,,,,,,,,,,,,,,,,,,
,,,,,,,,,,,,,,,,,,,
,,,,,,,,,,,,,,,,,,,
,,,,,,,,,,,,,,,,,,,
,,,,,,,,,,,,,,,,,,,
,,,,,,,,,,,,,,,,,,,
,,,,,,,,,,,,,,,,,,,
,,,,,,,,,,,,,,,,,,,
,,,,,,,,,,,,,,,,,,,
,,,,,,,,,,,,,,,,,,,
,,,,,,,,,,,,,,,,,,,
,,,,,,,,,,,,,,,,,,,
,,,,,,,,,,,,,,,,,,,
,,,,,,,,,,,,,,,,,,,
,,,,,,,,,,,,,,,,,,,
,,,,,,,,,,,,,,,,,,,
,,,,,,,,,,,,,,,,,,,
,,,,,,,,,,,,,,,,,,,
,,,,,,,,,,,,,,,,,,,
,,,,,,,,,,,,,,,,,,,
,,,,,,,,,,,,,,,,,,,
,,,,,,,,,,,,,,,,,,,
,,,,,,,,,,,,,,,,,,,
,,,,,,,,,,,,,,,,,,,
,,,,,,,,,,,,,,,,,,,
,,,,,,,,,,,,,,,,,,,
,,,,,,,,,,,,,,,,,,,
,,,,,,,,,,,,,,,,,,,
,,,,,,,,,,,,,,,,,,,
,,,,,,,,,,,,,,,,,,,
,,,,,,,,,,,,,,,,,,,
,,,,,,,,,,,,,,,,,,,
,,,,,,,,,,,,,,,,,,,
,,,,,,,,,,,,,,,,,,,
,,,,,,,,,,,,,,,,,,,
,,,,,,,,,,,,,,,,,,,
,,,,,,,,,,,,,,,,,,,
,,,,,,,,,,,,,,,,,,,
,,,,,,,,,,,,,,,,,,,
,,,,,,,,,,,,,,,,,,,
,,,,,,,,,,,,,,,,,,,
,,,,,,,,,,,,,,,,,,,
,,,,,,,,,,,,,,,,,,,
,,,,,,,,,,,,,,,,,,,
,,,,,,,,,,,,,,,,,,,
,,,,,,,,,,,,,,,,,,,
,,,,,,,,,,,,,,,,,,,
,,,,,,,,,,,,,,,,,,,
,,,,,,,,,,,,,,,,,,,
,,,,,,,,,,,,,,,,,,,
,,,,,,,,,,,,,,,,,,,
,,,,,,,,,,,,,,,,,,,
,,,,,,,,,,,,,,,,,,,
,,,,,,,,,,,,,,,,,,,
,,,,,,,,,,,,,,,,,,,
,,,,,,,,,,,,,,,,,,,
,,,,,,,,,,,,,,,,,,,
,,,,,,,,,,,,,,,,,,,
,,,,,,,,,,,,,,,,,,,
,,,,,,,,,,,,,,,,,,,
,,,,,,,,,,,,,,,,,,,
,,,,,,,,,,,,,,,,,,,
,,,,,,,,,,,,,,,,,,,
,,,,,,,,,,,,,,,,,,,
,,,,,,,,,,,,,,,,,,,
,,,,,,,,,,,,,,,,,,,
,,,,,,,,,,,,,,,,,,,
,,,,,,,,,,,,,,,,,,,
,,,,,,,,,,,,,,,,,,,
,,,,,,,,,,,,,,,,,,,
,,,,,,,,,,,,,,,,,,,
,,,,,,,,,,,,,,,,,,,
,,,,,,,,,,,,,,,,,,,
,,,,,,,,,,,,,,,,,,,
,,,,,,,,,,,,,,,,,,,
,,,,,,,,,,,,,,,,,,,
,,,,,,,,,,,,,,,,,,,
,,,,,,,,,,,,,,,,,,,
,,,,,,,,,,,,,,,,,,,
,,,,,,,,,,,,,,,,,,,
,,,,,,,,,,,,,,,,,,,
,,,,,,,,,,,,,,,,,,,
,,,,,,,,,,,,,,,,,,,
,,,,,,,,,,,,,,,,,,,
,,,,,,,,,,,,,,,,,,,
,,,,,,,,,,,,,,,,,,,
,,,,,,,,,,,,,,,,,,,
,,,,,,,,,,,,,,,,,,,
,,,,,,,,,,,,,,,,,,,
,,,,,,,,,,,,,,,,,,,
,,,,,,,,,,,,,,,,,,,
,,,,,,,,,,,,,,,,,,,
,,,,,,,,,,,,,,,,,,,
,,,,,,,,,,,,,,,,,,,
,,,,,,,,,,,,,,,,,,,
,,,,,,,,,,,,,,,,,,,
,,,,,,,,,,,,,,,,,,,
,,,,,,,,,,,,,,,,,,,
,,,,,,,,,,,,,,,,,,,
,,,,,,,,,,,,,,,,,,,
,,,,,,,,,,,,,,,,,,,
,,,,,,,,,,,,,,,,,,,
,,,,,,,,,,,,,,,,,,,
,,,,,,,,,,,,,,,,,,,
,,,,,,,,,,,,,,,,,,,
,,,,,,,,,,,,,,,,,,,
,,,,,,,,,,,,,,,,,,,
,,,,,,,,,,,,,,,,,,,
,,,,,,,,,,,,,,,,,,,
,,,,,,,,,,,,,,,,,,,
,,,,,,,,,,,,,,,,,,,
,,,,,,,,,,,,,,,,,,,
,,,,,,,,,,,,,,,,,,,
,,,,,,,,,,,,,,,,,,,
,,,,,,,,,,,,,,,,,,,
,,,,,,,,,,,,,,,,,,,
,,,,,,,,,,,,,,,,,,,
,,,,,,,,,,,,,,,,,,,
,,,,,,,,,,,,,,,,,,,
,,,,,,,,,,,,,,,,,,,
,,,,,,,,,,,,,,,,,,,
,,,,,,,,,,,,,,,,,,,
,,,,,,,,,,,,,,,,,,,
,,,,,,,,,,,,,,,,,,,
,,,,,,,,,,,,,,,,,,,
,,,,,,,,,,,,,,,,,,,
,,,,,,,,,,,,,,,,,,,
,,,,,,,,,,,,,,,,,,,
,,,,,,,,,,,,,,,,,,,
,,,,,,,,,,,,,,,,,,,
,,,,,,,,,,,,,,,,,,,
,,,,,,,,,,,,,,,,,,,
,,,,,,,,,,,,,,,,,,,
,,,,,,,,,,,,,,,,,,,
,,,,,,,,,,,,,,,,,,,
,,,,,,,,,,,,,,,,,,,
,,,,,,,,,,,,,,,,,,,
,,,,,,,,,,,,,,,,,,,
,,,,,,,,,,,,,,,,,,,
,,,,,,,,,,,,,,,,,,,
,,,,,,,,,,,,,,,,,,,
,,,,,,,,,,,,,,,,,,,
,,,,,,,,,,,,,,,,,,,
,,,,,,,,,,,,,,,,,,,
,,,,,,,,,,,,,,,,,,,
,,,,,,,,,,,,,,,,,,,
,,,,,,,,,,,,,,,,,,,
,,,,,,,,,,,,,,,,,,,
,,,,,,,,,,,,,,,,,,,
,,,,,,,,,,,,,,,,,,,
,,,,,,,,,,,,,,,,,,,
,,,,,,,,,,,,,,,,,,,
,,,,,,,,,,,,,,,,,,,
,,,,,,,,,,,,,,,,,,,
,,,,,,,,,,,,,,,,,,,
,,,,,,,,,,,,,,,,,,,
,,,,,,,,,,,,,,,,,,,
,,,,,,,,,,,,,,,,,,,
,,,,,,,,,,,,,,,,,,,
,,,,,,,,,,,,,,,,,,,
,,,,,,,,,,,,,,,,,,,
,,,,,,,,,,,,,,,,,,,
,,,,,,,,,,,,,,,,,,,
,,,,,,,,,,,,,,,,,,,
,,,,,,,,,,,,,,,,,,,
,,,,,,,,,,,,,,,,,,,
,,,,,,,,,,,,,,,,,,,
,,,,,,,,,,,,,,,,,,,
,,,,,,,,,,,,,,,,,,,
,,,,,,,,,,,,,,,,,,,
,,,,,,,,,,,,,,,,,,,
,,,,,,,,,,,,,,,,,,,
,,,,,,,,,,,,,,,,,,,
,,,,,,,,,,,,,,,,,,,
,,,,,,,,,,,,,,,,,,,
,,,,,,,,,,,,,,,,,,,
,,,,,,,,,,,,,,,,,,,
,,,,,,,,,,,,,,,,,,,
,,,,,,,,,,,,,,,,,,,
,,,,,,,,,,,,,,,,,,,
,,,,,,,,,,,,,,,,,,,
,,,,,,,,,,,,,,,,,,,
,,,,,,,,,,,,,,,,,,,
,,,,,,,,,,,,,,,,,,,
,,,,,,,,,,,,,,,,,,,
,,,,,,,,,,,,,,,,,,,
,,,,,,,,,,,,,,,,,,,
,,,,,,,,,,,,,,,,,,,
,,,,,,,,,,,,,,,,,,,
,,,,,,,,,,,,,,,,,,,
,,,,,,,,,,,,,,,,,,,
,,,,,,,,,,,,,,,,,,,
,,,,,,,,,,,,,,,,,,,
,,,,,,,,,,,,,,,,,,,
,,,,,,,,,,,,,,,,,,,
,,,,,,,,,,,,,,,,,,,
,,,,,,,,,,,,,,,,,,,
,,,,,,,,,,,,,,,,,,,
,,,,,,,,,,,,,,,,,,,
,,,,,,,,,,,,,,,,,,,
,,,,,,,,,,,,,,,,,,,
,,,,,,,,,,,,,,,,,,,
,,,,,,,,,,,,,,,,,,,
,,,,,,,,,,,,,,,,,,,
,,,,,,,,,,,,,,,,,,,
,,,,,,,,,,,,,,,,,,,
,,,,,,,,,,,,,,,,,,,
,,,,,,,,,,,,,,,,,,,
,,,,,,,,,,,,,,,,,,,
,,,,,,,,,,,,,,,,,,,
,,,,,,,,,,,,,,,,,,,
,,,,,,,,,,,,,,,,,,,
,,,,,,,,,,,,,,,,,,,
,,,,,,,,,,,,,,,,,,,
,,,,,,,,,,,,,,,,,,,
,,,,,,,,,,,,,,,,,,,
,,,,,,,,,,,,,,,,,,,
,,,,,,,,,,,,,,,,,,,
,,,,,,,,,,,,,,,,,,,
,,,,,,,,,,,,,,,,,,,
,,,,,,,,,,,,,,,,,,,
,,,,,,,,,,,,,,,,,,,
,,,,,,,,,,,,,,,,,,,
,,,,,,,,,,,,,,,,,,,
,,,,,,,,,,,,,,,,,,,
,,,,,,,,,,,,,,,,,,,
,,,,,,,,,,,,,,,,,,,
,,,,,,,,,,,,,,,,,,,
,,,,,,,,,,,,,,,,,,,
,,,,,,,,,,,,,,,,,,,
,,,,,,,,,,,,,,,,,,,
,,,,,,,,,,,,,,,,,,,
,,,,,,,,,,,,,,,,,,,
,,,,,,,,,,,,,,,,,,,
,,,,,,,,,,,,,,,,,,,
,,,,,,,,,,,,,,,,,,,
,,,,,,,,,,,,,,,,,,,
,,,,,,,,,,,,,,,,,,,
,,,,,,,,,,,,,,,,,,,
,,,,,,,,,,,,,,,,,,,
,,,,,,,,,,,,,,,,,,,
,,,,,,,,,,,,,,,,,,,
,,,,,,,,,,,,,,,,,,,
,,,,,,,,,,,,,,,,,,,
,,,,,,,,,,,,,,,,,,,
,,,,,,,,,,,,,,,,,,,
,,,,,,,,,,,,,,,,,,,
,,,,,,,,,,,,,,,,,,,
,,,,,,,,,,,,,,,,,,,
,,,,,,,,,,,,,,,,,,,
,,,,,,,,,,,,,,,,,,,
,,,,,,,,,,,,,,,,,,,
,,,,,,,,,,,,,,,,,,,
,,,,,,,,,,,,,,,,,,,
,,,,,,,,,,,,,,,,,,,
,,,,,,,,,,,,,,,,,,,
,,,,,,,,,,,,,,,,,,,
,,,,,,,,,,,,,,,,,,,
,,,,,,,,,,,,,,,,,,,
,,,,,,,,,,,,,,,,,,,
,,,,,,,,,,,,,,,,,,,
,,,,,,,,,,,,,,,,,,,
,,,,,,,,,,,,,,,,,,,
,,,,,,,,,,,,,,,,,,,
,,,,,,,,,,,,,,,,,,,
,,,,,,,,,,,,,,,,,,,
,,,,,,,,,,,,,,,,,,,
,,,,,,,,,,,,,,,,,,,
,,,,,,,,,,,,,,,,,,,
,,,,,,,,,,,,,,,,,,,
,,,,,,,,,,,,,,,,,,,
,,,,,,,,,,,,,,,,,,,
,,,,,,,,,,,,,,,,,,,
,,,,,,,,,,,,,,,,,,,
,,,,,,,,,,,,,,,,,,,
,,,,,,,,,,,,,,,,,,,
,,,,,,,,,,,,,,,,,,,
,,,,,,,,,,,,,,,,,,,
,,,,,,,,,,,,,,,,,,,
,,,,,,,,,,,,,,,,,,,
,,,,,,,,,,,,,,,,,,,
,,,,,,,,,,,,,,,,,,,
,,,,,,,,,,,,,,,,,,,
,,,,,,,,,,,,,,,,,,,
,,,,,,,,,,,,,,,,,,,
,,,,,,,,,,,,,,,,,,,
,,,,,,,,,,,,,,,,,,,
,,,,,,,,,,,,,,,,,,,
,,,,,,,,,,,,,,,,,,,
,,,,,,,,,,,,,,,,,,,
,,,,,,,,,,,,,,,,,,,
,,,,,,,,,,,,,,,,,,,
,,,,,,,,,,,,,,,,,,,
,,,,,,,,,,,,,,,,,,,
,,,,,,,,,,,,,,,,,,,
,,,,,,,,,,,,,,,,,,,
,,,,,,,,,,,,,,,,,,,
,,,,,,,,,,,,,,,,,,,
,,,,,,,,,,,,,,,,,,,
,,,,,,,,,,,,,,,,,,,
,,,,,,,,,,,,,,,,,,,
,,,,,,,,,,,,,,,,,,,
,,,,,,,,,,,,,,,,,,,
,,,,,,,,,,,,,,,,,,,
,,,,,,,,,,,,,,,,,,,
,,,,,,,,,,,,,,,,,,,
,,,,,,,,,,,,,,,,,,,
,,,,,,,,,,,,,,,,,,,
,,,,,,,,,,,,,,,,,,,
,,,,,,,,,,,,,,,,,,,
,,,,,,,,,,,,,,,,,,,
,,,,,,,,,,,,,,,,,,,
,,,,,,,,,,,,,,,,,,,
,,,,,,,,,,,,,,,,,,,
,,,,,,,,,,,,,,,,,,,
,,,,,,,,,,,,,,,,,,,
,,,,,,,,,,,,,,,,,,,
,,,,,,,,,,,,,,,,,,,
,,,,,,,,,,,,,,,,,,,
,,,,,,,,,,,,,,,,,,,
,,,,,,,,,,,,,,,,,,,
,,,,,,,,,,,,,,,,,,,
,,,,,,,,,,,,,,,,,,,
,,,,,,,,,,,,,,,,,,,
,,,,,,,,,,,,,,,,,,,
,,,,,,,,,,,,,,,,,,,
,,,,,,,,,,,,,,,,,,,
,,,,,,,,,,,,,,,,,,,
,,,,,,,,,,,,,,,,,,,
,,,,,,,,,,,,,,,,,,,
,,,,,,,,,,,,,,,,,,,
,,,,,,,,,,,,,,,,,,,
,,,,,,,,,,,,,,,,,,,
,,,,,,,,,,,,,,,,,,,
,,,,,,,,,,,,,,,,,,,
,,,,,,,,,,,,,,,,,,,
,,,,,,,,,,,,,,,,,,,
,,,,,,,,,,,,,,,,,,,
,,,,,,,,,,,,,,,,,,,
,,,,,,,,,,,,,,,,,,,
,,,,,,,,,,,,,,,,,,,
,,,,,,,,,,,,,,,,,,,
,,,,,,,,,,,,,,,,,,,
,,,,,,,,,,,,,,,,,,,
,,,,,,,,,,,,,,,,,,,
,,,,,,,,,,,,,,,,,,,
,,,,,,,,,,,,,,,,,,,
,,,,,,,,,,,,,,,,,,,
,,,,,,,,,,,,,,,,,,,
,,,,,,,,,,,,,,,,,,,
,,,,,,,,,,,,,,,,,,,
,,,,,,,,,,,,,,,,,,,
,,,,,,,,,,,,,,,,,,,
,,,,,,,,,,,,,,,,,,,
,,,,,,,,,,,,,,,,,,,
,,,,,,,,,,,,,,,,,,,
,,,,,,,,,,,,,,,,,,,
,,,,,,,,,,,,,,,,,,,
,,,,,,,,,,,,,,,,,,,
,,,,,,,,,,,,,,,,,,,
,,,,,,,,,,,,,,,,,,,
,,,,,,,,,,,,,,,,,,,
,,,,,,,,,,,,,,,,,,,
,,,,,,,,,,,,,,,,,,,
,,,,,,,,,,,,,,,,,,,
,,,,,,,,,,,,,,,,,,,
,,,,,,,,,,,,,,,,,,,
,,,,,,,,,,,,,,,,,,,
,,,,,,,,,,,,,,,,,,,
,,,,,,,,,,,,,,,,,,,
,,,,,,,,,,,,,,,,,,,
,,,,,,,,,,,,,,,,,,,
,,,,,,,,,,,,,,,,,,,
,,,,,,,,,,,,,,,,,,,
,,,,,,,,,,,,,,,,,,,
,,,,,,,,,,,,,,,,,,,
,,,,,,,,,,,,,,,,,,,
,,,,,,,,,,,,,,,,,,,
,,,,,,,,,,,,,,,,,,,
,,,,,,,,,,,,,,,,,,,
,,,,,,,,,,,,,,,,,,,
,,,,,,,,,,,,,,,,,,,
,,,,,,,,,,,,,,,,,,,
,,,,,,,,,,,,,,,,,,,
,,,,,,,,,,,,,,,,,,,
,,,,,,,,,,,,,,,,,,,
,,,,,,,,,,,,,,,,,,,
,,,,,,,,,,,,,,,,,,,
,,,,,,,,,,,,,,,,,,,
,,,,,,,,,,,,,,,,,,,
,,,,,,,,,,,,,,,,,,,
,,,,,,,,,,,,,,,,,,,
,,,,,,,,,,,,,,,,,,,
,,,,,,,,,,,,,,,,,,,
,,,,,,,,,,,,,,,,,,,
,,,,,,,,,,,,,,,,,,,
,,,,,,,,,,,,,,,,,,,
,,,,,,,,,,,,,,,,,,,
,,,,,,,,,,,,,,,,,,,
,,,,,,,,,,,,,,,,,,,
,,,,,,,,,,,,,,,,,,,
,,,,,,,,,,,,,,,,,,,
,,,,,,,,,,,,,,,,,,,
,,,,,,,,,,,,,,,,,,,
,,,,,,,,,,,,,,,,,,,
,,,,,,,,,,,,,,,,,,,
,,,,,,,,,,,,,,,,,,,
,,,,,,,,,,,,,,,,,,,
,,,,,,,,,,,,,,,,,,,
,,,,,,,,,,,,,,,,,,,
,,,,,,,,,,,,,,,,,,,
,,,,,,,,,,,,,,,,,,,
,,,,,,,,,,,,,,,,,,,
,,,,,,,,,,,,,,,,,,,
,,,,,,,,,,,,,,,,,,,
,,,,,,,,,,,,,,,,,,,
,,,,,,,,,,,,,,,,,,,
,,,,,,,,,,,,,,,,,,,
,,,,,,,,,,,,,,,,,,,
,,,,,,,,,,,,,,,,,,,
,,,,,,,,,,,,,,,,,,,
,,,,,,,,,,,,,,,,,,,
,,,,,,,,,,,,,,,,,,,
,,,,,,,,,,,,,,,,,,,
,,,,,,,,,,,,,,,,,,,
,,,,,,,,,,,,,,,,,,,
,,,,,,,,,,,,,,,,,,,
,,,,,,,,,,,,,,,,,,,
,,,,,,,,,,,,,,,,,,,
,,,,,,,,,,,,,,,,,,,
,,,,,,,,,,,,,,,,,,,
,,,,,,,,,,,,,,,,,,,
,,,,,,,,,,,,,,,,,,,
,,,,,,,,,,,,,,,,,,,
,,,,,,,,,,,,,,,,,,,
,,,,,,,,,,,,,,,,,,,
,,,,,,,,,,,,,,,,,,,
,,,,,,,,,,,,,,,,,,,
,,,,,,,,,,,,,,,,,,,
,,,,,,,,,,,,,,,,,,,
,,,,,,,,,,,,,,,,,,,
,,,,,,,,,,,,,,,,,,,
,,,,,,,,,,,,,,,,,,,
,,,,,,,,,,,,,,,,,,,
,,,,,,,,,,,,,,,,,,,
,,,,,,,,,,,,,,,,,,,
,,,,,,,,,,,,,,,,,,,
,,,,,,,,,,,,,,,,,,,
,,,,,,,,,,,,,,,,,,,
,,,,,,,,,,,,,,,,,,,
,,,,,,,,,,,,,,,,,,,
,,,,,,,,,,,,,,,,,,,
,,,,,,,,,,,,,,,,,,,
,,,,,,,,,,,,,,,,,,,
,,,,,,,,,,,,,,,,,,,
,,,,,,,,,,,,,,,,,,,
,,,,,,,,,,,,,,,,,,,
,,,,,,,,,,,,,,,,,,,
,,,,,,,,,,,,,,,,,,,
,,,,,,,,,,,,,,,,,,,
,,,,,,,,,,,,,,,,,,,
,,,,,,,,,,,,,,,,,,,
,,,,,,,,,,,,,,,,,,,
,,,,,,,,,,,,,,,,,,,
,,,,,,,,,,,,,,,,,,,
,,,,,,,,,,,,,,,,,,,
,,,,,,,,,,,,,,,,,,,
,,,,,,,,,,,,,,,,,,,
,,,,,,,,,,,,,,,,,,,
,,,,,,,,,,,,,,,,,,,
,,,,,,,,,,,,,,,,,,,
,,,,,,,,,,,,,,,,,,,
,,,,,,,,,,,,,,,,,,,
,,,,,,,,,,,,,,,,,,,
,,,,,,,,,,,,,,,,,,,
,,,,,,,,,,,,,,,,,,,
,,,,,,,,,,,,,,,,,,,
,,,,,,,,,,,,,,,,,,,
,,,,,,,,,,,,,,,,,,,
,,,,,,,,,,,,,,,,,,,
,,,,,,,,,,,,,,,,,,,
,,,,,,,,,,,,,,,,,,,
,,,,,,,,,,,,,,,,,,,
,,,,,,,,,,,,,,,,,,,
,,,,,,,,,,,,,,,,,,,
,,,,,,,,,,,,,,,,,,,
,,,,,,,,,,,,,,,,,,,
,,,,,,,,,,,,,,,,,,,
,,,,,,,,,,,,,,,,,,,
,,,,,,,,,,,,,,,,,,,
,,,,,,,,,,,,,,,,,,,
,,,,,,,,,,,,,,,,,,,
,,,,,,,,,,,,,,,,,,,
,,,,,,,,,,,,,,,,,,,
,,,,,,,,,,,,,,,,,,,
,,,,,,,,,,,,,,,,,,,
,,,,,,,,,,,,,,,,,,,
,,,,,,,,,,,,,,,,,,,
,,,,,,,,,,,,,,,,,,,
,,,,,,,,,,,,,,,,,,,
,,,,,,,,,,,,,,,,,,,
,,,,,,,,,,,,,,,,,,,
,,,,,,,,,,,,,,,,,,,
,,,,,,,,,,,,,,,,,,,
,,,,,,,,,,,,,,,,,,,
,,,,,,,,,,,,,,,,,,,
,,,,,,,,,,,,,,,,,,,
,,,,,,,,,,,,,,,,,,,
,,,,,,,,,,,,,,,,,,,
,,,,,,,,,,,,,,,,,,,
,,,,,,,,,,,,,,,,,,,
,,,,,,,,,,,,,,,,,,,
,,,,,,,,,,,,,,,,,,,
,,,,,,,,,,,,,,,,,,,
,,,,,,,,,,,,,,,,,,,
,,,,,,,,,,,,,,,,,,,
,,,,,,,,,,,,,,,,,,,
,,,,,,,,,,,,,,,,,,,
,,,,,,,,,,,,,,,,,,,
,,,,,,,,,,,,,,,,,,,
,,,,,,,,,,,,,,,,,,,
,,,,,,,,,,,,,,,,,,,
,,,,,,,,,,,,,,,,,,,
,,,,,,,,,,,,,,,,,,,
,,,,,,,,,,,,,,,,,,,
,,,,,,,,,,,,,,,,,,,
,,,,,,,,,,,,,,,,,,,
,,,,,,,,,,,,,,,,,,,
,,,,,,,,,,,,,,,,,,,
,,,,,,,,,,,,,,,,,,,
,,,,,,,,,,,,,,,,,,,
,,,,,,,,,,,,,,,,,,,
,,,,,,,,,,,,,,,,,,,
,,,,,,,,,,,,,,,,,,,
,,,,,,,,,,,,,,,,,,,
,,,,,,,,,,,,,,,,,,,
,,,,,,,,,,,,,,,,,,,
,,,,,,,,,,,,,,,,,,,
,,,,,,,,,,,,,,,,,,,
,,,,,,,,,,,,,,,,,,,
,,,,,,,,,,,,,,,,,,,
,,,,,,,,,,,,,,,,,,,
,,,,,,,,,,,,,,,,,,,
,,,,,,,,,,,,,,,,,,,
,,,,,,,,,,,,,,,,,,,
,,,,,,,,,,,,,,,,,,,
,,,,,,,,,,,,,,,,,,,
,,,,,,,,,,,,,,,,,,,
,,,,,,,,,,,,,,,,,,,
,,,,,,,,,,,,,,,,,,,
,,,,,,,,,,,,,,,,,,,
,,,,,,,,,,,,,,,,,,,
,,,,,,,,,,,,,,,,,,,
,,,,,,,,,,,,,,,,,,,
,,,,,,,,,,,,,,,,,,,
,,,,,,,,,,,,,,,,,,,
,,,,,,,,,,,,,,,,,,,
,,,,,,,,,,,,,,,,,,,
,,,,,,,,,,,,,,,,,,,
,,,,,,,,,,,,,,,,,,,
,,,,,,,,,,,,,,,,,,,
,,,,,,,,,,,,,,,,,,,
,,,,,,,,,,,,,,,,,,,
,,,,,,,,,,,,,,,,,,,
,,,,,,,,,,,,,,,,,,,
,,,,,,,,,,,,,,,,,,,
,,,,,,,,,,,,,,,,,,,
,,,,,,,,,,,,,,,,,,,
,,,,,,,,,,,,,,,,,,,
,,,,,,,,,,,,,,,,,,,
,,,,,,,,,,,,,,,,,,,
,,,,,,,,,,,,,,,,,,,
,,,,,,,,,,,,,,,,,,,
,,,,,,,,,,,,,,,,,,,
,,,,,,,,,,,,,,,,,,,
,,,,,,,,,,,,,,,,,,,
,,,,,,,,,,,,,,,,,,,
,,,,,,,,,,,,,,,,,,,
,,,,,,,,,,,,,,,,,,,
,,,,,,,,,,,,,,,,,,,
,,,,,,,,,,,,,,,,,,,
,,,,,,,,,,,,,,,,,,,
,,,,,,,,,,,,,,,,,,,
,,,,,,,,,,,,,,,,,,,
,,,,,,,,,,,,,,,,,,,
,,,,,,,,,,,,,,,,,,,
,,,,,,,,,,,,,,,,,,,
,,,,,,,,,,,,,,,,,,,
,,,,,,,,,,,,,,,,,,,
,,,,,,,,,,,,,,,,,,,
,,,,,,,,,,,,,,,,,,,
,,,,,,,,,,,,,,,,,,,
,,,,,,,,,,,,,,,,,,,
,,,,,,,,,,,,,,,,,,,
,,,,,,,,,,,,,,,,,,,
,,,,,,,,,,,,,,,,,,,
,,,,,,,,,,,,,,,,,,,
,,,,,,,,,,,,,,,,,,,
,,,,,,,,,,,,,,,,,,,
,,,,,,,,,,,,,,,,,,,
,,,,,,,,,,,,,,,,,,,
,,,,,,,,,,,,,,,,,,,
,,,,,,,,,,,,,,,,,,,
,,,,,,,,,,,,,,,,,,,
,,,,,,,,,,,,,,,,,,,
,,,,,,,,,,,,,,,,,,,
,,,,,,,,,,,,,,,,,,,
,,,,,,,,,,,,,,,,,,,
,,,,,,,,,,,,,,,,,,,
,,,,,,,,,,,,,,,,,,,
,,,,,,,,,,,,,,,,,,,
,,,,,,,,,,,,,,,,,,,
,,,,,,,,,,,,,,,,,,,
,,,,,,,,,,,,,,,,,,,
,,,,,,,,,,,,,,,,,,,
,,,,,,,,,,,,,,,,,,,
,,,,,,,,,,,,,,,,,,,
,,,,,,,,,,,,,,,,,,,
,,,,,,,,,,,,,,,,,,,
,,,,,,,,,,,,,,,,,,,
,,,,,,,,,,,,,,,,,,,
,,,,,,,,,,,,,,,,,,,
,,,,,,,,,,,,,,,,,,,
,,,,,,,,,,,,,,,,,,,
,,,,,,,,,,,,,,,,,,,
,,,,,,,,,,,,,,,,,,,
,,,,,,,,,,,,,,,,,,,
,,,,,,,,,,,,,,,,,,,
,,,,,,,,,,,,,,,,,,,
,,,,,,,,,,,,,,,,,,,
,,,,,,,,,,,,,,,,,,,
,,,,,,,,,,,,,,,,,,,
,,,,,,,,,,,,,,,,,,,
,,,,,,,,,,,,,,,,,,,
,,,,,,,,,,,,,,,,,,,
,,,,,,,,,,,,,,,,,,,
,,,,,,,,,,,,,,,,,,,
,,,,,,,,,,,,,,,,,,,
,,,,,,,,,,,,,,,,,,,
,,,,,,,,,,,,,,,,,,,
,,,,,,,,,,,,,,,,,,,
,,,,,,,,,,,,,,,,,,,
,,,,,,,,,,,,,,,,,,,
,,,,,,,,,,,,,,,,,,,
,,,,,,,,,,,,,,,,,,,
,,,,,,,,,,,,,,,,,,,
,,,,,,,,,,,,,,,,,,,
,,,,,,,,,,,,,,,,,,,
,,,,,,,,,,,,,,,,,,,
,,,,,,,,,,,,,,,,,,,
,,,,,,,,,,,,,,,,,,,
,,,,,,,,,,,,,,,,,,,
,,,,,,,,,,,,,,,,,,,
,,,,,,,,,,,,,,,,,,,
,,,,,,,,,,,,,,,,,,,
,,,,,,,,,,,,,,,,,,,
,,,,,,,,,,,,,,,,,,,
,,,,,,,,,,,,,,,,,,,
,,,,,,,,,,,,,,,,,,,
,,,,,,,,,,,,,,,,,,,
,,,,,,,,,,,,,,,,,,,
,,,,,,,,,,,,,,,,,,,
,,,,,,,,,,,,,,,,,,,
,,,,,,,,,,,,,,,,,,,
,,,,,,,,,,,,,,,,,,,
,,,,,,,,,,,,,,,,,,,
,,,,,,,,,,,,,,,,,,,
,,,,,,,,,,,,,,,,,,,
,,,,,,,,,,,,,,,,,,,
,,,,,,,,,,,,,,,,,,,
,,,,,,,,,,,,,,,,,,,
,,,,,,,,,,,,,,,,,,,
,,,,,,,,,,,,,,,,,,,
,,,,,,,,,,,,,,,,,,,
,,,,,,,,,,,,,,,,,,,
,,,,,,,,,,,,,,,,,,,
,,,,,,,,,,,,,,,,,,,
,,,,,,,,,,,,,,,,,,,
,,,,,,,,,,,,,,,,,,,
,,,,,,,,,,,,,,,,,,,
,,,,,,,,,,,,,,,,,,,
,,,,,,,,,,,,,,,,,,,
,,,,,,,,,,,,,,,,,,,
,,,,,,,,,,,,,,,,,,,
,,,,,,,,,,,,,,,,,,,
,,,,,,,,,,,,,,,,,,,
,,,,,,,,,,,,,,,,,,,
,,,,,,,,,,,,,,,,,,,
,,,,,,,,,,,,,,,,,,,
,,,,,,,,,,,,,,,,,,,
,,,,,,,,,,,,,,,,,,,
,,,,,,,,,,,,,,,,,,,
,,,,,,,,,,,,,,,,,,,
,,,,,,,,,,,,,,,,,,,
,,,,,,,,,,,,,,,,,,,
,,,,,,,,,,,,,,,,,,,
,,,,,,,,,,,,,,,,,,,
,,,,,,,,,,,,,,,,,,,
,,,,,,,,,,,,,,,,,,,
,,,,,,,,,,,,,,,,,,,
,,,,,,,,,,,,,,,,,,,
,,,,,,,,,,,,,,,,,,,
,,,,,,,,,,,,,,,,,,,
,,,,,,,,,,,,,,,,,,,
,,,,,,,,,,,,,,,,,,,
,,,,,,,,,,,,,,,,,,,
,,,,,,,,,,,,,,,,,,,
,,,,,,,,,,,,,,,,,,,
,,,,,,,,,,,,,,,,,,,
,,,,,,,,,,,,,,,,,,,
,,,,,,,,,,,,,,,,,,,
,,,,,,,,,,,,,,,,,,,
,,,,,,,,,,,,,,,,,,,
,,,,,,,,,,,,,,,,,,,
,,,,,,,,,,,,,,,,,,,
,,,,,,,,,,,,,,,,,,,
,,,,,,,,,,,,,,,,,,,
,,,,,,,,,,,,,,,,,,,
,,,,,,,,,,,,,,,,,,,
,,,,,,,,,,,,,,,,,,,
,,,,,,,,,,,,,,,,,,,
,,,,,,,,,,,,,,,,,,,
,,,,,,,,,,,,,,,,,,,
,,,,,,,,,,,,,,,,,,,
,,,,,,,,,,,,,,,,,,,
,,,,,,,,,,,,,,,,,,,
,,,,,,,,,,,,,,,,,,,
,,,,,,,,,,,,,,,,,,,
,,,,,,,,,,,,,,,,,,,
,,,,,,,,,,,,,,,,,,,
,,,,,,,,,,,,,,,,,,,
,,,,,,,,,,,,,,,,,,,
,,,,,,,,,,,,,,,,,,,
,,,,,,,,,,,,,,,,,,,
,,,,,,,,,,,,,,,,,,,
,,,,,,,,,,,,,,,,,,,
,,,,,,,,,,,,,,,,,,,
,,,,,,,,,,,,,,,,,,,
,,,,,,,,,,,,,,,,,,,
,,,,,,,,,,,,,,,,,,,
,,,,,,,,,,,,,,,,,,,
,,,,,,,,,,,,,,,,,,,
,,,,,,,,,,,,,,,,,,,
,,,,,,,,,,,,,,,,,,,
,,,,,,,,,,,,,,,,,,,
,,,,,,,,,,,,,,,,,,,
,,,,,,,,,,,,,,,,,,,
,,,,,,,,,,,,,,,,,,,
,,,,,,,,,,,,,,,,,,,
,,,,,,,,,,,,,,,,,,,
,,,,,,,,,,,,,,,,,,,
,,,,,,,,,,,,,,,,,,,
,,,,,,,,,,,,,,,,,,,
,,,,,,,,,,,,,,,,,,,
,,,,,,,,,,,,,,,,,,,
,,,,,,,,,,,,,,,,,,,
,,,,,,,,,,,,,,,,,,,
,,,,,,,,,,,,,,,,,,,
,,,,,,,,,,,,,,,,,,,
,,,,,,,,,,,,,,,,,,,
,,,,,,,,,,,,,,,,,,,
,,,,,,,,,,,,,,,,,,,
,,,,,,,,,,,,,,,,,,,
,,,,,,,,,,,,,,,,,,,
,,,,,,,,,,,,,,,,,,,
,,,,,,,,,,,,,,,,,,,
,,,,,,,,,,,,,,,,,,,
,,,,,,,,,,,,,,,,,,,
,,,,,,,,,,,,,,,,,,,
,,,,,,,,,,,,,,,,,,,
,,,,,,,,,,,,,,,,,,,
,,,,,,,,,,,,,,,,,,,
,,,,,,,,,,,,,,,,,,,
,,,,,,,,,,,,,,,,,,,
,,,,,,,,,,,,,,,,,,,
,,,,,,,,,,,,,,,,,,,
,,,,,,,,,,,,,,,,,,,
,,,,,,,,,,,,,,,,,,,
,,,,,,,,,,,,,,,,,,,
,,,,,,,,,,,,,,,,,,,
,,,,,,,,,,,,,,,,,,,
,,,,,,,,,,,,,,,,,,,
,,,,,,,,,,,,,,,,,,,
,,,,,,,,,,,,,,,,,,,
,,,,,,,,,,,,,,,,,,,
,,,,,,,,,,,,,,,,,,,
,,,,,,,,,,,,,,,,,,,
,,,,,,,,,,,,,,,,,,,
,,,,,,,,,,,,,,,,,,,
,,,,,,,,,,,,,,,,,,,
,,,,,,,,,,,,,,,,,,,
,,,,,,,,,,,,,,,,,,,
,,,,,,,,,,,,,,,,,,,
,,,,,,,,,,,,,,,,,,,
,,,,,,,,,,,,,,,,,,,
,,,,,,,,,,,,,,,,,,,
,,,,,,,,,,,,,,,,,,,
,,,,,,,,,,,,,,,,,,,
,,,,,,,,,,,,,,,,,,,
,,,,,,,,,,,,,,,,,,,
,,,,,,,,,,,,,,,,,,,
,,,,,,,,,,,,,,,,,,,
,,,,,,,,,,,,,,,,,,,
,,,,,,,,,,,,,,,,,,,
,,,,,,,,,,,,,,,,,,,
,,,,,,,,,,,,,,,,,,,
,,,,,,,,,,,,,,,,,,,
,,,,,,,,,,,,,,,,,,,
,,,,,,,,,,,,,,,,,,,
,,,,,,,,,,,,,,,,,,,
,,,,,,,,,,,,,,,,,,,
,,,,,,,,,,,,,,,,,,,
,,,,,,,,,,,,,,,,,,,
,,,,,,,,,,,,,,,,,,,
,,,,,,,,,,,,,,,,,,,
,,,,,,,,,,,,,,,,,,,
,,,,,,,,,,,,,,,,,,,
,,,,,,,,,,,,,,,,,,,
,,,,,,,,,,,,,,,,,,,
,,,,,,,,,,,,,,,,,,,
,,,,,,,,,,,,,,,,,,,
,,,,,,,,,,,,,,,,,,,
,,,,,,,,,,,,,,,,,,,
,,,,,,,,,,,,,,,,,,,
,,,,,,,,,,,,,,,,,,,
,,,,,,,,,,,,,,,,,,,
,,,,,,,,,,,,,,,,,,,
,,,,,,,,,,,,,,,,,,,
,,,,,,,,,,,,,,,,,,,
,,,,,,,,,,,,,,,,,,,
,,,,,,,,,,,,,,,,,,,
,,,,,,,,,,,,,,,,,,,
,,,,,,,,,,,,,,,,,,,
,,,,,,,,,,,,,,,,,,,
,,,,,,,,,,,,,,,,,,,
,,,,,,,,,,,,,,,,,,,
,,,,,,,,,,,,,,,,,,,
,,,,,,,,,,,,,,,,,,,
,,,,,,,,,,,,,,,,,,,
,,,,,,,,,,,,,,,,,,,
,,,,,,,,,,,,,,,,,,,
,,,,,,,,,,,,,,,,,,,
,,,,,,,,,,,,,,,,,,,
,,,,,,,,,,,,,,,,,,,
,,,,,,,,,,,,,,,,,,,
,,,,,,,,,,,,,,,,,,,
,,,,,,,,,,,,,,,,,,,
,,,,,,,,,,,,,,,,,,,
,,,,,,,,,,,,,,,,,,,
,,,,,,,,,,,,,,,,,,,
,,,,,,,,,,,,,,,,,,,
,,,,,,,,,,,,,,,,,,,
,,,,,,,,,,,,,,,,,,,
,,,,,,,,,,,,,,,,,,,
,,,,,,,,,,,,,,,,,,,
,,,,,,,,,,,,,,,,,,,
,,,,,,,,,,,,,,,,,,,
,,,,,,,,,,,,,,,,,,,
,,,,,,,,,,,,,,,,,,,
,,,,,,,,,,,,,,,,,,,
,,,,,,,,,,,,,,,,,,,
,,,,,,,,,,,,,,,,,,,
,,,,,,,,,,,,,,,,,,,
,,,,,,,,,,,,,,,,,,,
,,,,,,,,,,,,,,,,,,,
,,,,,,,,,,,,,,,,,,,
,,,,,,,,,,,,,,,,,,,
,,,,,,,,,,,,,,,,,,,
,,,,,,,,,,,,,,,,,,,
,,,,,,,,,,,,,,,,,,,
,,,,,,,,,,,,,,,,,,,
,,,,,,,,,,,,,,,,,,,
,,,,,,,,,,,,,,,,,,,
,,,,,,,,,,,,,,,,,,,
,,,,,,,,,,,,,,,,,,,
,,,,,,,,,,,,,,,,,,,
,,,,,,,,,,,,,,,,,,,
,,,,,,,,,,,,,,,,,,,
,,,,,,,,,,,,,,,,,,,
,,,,,,,,,,,,,,,,,,,
,,,,,,,,,,,,,,,,,,,
,,,,,,,,,,,,,,,,,,,
,,,,,,,,,,,,,,,,,,,
,,,,,,,,,,,,,,,,,,,
,,,,,,,,,,,,,,,,,,,
,,,,,,,,,,,,,,,,,,,
,,,,,,,,,,,,,,,,,,,
,,,,,,,,,,,,,,,,,,,
,,,,,,,,,,,,,,,,,,,
,,,,,,,,,,,,,,,,,,,
,,,,,,,,,,,,,,,,,,,
,,,,,,,,,,,,,,,,,,,
,,,,,,,,,,,,,,,,,,,
,,,,,,,,,,,,,,,,,,,
,,,,,,,,,,,,,,,,,,,
,,,,,,,,,,,,,,,,,,,
,,,,,,,,,,,,,,,,,,,
,,,,,,,,,,,,,,,,,,,
,,,,,,,,,,,,,,,,,,,
,,,,,,,,,,,,,,,,,,,
,,,,,,,,,,,,,,,,,,,
,,,,,,,,,,,,,,,,,,,
,,,,,,,,,,,,,,,,,,,
,,,,,,,,,,,,,,,,,,,
,,,,,,,,,,,,,,,,,,,
,,,,,,,,,,,,,,,,,,,
,,,,,,,,,,,,,,,,,,,
,,,,,,,,,,,,,,,,,,,
,,,,,,,,,,,,,,,,,,,
,,,,,,,,,,,,,,,,,,,
,,,,,,,,,,,,,,,,,,,
,,,,,,,,,,,,,,,,,,,
,,,,,,,,,,,,,,,,,,,
,,,,,,,,,,,,,,,,,,,
,,,,,,,,,,,,,,,,,,,
,,,,,,,,,,,,,,,,,,,
,,,,,,,,,,,,,,,,,,,
,,,,,,,,,,,,,,,,,,,
,,,,,,,,,,,,,,,,,,,
,,,,,,,,,,,,,,,,,,,
,,,,,,,,,,,,,,,,,,,
,,,,,,,,,,,,,,,,,,,
,,,,,,,,,,,,,,,,,,,
,,,,,,,,,,,,,,,,,,,
,,,,,,,,,,,,,,,,,,,
,,,,,,,,,,,,,,,,,,,
,,,,,,,,,,,,,,,,,,,
,,,,,,,,,,,,,,,,,,,
,,,,,,,,,,,,,,,,,,,
,,,,,,,,,,,,,,,,,,,
,,,,,,,,,,,,,,,,,,,
,,,,,,,,,,,,,,,,,,,
,,,,,,,,,,,,,,,,,,,
,,,,,,,,,,,,,,,,,,,
,,,,,,,,,,,,,,,,,,,
,,,,,,,,,,,,,,,,,,,
,,,,,,,,,,,,,,,,,,,
,,,,,,,,,,,,,,,,,,,
,,,,,,,,,,,,,,,,,,,
,,,,,,,,,,,,,,,,,,,
,,,,,,,,,,,,,,,,,,,
,,,,,,,,,,,,,,,,,,,
,,,,,,,,,,,,,,,,,,,
,,,,,,,,,,,,,,,,,,,
,,,,,,,,,,,,,,,,,,,
,,,,,,,,,,,,,,,,,,,
,,,,,,,,,,,,,,,,,,,
,,,,,,,,,,,,,,,,,,,
,,,,,,,,,,,,,,,,,,,
,,,,,,,,,,,,,,,,,,,
,,,,,,,,,,,,,,,,,,,
,,,,,,,,,,,,,,,,,,,
,,,,,,,,,,,,,,,,,,,
,,,,,,,,,,,,,,,,,,,
,,,,,,,,,,,,,,,,,,,
,,,,,,,,,,,,,,,,,,,
,,,,,,,,,,,,,,,,,,,
,,,,,,,,,,,,,,,,,,,
,,,,,,,,,,,,,,,,,,,
,,,,,,,,,,,,,,,,,,,
,,,,,,,,,,,,,,,,,,,
,,,,,,,,,,,,,,,,,,,
,,,,,,,,,,,,,,,,,,,
,,,,,,,,,,,,,,,,,,,
,,,,,,,,,,,,,,,,,,,
,,,,,,,,,,,,,,,,,,,
,,,,,,,,,,,,,,,,,,,
,,,,,,,,,,,,,,,,,,,
,,,,,,,,,,,,,,,,,,,
,,,,,,,,,,,,,,,,,,,
,,,,,,,,,,,,,,,,,,,
,,,,,,,,,,,,,,,,,,,
,,,,,,,,,,,,,,,,,,,
,,,,,,,,,,,,,,,,,,,
,,,,,,,,,,,,,,,,,,,
,,,,,,,,,,,,,,,,,,,
,,,,,,,,,,,,,,,,,,,
,,,,,,,,,,,,,,,,,,,
,,,,,,,,,,,,,,,,,,,
,,,,,,,,,,,,,,,,,,,
,,,,,,,,,,,,,,,,,,,
,,,,,,,,,,,,,,,,,,,
,,,,,,,,,,,,,,,,,,,
,,,,,,,,,,,,,,,,,,,
,,,,,,,,,,,,,,,,,,,
,,,,,,,,,,,,,,,,,,,
,,,,,,,,,,,,,,,,,,,
,,,,,,,,,,,,,,,,,,,
,,,,,,,,,,,,,,,,,,,
,,,,,,,,,,,,,,,,,,,
,,,,,,,,,,,,,,,,,,,
,,,,,,,,,,,,,,,,,,,
,,,,,,,,,,,,,,,,,,,
,,,,,,,,,,,,,,,,,,,
,,,,,,,,,,,,,,,,,,,
,,,,,,,,,,,,,,,,,,,
,,,,,,,,,,,,,,,,,,,
,,,,,,,,,,,,,,,,,,,
,,,,,,,,,,,,,,,,,,,
,,,,,,,,,,,,,,,,,,,
,,,,,,,,,,,,,,,,,,,
,,,,,,,,,,,,,,,,,,,
,,,,,,,,,,,,,,,,,,,
,,,,,,,,,,,,,,,,,,,
,,,,,,,,,,,,,,,,,,,
,,,,,,,,,,,,,,,,,,,
,,,,,,,,,,,,,,,,,,,
,,,,,,,,,,,,,,,,,,,
,,,,,,,,,,,,,,,,,,,
,,,,,,,,,,,,,,,,,,,
,,,,,,,,,,,,,,,,,,,
,,,,,,,,,,,,,,,,,,,
,,,,,,,,,,,,,,,,,,,
,,,,,,,,,,,,,,,,,,,
,,,,,,,,,,,,,,,,,,,
,,,,,,,,,,,,,,,,,,,
,,,,,,,,,,,,,,,,,,,
,,,,,,,,,,,,,,,,,,,
,,,,,,,,,,,,,,,,,,,
,,,,,,,,,,,,,,,,,,,
,,,,,,,,,,,,,,,,,,,
,,,,,,,,,,,,,,,,,,,
,,,,,,,,,,,,,,,,,,,
,,,,,,,,,,,,,,,,,,,
,,,,,,,,,,,,,,,,,,,
,,,,,,,,,,,,,,,,,,,
,,,,,,,,,,,,,,,,,,,
,,,,,,,,,,,,,,,,,,,
,,,,,,,,,,,,,,,,,,,
,,,,,,,,,,,,,,,,,,,
,,,,,,,,,,,,,,,,,,,
,,,,,,,,,,,,,,,,,,,
,,,,,,,,,,,,,,,,,,,
,,,,,,,,,,,,,,,,,,,
,,,,,,,,,,,,,,,,,,,
,,,,,,,,,,,,,,,,,,,
,,,,,,,,,,,,,,,,,,,
,,,,,,,,,,,,,,,,,,,
,,,,,,,,,,,,,,,,,,,
,,,,,,,,,,,,,,,,,,,
,,,,,,,,,,,,,,,,,,,
,,,,,,,,,,,,,,,,,,,
,,,,,,,,,,,,,,,,,,,
,,,,,,,,,,,,,,,,,,,
,,,,,,,,,,,,,,,,,,,
,,,,,,,,,,,,,,,,,,,
,,,,,,,,,,,,,,,,,,,
,,,,,,,,,,,,,,,,,,,
,,,,,,,,,,,,,,,,,,,
,,,,,,,,,,,,,,,,,,,
,,,,,,,,,,,,,,,,,,,
,,,,,,,,,,,,,,,,,,,
,,,,,,,,,,,,,,,,,,,
,,,,,,,,,,,,,,,,,,,
,,,,,,,,,,,,,,,,,,,
,,,,,,,,,,,,,,,,,,,
,,,,,,,,,,,,,,,,,,,
,,,,,,,,,,,,,,,,,,,
,,,,,,,,,,,,,,,,,,,
,,,,,,,,,,,,,,,,,,,
,,,,,,,,,,,,,,,,,,,
,,,,,,,,,,,,,,,,,,,
,,,,,,,,,,,,,,,,,,,
,,,,,,,,,,,,,,,,,,,
,,,,,,,,,,,,,,,,,,,
,,,,,,,,,,,,,,,,,,,
,,,,,,,,,,,,,,,,,,,
,,,,,,,,,,,,,,,,,,,
,,,,,,,,,,,,,,,,,,,
,,,,,,,,,,,,,,,,,,,
,,,,,,,,,,,,,,,,,,,
,,,,,,,,,,,,,,,,,,,
,,,,,,,,,,,,,,,,,,,
,,,,,,,,,,,,,,,,,,,
,,,,,,,,,,,,,,,,,,,
,,,,,,,,,,,,,,,,,,,
,,,,,,,,,,,,,,,,,,,
,,,,,,,,,,,,,,,,,,,
,,,,,,,,,,,,,,,,,,,
,,,,,,,,,,,,,,,,,,,
,,,,,,,,,,,,,,,,,,,
,,,,,,,,,,,,,,,,,,,
,,,,,,,,,,,,,,,,,,,
,,,,,,,,,,,,,,,,,,,
,,,,,,,,,,,,,,,,,,,
,,,,,,,,,,,,,,,,,,,
,,,,,,,,,,,,,,,,,,,
,,,,,,,,,,,,,,,,,,,
,,,,,,,,,,,,,,,,,,,
,,,,,,,,,,,,,,,,,,,
,,,,,,,,,,,,,,,,,,,
,,,,,,,,,,,,,,,,,,,
,,,,,,,,,,,,,,,,,,,
,,,,,,,,,,,,,,,,,,,
,,,,,,,,,,,,,,,,,,,
,,,,,,,,,,,,,,,,,,,
,,,,,,,,,,,,,,,,,,,
,,,,,,,,,,,,,,,,,,,
,,,,,,,,,,,,,,,,,,,
,,,,,,,,,,,,,,,,,,,
,,,,,,,,,,,,,,,,,,,
,,,,,,,,,,,,,,,,,,,
,,,,,,,,,,,,,,,,,,,
,,,,,,,,,,,,,,,,,,,
,,,,,,,,,,,,,,,,,,,
,,,,,,,,,,,,,,,,,,,
,,,,,,,,,,,,,,,,,,,
,,,,,,,,,,,,,,,,,,,
,,,,,,,,,,,,,,,,,,,
,,,,,,,,,,,,,,,,,,,
,,,,,,,,,,,,,,,,,,,
,,,,,,,,,,,,,,,,,,,
,,,,,,,,,,,,,,,,,,,
,,,,,,,,,,,,,,,,,,,
,,,,,,,,,,,,,,,,,,,
,,,,,,,,,,,,,,,,,,,
,,,,,,,,,,,,,,,,,,,
,,,,,,,,,,,,,,,,,,,
,,,,,,,,,,,,,,,,,,,
,,,,,,,,,,,,,,,,,,,
,,,,,,,,,,,,,,,,,,,
,,,,,,,,,,,,,,,,,,,
,,,,,,,,,,,,,,,,,,,
,,,,,,,,,,,,,,,,,,,
,,,,,,,,,,,,,,,,,,,
,,,,,,,,,,,,,,,,,,,
,,,,,,,,,,,,,,,,,,,
,,,,,,,,,,,,,,,,,,,
,,,,,,,,,,,,,,,,,,,
,,,,,,,,,,,,,,,,,,,
,,,,,,,,,,,,,,,,,,,
,,,,,,,,,,,,,,,,,,,
,,,,,,,,,,,,,,,,,,,
,,,,,,,,,,,,,,,,,,,
,,,,,,,,,,,,,,,,,,,
,,,,,,,,,,,,,,,,,,,
,,,,,,,,,,,,,,,,,,,
,,,,,,,,,,,,,,,,,,,
,,,,,,,,,,,,,,,,,,,
,,,,,,,,,,,,,,,,,,,
,,,,,,,,,,,,,,,,,,,
,,,,,,,,,,,,,,,,,,,
,,,,,,,,,,,,,,,,,,,
,,,,,,,,,,,,,,,,,,,
,,,,,,,,,,,,,,,,,,,
,,,,,,,,,,,,,,,,,,,
,,,,,,,,,,,,,,,,,,,
,,,,,,,,,,,,,,,,,,,
,,,,,,,,,,,,,,,,,,,
,,,,,,,,,,,,,,,,,,,
,,,,,,,,,,,,,,,,,,,
,,,,,,,,,,,,,,,,,,,
,,,,,,,,,,,,,,,,,,,
,,,,,,,,,,,,,,,,,,,
,,,,,,,,,,,,,,,,,,,
,,,,,,,,,,,,,,,,,,,
,,,,,,,,,,,,,,,,,,,
,,,,,,,,,,,,,,,,,,,
,,,,,,,,,,,,,,,,,,,
,,,,,,,,,,,,,,,,,,,
,,,,,,,,,,,,,,,,,,,
,,,,,,,,,,,,,,,,,,,
,,,,,,,,,,,,,,,,,,,
,,,,,,,,,,,,,,,,,,,
,,,,,,,,,,,,,,,,,,,
,,,,,,,,,,,,,,,,,,,
,,,,,,,,,,,,,,,,,,,
,,,,,,,,,,,,,,,,,,,
,,,,,,,,,,,,,,,,,,,
,,,,,,,,,,,,,,,,,,,
,,,,,,,,,,,,,,,,,,,
,,,,,,,,,,,,,,,,,,,
,,,,,,,,,,,,,,,,,,,
,,,,,,,,,,,,,,,,,,,
,,,,,,,,,,,,,,,,,,,
,,,,,,,,,,,,,,,,,,,
,,,,,,,,,,,,,,,,,,,
,,,,,,,,,,,,,,,,,,,
,,,,,,,,,,,,,,,,,,,
,,,,,,,,,,,,,,,,,,,
,,,,,,,,,,,,,,,,,,,
,,,,,,,,,,,,,,,,,,,
,,,,,,,,,,,,,,,,,,,
,,,,,,,,,,,,,,,,,,,
,,,,,,,,,,,,,,,,,,,
,,,,,,,,,,,,,,,,,,,
,,,,,,,,,,,,,,,,,,,
,,,,,,,,,,,,,,,,,,,
,,,,,,,,,,,,,,,,,,,
,,,,,,,,,,,,,,,,,,,
,,,,,,,,,,,,,,,,,,,
,,,,,,,,,,,,,,,,,,,
,,,,,,,,,,,,,,,,,,,
,,,,,,,,,,,,,,,,,,,
,,,,,,,,,,,,,,,,,,,
,,,,,,,,,,,,,,,,,,,
,,,,,,,,,,,,,,,,,,,
,,,,,,,,,,,,,,,,,,,
,,,,,,,,,,,,,,,,,,,
,,,,,,,,,,,,,,,,,,,
,,,,,,,,,,,,,,,,,,,
,,,,,,,,,,,,,,,,,,,
,,,,,,,,,,,,,,,,,,,
,,,,,,,,,,,,,,,,,,,
,,,,,,,,,,,,,,,,,,,
,,,,,,,,,,,,,,,,,,,
,,,,,,,,,,,,,,,,,,,
,,,,,,,,,,,,,,,,,,,
,,,,,,,,,,,,,,,,,,,
,,,,,,,,,,,,,,,,,,,
,,,,,,,,,,,,,,,,,,,
,,,,,,,,,,,,,,,,,,,
,,,,,,,,,,,,,,,,,,,
,,,,,,,,,,,,,,,,,,,
,,,,,,,,,,,,,,,,,,,
,,,,,,,,,,,,,,,,,,,
,,,,,,,,,,,,,,,,,,,
,,,,,,,,,,,,,,,,,,,
,,,,,,,,,,,,,,,,,,,
,,,,,,,,,,,,,,,,,,,
,,,,,,,,,,,,,,,,,,,
,,,,,,,,,,,,,,,,,,,
,,,,,,,,,,,,,,,,,,,
,,,,,,,,,,,,,,,,,,,
,,,,,,,,,,,,,,,,,,,
,,,,,,,,,,,,,,,,,,,
,,,,,,,,,,,,,,,,,,,
,,,,,,,,,,,,,,,,,,,
,,,,,,,,,,,,,,,,,,,
,,,,,,,,,,,,,,,,,,,
,,,,,,,,,,,,,,,,,,,
,,,,,,,,,,,,,,,,,,,
,,,,,,,,,,,,,,,,,,,
,,,,,,,,,,,,,,,,,,,
,,,,,,,,,,,,,,,,,,,
,,,,,,,,,,,,,,,,,,,
,,,,,,,,,,,,,,,,,,,
,,,,,,,,,,,,,,,,,,,
,,,,,,,,,,,,,,,,,,,
,,,,,,,,,,,,,,,,,,,
,,,,,,,,,,,,,,,,,,,
,,,,,,,,,,,,,,,,,,,
,,,,,,,,,,,,,,,,,,,
,,,,,,,,,,,,,,,,,,,
,,,,,,,,,,,,,,,,,,,
,,,,,,,,,,,,,,,,,,,
,,,,,,,,,,,,,,,,,,,
,,,,,,,,,,,,,,,,,,,
,,,,,,,,,,,,,,,,,,,
,,,,,,,,,,,,,,,,,,,
,,,,,,,,,,,,,,,,,,,
,,,,,,,,,,,,,,,,,,,
,,,,,,,,,,,,,,,,,,,
,,,,,,,,,,,,,,,,,,,
,,,,,,,,,,,,,,,,,,,
,,,,,,,,,,,,,,,,,,,
,,,,,,,,,,,,,,,,,,,
,,,,,,,,,,,,,,,,,,,
,,,,,,,,,,,,,,,,,,,
,,,,,,,,,,,,,,,,,,,
,,,,,,,,,,,,,,,,,,,
,,,,,,,,,,,,,,,,,,,
,,,,,,,,,,,,,,,,,,,
,,,,,,,,,,,,,,,,,,,
,,,,,,,,,,,,,,,,,,,
,,,,,,,,,,,,,,,,,,,
,,,,,,,,,,,,,,,,,,,
,,,,,,,,,,,,,,,,,,,
,,,,,,,,,,,,,,,,,,,
,,,,,,,,,,,,,,,,,,,
,,,,,,,,,,,,,,,,,,,
,,,,,,,,,,,,,,,,,,,
,,,,,,,,,,,,,,,,,,,
,,,,,,,,,,,,,,,,,,,
,,,,,,,,,,,,,,,,,,,
,,,,,,,,,,,,,,,,,,,
,,,,,,,,,,,,,,,,,,,
,,,,,,,,,,,,,,,,,,,
,,,,,,,,,,,,,,,,,,,
,,,,,,,,,,,,,,,,,,,
,,,,,,,,,,,,,,,,,,,
,,,,,,,,,,,,,,,,,,,
,,,,,,,,,,,,,,,,,,,
,,,,,,,,,,,,,,,,,,,
,,,,,,,,,,,,,,,,,,,
,,,,,,,,,,,,,,,,,,,
,,,,,,,,,,,,,,,,,,,
,,,,,,,,,,,,,,,,,,,
,,,,,,,,,,,,,,,,,,,
,,,,,,,,,,,,,,,,,,,
,,,,,,,,,,,,,,,,,,,
,,,,,,,,,,,,,,,,,,,
,,,,,,,,,,,,,,,,,,,
,,,,,,,,,,,,,,,,,,,
,,,,,,,,,,,,,,,,,,,
,,,,,,,,,,,,,,,,,,,
,,,,,,,,,,,,,,,,,,,
,,,,,,,,,,,,,,,,,,,
,,,,,,,,,,,,,,,,,,,
,,,,,,,,,,,,,,,,,,,
,,,,,,,,,,,,,,,,,,,
,,,,,,,,,,,,,,,,,,,
,,,,,,,,,,,,,,,,,,,
,,,,,,,,,,,,,,,,,,,
,,,,,,,,,,,,,,,,,,,
,,,,,,,,,,,,,,,,,,,
,,,,,,,,,,,,,,,,,,,
,,,,,,,,,,,,,,,,,,,
,,,,,,,,,,,,,,,,,,,
,,,,,,,,,,,,,,,,,,,
,,,,,,,,,,,,,,,,,,,
,,,,,,,,,,,,,,,,,,,
,,,,,,,,,,,,,,,,,,,
,,,,,,,,,,,,,,,,,,,
,,,,,,,,,,,,,,,,,,,
,,,,,,,,,,,,,,,,,,,
,,,,,,,,,,,,,,,,,,,
,,,,,,,,,,,,,,,,,,,
,,,,,,,,,,,,,,,,,,,
,,,,,,,,,,,,,,,,,,,
,,,,,,,,,,,,,,,,,,,
,,,,,,,,,,,,,,,,,,,
,,,,,,,,,,,,,,,,,,,
,,,,,,,,,,,,,,,,,,,
,,,,,,,,,,,,,,,,,,,
,,,,,,,,,,,,,,,,,,,
,,,,,,,,,,,,,,,,,,,
,,,,,,,,,,,,,,,,,,,
,,,,,,,,,,,,,,,,,,,
,,,,,,,,,,,,,,,,,,,
,,,,,,,,,,,,,,,,,,,
,,,,,,,,,,,,,,,,,,,
,,,,,,,,,,,,,,,,,,,
,,,,,,,,,,,,,,,,,,,
,,,,,,,,,,,,,,,,,,,
,,,,,,,,,,,,,,,,,,,
,,,,,,,,,,,,,,,,,,,
,,,,,,,,,,,,,,,,,,,
,,,,,,,,,,,,,,,,,,,
,,,,,,,,,,,,,,,,,,,
,,,,,,,,,,,,,,,,,,,
,,,,,,,,,,,,,,,,,,,
,,,,,,,,,,,,,,,,,,,
,,,,,,,,,,,,,,,,,,,
,,,,,,,,,,,,,,,,,,,
,,,,,,,,,,,,,,,,,,,
,,,,,,,,,,,,,,,,,,,
,,,,,,,,,,,,,,,,,,,
,,,,,,,,,,,,,,,,,,,
,,,,,,,,,,,,,,,,,,,
,,,,,,,,,,,,,,,,,,,
,,,,,,,,,,,,,,,,,,,
,,,,,,,,,,,,,,,,,,,
,,,,,,,,,,,,,,,,,,,
,,,,,,,,,,,,,,,,,,,
,,,,,,,,,,,,,,,,,,,
,,,,,,,,,,,,,,,,,,,
,,,,,,,,,,,,,,,,,,,
,,,,,,,,,,,,,,,,,,,
,,,,,,,,,,,,,,,,,,,
,,,,,,,,,,,,,,,,,,,
,,,,,,,,,,,,,,,,,,,
,,,,,,,,,,,,,,,,,,,
,,,,,,,,,,,,,,,,,,,
,,,,,,,,,,,,,,,,,,,
,,,,,,,,,,,,,,,,,,,
,,,,,,,,,,,,,,,,,,,
,,,,,,,,,,,,,,,,,,,
,,,,,,,,,,,,,,,,,,,
,,,,,,,,,,,,,,,,,,,
,,,,,,,,,,,,,,,,,,,
,,,,,,,,,,,,,,,,,,,
,,,,,,,,,,,,,,,,,,,
,,,,,,,,,,,,,,,,,,,
,,,,,,,,,,,,,,,,,,,
,,,,,,,,,,,,,,,,,,,
,,,,,,,,,,,,,,,,,,,
,,,,,,,,,,,,,,,,,,,
,,,,,,,,,,,,,,,,,,,
,,,,,,,,,,,,,,,,,,,
,,,,,,,,,,,,,,,,,,,
,,,,,,,,,,,,,,,,,,,
,,,,,,,,,,,,,,,,,,,
,,,,,,,,,,,,,,,,,,,
,,,,,,,,,,,,,,,,,,,
,,,,,,,,,,,,,,,,,,,
,,,,,,,,,,,,,,,,,,,
,,,,,,,,,,,,,,,,,,,
,,,,,,,,,,,,,,,,,,,
,,,,,,,,,,,,,,,,,,,
,,,,,,,,,,,,,,,,,,,
,,,,,,,,,,,,,,,,,,,
,,,,,,,,,,,,,,,,,,,
,,,,,,,,,,,,,,,,,,,
,,,,,,,,,,,,,,,,,,,
,,,,,,,,,,,,,,,,,,,
,,,,,,,,,,,,,,,,,,,
,,,,,,,,,,,,,,,,,,,
,,,,,,,,,,,,,,,,,,,
,,,,,,,,,,,,,,,,,,,
,,,,,,,,,,,,,,,,,,,
,,,,,,,,,,,,,,,,,,,
,,,,,,,,,,,,,,,,,,,
,,,,,,,,,,,,,,,,,,,
,,,,,,,,,,,,,,,,,,,
,,,,,,,,,,,,,,,,,,,
,,,,,,,,,,,,,,,,,,,
,,,,,,,,,,,,,,,,,,,
,,,,,,,,,,,,,,,,,,,
,,,,,,,,,,,,,,,,,,,
,,,,,,,,,,,,,,,,,,,
,,,,,,,,,,,,,,,,,,,
,,,,,,,,,,,,,,,,,,,
,,,,,,,,,,,,,,,,,,,
,,,,,,,,,,,,,,,,,,,
,,,,,,,,,,,,,,,,,,,
,,,,,,,,,,,,,,,,,,,
,,,,,,,,,,,,,,,,,,,
,,,,,,,,,,,,,,,,,,,
,,,,,,,,,,,,,,,,,,,
,,,,,,,,,,,,,,,,,,,
,,,,,,,,,,,,,,,,,,,
,,,,,,,,,,,,,,,,,,,
,,,,,,,,,,,,,,,,,,,
,,,,,,,,,,,,,,,,,,,
,,,,,,,,,,,,,,,,,,,
,,,,,,,,,,,,,,,,,,,
,,,,,,,,,,,,,,,,,,,
,,,,,,,,,,,,,,,,,,,
,,,,,,,,,,,,,,,,,,,
,,,,,,,,,,,,,,,,,,,
,,,,,,,,,,,,,,,,,,,
,,,,,,,,,,,,,,,,,,,
,,,,,,,,,,,,,,,,,,,
,,,,,,,,,,,,,,,,,,,
,,,,,,,,,,,,,,,,,,,
,,,,,,,,,,,,,,,,,,,
,,,,,,,,,,,,,,,,,,,
,,,,,,,,,,,,,,,,,,,
,,,,,,,,,,,,,,,,,,,
,,,,,,,,,,,,,,,,,,,
,,,,,,,,,,,,,,,,,,,
,,,,,,,,,,,,,,,,,,,
,,,,,,,,,,,,,,,,,,,
,,,,,,,,,,,,,,,,,,,
,,,,,,,,,,,,,,,,,,,
,,,,,,,,,,,,,,,,,,,
,,,,,,,,,,,,,,,,,,,
,,,,,,,,,,,,,,,,,,,
,,,,,,,,,,,,,,,,,,,
,,,,,,,,,,,,,,,,,,,
,,,,,,,,,,,,,,,,,,,
,,,,,,,,,,,,,,,,,,,
,,,,,,,,,,,,,,,,,,,
,,,,,,,,,,,,,,,,,,,
,,,,,,,,,,,,,,,,,,,
,,,,,,,,,,,,,,,,,,,
,,,,,,,,,,,,,,,,,,,
,,,,,,,,,,,,,,,,,,,
,,,,,,,,,,,,,,,,,,,
,,,,,,,,,,,,,,,,,,,
,,,,,,,,,,,,,,,,,,,
,,,,,,,,,,,,,,,,,,,
,,,,,,,,,,,,,,,,,,,
,,,,,,,,,,,,,,,,,,,
,,,,,,,,,,,,,,,,,,,
,,,,,,,,,,,,,,,,,,,
,,,,,,,,,,,,,,,,,,,
,,,,,,,,,,,,,,,,,,,
,,,,,,,,,,,,,,,,,,,
,,,,,,,,,,,,,,,,,,,
,,,,,,,,,,,,,,,,,,,
,,,,,,,,,,,,,,,,,,,
,,,,,,,,,,,,,,,,,,,
,,,,,,,,,,,,,,,,,,,
,,,,,,,,,,,,,,,,,,,
,,,,,,,,,,,,,,,,,,,
,,,,,,,,,,,,,,,,,,,
,,,,,,,,,,,,,,,,,,,
,,,,,,,,,,,,,,,,,,,
,,,,,,,,,,,,,,,,,,,
,,,,,,,,,,,,,,,,,,,
,,,,,,,,,,,,,,,,,,,
,,,,,,,,,,,,,,,,,,,
,,,,,,,,,,,,,,,,,,,
,,,,,,,,,,,,,,,,,,,
,,,,,,,,,,,,,,,,,,,
,,,,,,,,,,,,,,,,,,,
,,,,,,,,,,,,,,,,,,,
,,,,,,,,,,,,,,,,,,,
,,,,,,,,,,,,,,,,,,,
,,,,,,,,,,,,,,,,,,,
,,,,,,,,,,,,,,,,,,,
,,,,,,,,,,,,,,,,,,,
,,,,,,,,,,,,,,,,,,,
,,,,,,,,,,,,,,,,,,,
,,,,,,,,,,,,,,,,,,,
,,,,,,,,,,,,,,,,,,,
,,,,,,,,,,,,,,,,,,,
,,,,,,,,,,,,,,,,,,,
,,,,,,,,,,,,,,,,,,,
,,,,,,,,,,,,,,,,,,,
,,,,,,,,,,,,,,,,,,,
,,,,,,,,,,,,,,,,,,,
,,,,,,,,,,,,,,,,,,,
,,,,,,,,,,,,,,,,,,,
,,,,,,,,,,,,,,,,,,,
,,,,,,,,,,,,,,,,,,,
,,,,,,,,,,,,,,,,,,,
,,,,,,,,,,,,,,,,,,,
,,,,,,,,,,,,,,,,,,,
,,,,,,,,,,,,,,,,,,,
,,,,,,,,,,,,,,,,,,,
,,,,,,,,,,,,,,,,,,,
,,,,,,,,,,,,,,,,,,,
,,,,,,,,,,,,,,,,,,,
,,,,,,,,,,,,,,,,,,,
,,,,,,,,,,,,,,,,,,,
,,,,,,,,,,,,,,,,,,,
,,,,,,,,,,,,,,,,,,,
,,,,,,,,,,,,,,,,,,,
,,,,,,,,,,,,,,,,,,,
,,,,,,,,,,,,,,,,,,,
,,,,,,,,,,,,,,,,,,,
,,,,,,,,,,,,,,,,,,,
,,,,,,,,,,,,,,,,,,,
,,,,,,,,,,,,,,,,,,,
,,,,,,,,,,,,,,,,,,,
,,,,,,,,,,,,,,,,,,,
,,,,,,,,,,,,,,,,,,,
,,,,,,,,,,,,,,,,,,,
,,,,,,,,,,,,,,,,,,,
,,,,,,,,,,,,,,,,,,,
,,,,,,,,,,,,,,,,,,,
,,,,,,,,,,,,,,,,,,,
,,,,,,,,,,,,,,,,,,,
,,,,,,,,,,,,,,,,,,,
,,,,,,,,,,,,,,,,,,,
,,,,,,,,,,,,,,,,,,,
,,,,,,,,,,,,,,,,,,,
,,,,,,,,,,,,,,,,,,,
,,,,,,,,,,,,,,,,,,,
,,,,,,,,,,,,,,,,,,,
,,,,,,,,,,,,,,,,,,,
,,,,,,,,,,,,,,,,,,,
,,,,,,,,,,,,,,,,,,,
,,,,,,,,,,,,,,,,,,,
,,,,,,,,,,,,,,,,,,,
,,,,,,,,,,,,,,,,,,,
,,,,,,,,,,,,,,,,,,,
,,,,,,,,,,,,,,,,,,,
,,,,,,,,,,,,,,,,,,,
,,,,,,,,,,,,,,,,,,,
,,,,,,,,,,,,,,,,,,,
,,,,,,,,,,,,,,,,,,,
,,,,,,,,,,,,,,,,,,,
,,,,,,,,,,,,,,,,,,,
,,,,,,,,,,,,,,,,,,,
,,,,,,,,,,,,,,,,,,,
,,,,,,,,,,,,,,,,,,,
,,,,,,,,,,,,,,,,,,,
,,,,,,,,,,,,,,,,,,,
,,,,,,,,,,,,,,,,,,,
,,,,,,,,,,,,,,,,,,,
,,,,,,,,,,,,,,,,,,,
,,,,,,,,,,,,,,,,,,,
,,,,,,,,,,,,,,,,,,,
,,,,,,,,,,,,,,,,,,,
,,,,,,,,,,,,,,,,,,,
,,,,,,,,,,,,,,,,,,,
,,,,,,,,,,,,,,,,,,,
,,,,,,,,,,,,,,,,,,,
,,,,,,,,,,,,,,,,,,,
,,,,,,,,,,,,,,,,,,,
,,,,,,,,,,,,,,,,,,,
,,,,,,,,,,,,,,,,,,,
,,,,,,,,,,,,,,,,,,,
,,,,,,,,,,,,,,,,,,,
,,,,,,,,,,,,,,,,,,,
,,,,,,,,,,,,,,,,,,,
,,,,,,,,,,,,,,,,,,,
,,,,,,,,,,,,,,,,,,,
,,,,,,,,,,,,,,,,,,,
,,,,,,,,,,,,,,,,,,,
,,,,,,,,,,,,,,,,,,,
,,,,,,,,,,,,,,,,,,,
,,,,,,,,,,,,,,,,,,,
,,,,,,,,,,,,,,,,,,,
,,,,,,,,,,,,,,,,,,,
,,,,,,,,,,,,,,,,,,,
,,,,,,,,,,,,,,,,,,,
,,,,,,,,,,,,,,,,,,,
,,,,,,,,,,,,,,,,,,,
,,,,,,,,,,,,,,,,,,,
,,,,,,,,,,,,,,,,,,,
,,,,,,,,,,,,,,,,,,,
,,,,,,,,,,,,,,,,,,,
,,,,,,,,,,,,,,,,,,,
,,,,,,,,,,,,,,,,,,,
,,,,,,,,,,,,,,,,,,,
,,,,,,,,,,,,,,,,,,,
,,,,,,,,,,,,,,,,,,,
,,,,,,,,,,,,,,,,,,,
,,,,,,,,,,,,,,,,,,,
,,,,,,,,,,,,,,,,,,,
,,,,,,,,,,,,,,,,,,,
,,,,,,,,,,,,,,,,,,,
,,,,,,,,,,,,,,,,,,,
,,,,,,,,,,,,,,,,,,,
,,,,,,,,,,,,,,,,,,,
,,,,,,,,,,,,,,,,,,,
,,,,,,,,,,,,,,,,,,,
,,,,,,,,,,,,,,,,,,,
,,,,,,,,,,,,,,,,,,,
,,,,,,,,,,,,,,,,,,,
,,,,,,,,,,,,,,,,,,,
,,,,,,,,,,,,,,,,,,,
,,,,,,,,,,,,,,,,,,,
,,,,,,,,,,,,,,,,,,,
,,,,,,,,,,,,,,,,,,,
,,,,,,,,,,,,,,,,,,,
,,,,,,,,,,,,,,,,,,,
,,,,,,,,,,,,,,,,,,,
,,,,,,,,,,,,,,,,,,,
,,,,,,,,,,,,,,,,,,,
,,,,,,,,,,,,,,,,,,,
,,,,,,,,,,,,,,,,,,,
,,,,,,,,,,,,,,,,,,,
,,,,,,,,,,,,,,,,,,,
,,,,,,,,,,,,,,,,,,,
,,,,,,,,,,,,,,,,,,,
,,,,,,,,,,,,,,,,,,,
,,,,,,,,,,,,,,,,,,,
,,,,,,,,,,,,,,,,,,,
,,,,,,,,,,,,,,,,,,,
,,,,,,,,,,,,,,,,,,,
,,,,,,,,,,,,,,,,,,,
,,,,,,,,,,,,,,,,,,,
,,,,,,,,,,,,,,,,,,,
,,,,,,,,,,,,,,,,,,,
,,,,,,,,,,,,,,,,,,,
,,,,,,,,,,,,,,,,,,,
,,,,,,,,,,,,,,,,,,,
,,,,,,,,,,,,,,,,,,,
,,,,,,,,,,,,,,,,,,,
,,,,,,,,,,,,,,,,,,,
,,,,,,,,,,,,,,,,,,,
,,,,,,,,,,,,,,,,,,,
,,,,,,,,,,,,,,,,,,,
,,,,,,,,,,,,,,,,,,,
,,,,,,,,,,,,,,,,,,,
,,,,,,,,,,,,,,,,,,,
,,,,,,,,,,,,,,,,,,,
,,,,,,,,,,,,,,,,,,,
,,,,,,,,,,,,,,,,,,,
,,,,,,,,,,,,,,,,,,,
,,,,,,,,,,,,,,,,,,,
,,,,,,,,,,,,,,,,,,,
,,,,,,,,,,,,,,,,,,,
,,,,,,,,,,,,,,,,,,,
,,,,,,,,,,,,,,,,,,,
,,,,,,,,,,,,,,,,,,,
,,,,,,,,,,,,,,,,,,,
,,,,,,,,,,,,,,,,,,,
,,,,,,,,,,,,,,,,,,,
,,,,,,,,,,,,,,,,,,,
,,,,,,,,,,,,,,,,,,,
,,,,,,,,,,,,,,,,,,,
,,,,,,,,,,,,,,,,,,,
,,,,,,,,,,,,,,,,,,,
,,,,,,,,,,,,,,,,,,,
,,,,,,,,,,,,,,,,,,,
,,,,,,,,,,,,,,,,,,,
,,,,,,,,,,,,,,,,,,,
,,,,,,,,,,,,,,,,,,,
,,,,,,,,,,,,,,,,,,,
,,,,,,,,,,,,,,,,,,,
,,,,,,,,,,,,,,,,,,,
,,,,,,,,,,,,,,,,,,,
,,,,,,,,,,,,,,,,,,,
,,,,,,,,,,,,,,,,,,,
,,,,,,,,,,,,,,,,,,,
,,,,,,,,,,,,,,,,,,,
,,,,,,,,,,,,,,,,,,,
,,,,,,,,,,,,,,,,,,,
,,,,,,,,,,,,,,,,,,,
,,,,,,,,,,,,,,,,,,,
,,,,,,,,,,,,,,,,,,,
,,,,,,,,,,,,,,,,,,,
,,,,,,,,,,,,,,,,,,,
,,,,,,,,,,,,,,,,,,,
,,,,,,,,,,,,,,,,,,,
,,,,,,,,,,,,,,,,,,,
,,,,,,,,,,,,,,,,,,,
,,,,,,,,,,,,,,,,,,,
,,,,,,,,,,,,,,,,,,,
,,,,,,,,,,,,,,,,,,,
,,,,,,,,,,,,,,,,,,,
,,,,,,,,,,,,,,,,,,,
,,,,,,,,,,,,,,,,,,,
,,,,,,,,,,,,,,,,,,,
,,,,,,,,,,,,,,,,,,,
,,,,,,,,,,,,,,,,,,,
,,,,,,,,,,,,,,,,,,,
,,,,,,,,,,,,,,,,,,,
,,,,,,,,,,,,,,,,,,,
,,,,,,,,,,,,,,,,,,,
,,,,,,,,,,,,,,,,,,,
,,,,,,,,,,,,,,,,,,,
,,,,,,,,,,,,,,,,,,,
,,,,,,,,,,,,,,,,,,,
,,,,,,,,,,,,,,,,,,,
,,,,,,,,,,,,,,,,,,,
,,,,,,,,,,,,,,,,,,,
,,,,,,,,,,,,,,,,,,,
,,,,,,,,,,,,,,,,,,,
,,,,,,,,,,,,,,,,,,,
,,,,,,,,,,,,,,,,,,,
,,,,,,,,,,,,,,,,,,,
,,,,,,,,,,,,,,,,,,,
,,,,,,,,,,,,,,,,,,,
,,,,,,,,,,,,,,,,,,,
,,,,,,,,,,,,,,,,,,,
,,,,,,,,,,,,,,,,,,,
,,,,,,,,,,,,,,,,,,,
,,,,,,,,,,,,,,,,,,,
,,,,,,,,,,,,,,,,,,,
,,,,,,,,,,,,,,,,,,,
,,,,,,,,,,,,,,,,,,,
,,,,,,,,,,,,,,,,,,,
,,,,,,,,,,,,,,,,,,,
,,,,,,,,,,,,,,,,,,,
,,,,,,,,,,,,,,,,,,,
,,,,,,,,,,,,,,,,,,,
,,,,,,,,,,,,,,,,,,,
,,,,,,,,,,,,,,,,,,,
,,,,,,,,,,,,,,,,,,,
,,,,,,,,,,,,,,,,,,,
,,,,,,,,,,,,,,,,,,,
,,,,,,,,,,,,,,,,,,,
,,,,,,,,,,,,,,,,,,,
,,,,,,,,,,,,,,,,,,,
,,,,,,,,,,,,,,,,,,,
,,,,,,,,,,,,,,,,,,,
,,,,,,,,,,,,,,,,,,,
,,,,,,,,,,,,,,,,,,,
,,,,,,,,,,,,,,,,,,,
,,,,,,,,,,,,,,,,,,,
,,,,,,,,,,,,,,,,,,,
,,,,,,,,,,,,,,,,,,,
,,,,,,,,,,,,,,,,,,,
,,,,,,,,,,,,,,,,,,,
,,,,,,,,,,,,,,,,,,,
,,,,,,,,,,,,,,,,,,,
,,,,,,,,,,,,,,,,,,,
,,,,,,,,,,,,,,,,,,,
,,,,,,,,,,,,,,,,,,,
,,,,,,,,,,,,,,,,,,,
,,,,,,,,,,,,,,,,,,,
,,,,,,,,,,,,,,,,,,,
,,,,,,,,,,,,,,,,,,,
,,,,,,,,,,,,,,,,,,,
,,,,,,,,,,,,,,,,,,,
,,,,,,,,,,,,,,,,,,,
,,,,,,,,,,,,,,,,,,,
,,,,,,,,,,,,,,,,,,,
,,,,,,,,,,,,,,,,,,,
,,,,,,,,,,,,,,,,,,,
,,,,,,,,,,,,,,,,,,,
,,,,,,,,,,,,,,,,,,,
,,,,,,,,,,,,,,,,,,,
,,,,,,,,,,,,,,,,,,,
,,,,,,,,,,,,,,,,,,,
,,,,,,,,,,,,,,,,,,,
,,,,,,,,,,,,,,,,,,,
,,,,,,,,,,,,,,,,,,,
,,,,,,,,,,,,,,,,,,,
,,,,,,,,,,,,,,,,,,,
,,,,,,,,,,,,,,,,,,,
,,,,,,,,,,,,,,,,,,,
,,,,,,,,,,,,,,,,,,,
,,,,,,,,,,,,,,,,,,,
,,,,,,,,,,,,,,,,,,,
,,,,,,,,,,,,,,,,,,,
,,,,,,,,,,,,,,,,,,,
,,,,,,,,,,,,,,,,,,,
,,,,,,,,,,,,,,,,,,,
,,,,,,,,,,,,,,,,,,,
,,,,,,,,,,,,,,,,,,,
,,,,,,,,,,,,,,,,,,,
,,,,,,,,,,,,,,,,,,,
,,,,,,,,,,,,,,,,,,,
,,,,,,,,,,,,,,,,,,,
,,,,,,,,,,,,,,,,,,,
,,,,,,,,,,,,,,,,,,,
,,,,,,,,,,,,,,,,,,,
,,,,,,,,,,,,,,,,,,,
,,,,,,,,,,,,,,,,,,,
,,,,,,,,,,,,,,,,,,,
,,,,,,,,,,,,,,,,,,,
,,,,,,,,,,,,,,,,,,,
,,,,,,,,,,,,,,,,,,,
,,,,,,,,,,,,,,,,,,,
,,,,,,,,,,,,,,,,,,,
,,,,,,,,,,,,,,,,,,,
,,,,,,,,,,,,,,,,,,,
,,,,,,,,,,,,,,,,,,,
,,,,,,,,,,,,,,,,,,,
,,,,,,,,,,,,,,,,,,,
,,,,,,,,,,,,,,,,,,,
,,,,,,,,,,,,,,,,,,,
,,,,,,,,,,,,,,,,,,,
,,,,,,,,,,,,,,,,,,,
,,,,,,,,,,,,,,,,,,,
,,,,,,,,,,,,,,,,,,,
,,,,,,,,,,,,,,,,,,,
,,,,,,,,,,,,,,,,,,,
,,,,,,,,,,,,,,,,,,,
,,,,,,,,,,,,,,,,,,,
,,,,,,,,,,,,,,,,,,,
,,,,,,,,,,,,,,,,,,,
,,,,,,,,,,,,,,,,,,,
,,,,,,,,,,,,,,,,,,,
,,,,,,,,,,,,,,,,,,,
,,,,,,,,,,,,,,,,,,,
,,,,,,,,,,,,,,,,,,,
,,,,,,,,,,,,,,,,,,,
,,,,,,,,,,,,,,,,,,,
,,,,,,,,,,,,,,,,,,,
,,,,,,,,,,,,,,,,,,,
,,,,,,,,,,,,,,,,,,,
,,,,,,,,,,,,,,,,,,,
,,,,,,,,,,,,,,,,,,,
,,,,,,,,,,,,,,,,,,,
,,,,,,,,,,,,,,,,,,,
,,,,,,,,,,,,,,,,,,,
,,,,,,,,,,,,,,,,,,,
,,,,,,,,,,,,,,,,,,,
,,,,,,,,,,,,,,,,,,,
,,,,,,,,,,,,,,,,,,,
,,,,,,,,,,,,,,,,,,,
,,,,,,,,,,,,,,,,,,,
,,,,,,,,,,,,,,,,,,,
,,,,,,,,,,,,,,,,,,,
,,,,,,,,,,,,,,,,,,,
,,,,,,,,,,,,,,,,,,,
,,,,,,,,,,,,,,,,,,,
,,,,,,,,,,,,,,,,,,,
,,,,,,,,,,,,,,,,,,,
,,,,,,,,,,,,,,,,,,,
,,,,,,,,,,,,,,,,,,,
,,,,,,,,,,,,,,,,,,,
,,,,,,,,,,,,,,,,,,,
,,,,,,,,,,,,,,,,,,,
,,,,,,,,,,,,,,,,,,,
,,,,,,,,,,,,,,,,,,,
,,,,,,,,,,,,,,,,,,,
,,,,,,,,,,,,,,,,,,,
,,,,,,,,,,,,,,,,,,,
,,,,,,,,,,,,,,,,,,,
,,,,,,,,,,,,,,,,,,,
,,,,,,,,,,,,,,,,,,,
,,,,,,,,,,,,,,,,,,,
,,,,,,,,,,,,,,,,,,,
,,,,,,,,,,,,,,,,,,,
,,,,,,,,,,,,,,,,,,,
,,,,,,,,,,,,,,,,,,,
,,,,,,,,,,,,,,,,,,,
,,,,,,,,,,,,,,,,,,,
,,,,,,,,,,,,,,,,,,,
,,,,,,,,,,,,,,,,,,,
,,,,,,,,,,,,,,,,,,,
,,,,,,,,,,,,,,,,,,,
,,,,,,,,,,,,,,,,,,,
,,,,,,,,,,,,,,,,,,,
,,,,,,,,,,,,,,,,,,,
,,,,,,,,,,,,,,,,,,,
,,,,,,,,,,,,,,,,,,,
,,,,,,,,,,,,,,,,,,,
,,,,,,,,,,,,,,,,,,,
,,,,,,,,,,,,,,,,,,,
,,,,,,,,,,,,,,,,,,,
,,,,,,,,,,,,,,,,,,,
,,,,,,,,,,,,,,,,,,,
,,,,,,,,,,,,,,,,,,,
,,,,,,,,,,,,,,,,,,,
,,,,,,,,,,,,,,,,,,,
,,,,,,,,,,,,,,,,,,,
,,,,,,,,,,,,,,,,,,,
,,,,,,,,,,,,,,,,,,,
,,,,,,,,,,,,,,,,,,,
,,,,,,,,,,,,,,,,,,,
,,,,,,,,,,,,,,,,,,,
,,,,,,,,,,,,,,,,,,,
,,,,,,,,,,,,,,,,,,,
,,,,,,,,,,,,,,,,,,,
,,,,,,,,,,,,,,,,,,,
,,,,,,,,,,,,,,,,,,,
,,,,,,,,,,,,,,,,,,,
,,,,,,,,,,,,,,,,,,,
,,,,,,,,,,,,,,,,,,,
,,,,,,,,,,,,,,,,,,,
,,,,,,,,,,,,,,,,,,,